Watching for file changes with StatReloader
[18/Mar/2025 12:34:30] "GET / HTTP/1.0" 302 0
[18/Mar/2025 12:34:30] "GET /accounts/login/?next=/ HTTP/1.0" 200 55096
[18/Mar/2025 12:34:55] "GET /accounts/login/?next=/ HTTP/1.0" 200 55096
[18/Mar/2025 12:35:01] "GET /a HTTP/1.0" 301 0
[18/Mar/2025 12:35:01] "GET /a/ HTTP/1.0" 302 0
[18/Mar/2025 12:35:01] "GET /accounts/login/?next=/a/ HTTP/1.0" 200 55098
[18/Mar/2025 12:35:04] "GET /index/ HTTP/1.0" 302 0
[18/Mar/2025 12:35:04] "GET /accounts/login/?next=/index/ HTTP/1.0" 200 55102
[18/Mar/2025 12:35:30] "POST /accounts/login/ HTTP/1.0" 200 55298
Watching for file changes with StatReloader
Error: That port is already in use.
[18/Mar/2025 12:38:10] "GET /accounts/login/ HTTP/1.0" 200 55095
[18/Mar/2025 12:38:21] "POST /accounts/login/ HTTP/1.0" 302 0
[18/Mar/2025 12:38:21] "GET /accounts/dashboard/ HTTP/1.0" 200 44863
[18/Mar/2025 12:41:28] "GET /admin/ HTTP/1.0" 302 0
[18/Mar/2025 12:41:28] "GET /admin/login/?next=/admin/ HTTP/1.0" 200 4160
[18/Mar/2025 12:41:29] "GET /favicon.ico HTTP/1.0" 301 0
[18/Mar/2025 12:41:29] "GET /favicon.ico/ HTTP/1.0" 302 0
[18/Mar/2025 12:41:29] "GET /accounts/login/?next=/favicon.ico/ HTTP/1.0" 200 55108
[18/Mar/2025 12:41:52] "POST /admin/login/?next=/admin/ HTTP/1.0" 302 0
[18/Mar/2025 12:41:52] "GET /admin/ HTTP/1.0" 200 12070
[18/Mar/2025 12:41:52] "GET /favicon.ico/ HTTP/1.0" 200 48472
[18/Mar/2025 12:41:57] "GET /admin/ HTTP/1.0" 200 12070
[18/Mar/2025 12:41:57] "GET /favicon.ico/ HTTP/1.0" 200 48472
[18/Mar/2025 12:42:01] "GET /admin/accounts/user/ HTTP/1.0" 200 15053
[18/Mar/2025 12:42:01] "GET /admin/jsi18n/ HTTP/1.0" 200 3342
[18/Mar/2025 12:42:02] "GET /favicon.ico/ HTTP/1.0" 200 48472
[18/Mar/2025 12:44:17] "GET / HTTP/1.0" 302 0
[18/Mar/2025 12:44:17] "GET /accounts/login/?next=/ HTTP/1.0" 200 55096
[18/Mar/2025 12:49:52] "GET /accounts/login/?next=/ HTTP/1.0" 200 55096
[18/Mar/2025 12:54:28] "GET /accounts/dashboard/ HTTP/1.0" 200 44863
[18/Mar/2025 12:54:36] "GET / HTTP/1.0" 200 10976
[18/Mar/2025 12:54:38] "GET /favicon.ico HTTP/1.0" 301 0
[18/Mar/2025 12:54:38] "GET /favicon.ico/ HTTP/1.0" 200 48472
Watching for file changes with StatReloader
Error: That port is already in use.
[18/Mar/2025 12:57:57] "GET / HTTP/1.0" 200 10976
[18/Mar/2025 12:58:00] "GET /favicon.ico/ HTTP/1.0" 200 48472
[18/Mar/2025 12:58:13] "GET /accounts/login/?next=/ HTTP/1.0" 200 55096
[18/Mar/2025 12:58:56] "GET / HTTP/1.0" 302 0
[18/Mar/2025 12:58:57] "GET /accounts/login/?next=/ HTTP/1.0" 200 55096
[18/Mar/2025 12:59:11] "GET /accounts/login/?next=/ HTTP/1.0" 200 55096
/var/www/kalakar/src/payment/views.py changed, reloading.
Performing system checks...

System check identified no issues (0 silenced).
March 18, 2025 - 12:34:23
Django version 5.1.4, using settings 'root.settings'
Starting development server at http://0.0.0.0:8000/
Quit the server with CONTROL-C.

Watching for file changes with StatReloader
[18/Mar/2025 12:59:22] "GET / HTTP/1.0" 200 10976
[18/Mar/2025 12:59:25] "GET /favicon.ico/ HTTP/1.0" 200 48472
Not Found: /.well-known/hostinger-challenge/OrNQINGkXk
[18/Mar/2025 13:06:43] "GET /.well-known/hostinger-challenge/OrNQINGkXk HTTP/1.0" 404 3921
Not Found: /.well-known/hchallenge/8823570111b9b2a87a248ac44500824c149f073c6c9b28c8e870fa94340707f14ddfc36affbc2fb52c4fad9892e2e14ec3c39b5cf1fac9b4dbf2d33633156737
[18/Mar/2025 13:06:43] "GET /.well-known/hchallenge/8823570111b9b2a87a248ac44500824c149f073c6c9b28c8e870fa94340707f14ddfc36affbc2fb52c4fad9892e2e14ec3c39b5cf1fac9b4dbf2d33633156737 HTTP/1.0" 404 4248
[18/Mar/2025 13:10:46] "GET / HTTP/1.0" 302 0
[18/Mar/2025 13:12:12] "GET / HTTP/1.0" 200 10976
[18/Mar/2025 13:12:14] "GET /favicon.ico/ HTTP/1.0" 200 48472
[18/Mar/2025 13:12:22] "GET /favicon.ico/ HTTP/1.0" 200 48472
[18/Mar/2025 13:50:20] "GET / HTTP/1.0" 302 0
[18/Mar/2025 13:50:21] "GET /accounts/login/?next=/ HTTP/1.0" 200 55096
[18/Mar/2025 14:26:39] "GET /accounts/login/?next=/ HTTP/1.0" 200 55096
[18/Mar/2025 14:31:28] "GET /accounts/login/?next=/ HTTP/1.0" 200 55096
[18/Mar/2025 17:50:12] "GET / HTTP/1.0" 302 0
[18/Mar/2025 17:50:12] "GET /accounts/login/?next=/ HTTP/1.0" 200 55096
[18/Mar/2025 21:10:58] "GET / HTTP/1.0" 302 0
[18/Mar/2025 21:11:05] "GET /accounts/login/?next=/ HTTP/1.0" 200 55096
Invalid HTTP_HOST header: 'www.kalagurubyirarangoliarts.com'. You may need to add 'www.kalagurubyirarangoliarts.com' to ALLOWED_HOSTS.
Traceback (most recent call last):
  File "/var/www/kalakar/venv/lib/python3.12/site-packages/django/core/handlers/exception.py", line 55, in inner
    response = get_response(request)
               ^^^^^^^^^^^^^^^^^^^^^
  File "/var/www/kalakar/venv/lib/python3.12/site-packages/django/utils/deprecation.py", line 128, in __call__
    response = self.process_request(request)
               ^^^^^^^^^^^^^^^^^^^^^^^^^^^^^
  File "/var/www/kalakar/venv/lib/python3.12/site-packages/django/middleware/common.py", line 48, in process_request
    host = request.get_host()
           ^^^^^^^^^^^^^^^^^^
  File "/var/www/kalakar/venv/lib/python3.12/site-packages/django/http/request.py", line 151, in get_host
    raise DisallowedHost(msg)
django.core.exceptions.DisallowedHost: Invalid HTTP_HOST header: 'www.kalagurubyirarangoliarts.com'. You may need to add 'www.kalagurubyirarangoliarts.com' to ALLOWED_HOSTS.
Bad Request: /robots.txt
[18/Mar/2025 21:13:58] "GET /robots.txt HTTP/1.0" 400 65812
[18/Mar/2025 22:32:22] "GET / HTTP/1.0" 302 0
[18/Mar/2025 22:32:23] "GET / HTTP/1.0" 302 0
Not Found: /wp-includes/wlwmanifest.xml
[18/Mar/2025 22:32:23] "GET /wp-includes/wlwmanifest.xml HTTP/1.0" 404 3876
[18/Mar/2025 22:32:23] "GET /xmlrpc.php?rsd HTTP/1.0" 301 0
[18/Mar/2025 22:32:23] "GET / HTTP/1.0" 302 0
Not Found: /blog/wp-includes/wlwmanifest.xml
[18/Mar/2025 22:32:24] "GET /blog/wp-includes/wlwmanifest.xml HTTP/1.0" 404 3891
Not Found: /web/wp-includes/wlwmanifest.xml
[18/Mar/2025 22:32:24] "GET /web/wp-includes/wlwmanifest.xml HTTP/1.0" 404 3888
Not Found: /wordpress/wp-includes/wlwmanifest.xml
[18/Mar/2025 22:32:24] "GET /wordpress/wp-includes/wlwmanifest.xml HTTP/1.0" 404 3906
Not Found: /website/wp-includes/wlwmanifest.xml
[18/Mar/2025 22:32:24] "GET /website/wp-includes/wlwmanifest.xml HTTP/1.0" 404 3900
Not Found: /wp/wp-includes/wlwmanifest.xml
[18/Mar/2025 22:32:25] "GET /wp/wp-includes/wlwmanifest.xml HTTP/1.0" 404 3885
Not Found: /news/wp-includes/wlwmanifest.xml
[18/Mar/2025 22:32:25] "GET /news/wp-includes/wlwmanifest.xml HTTP/1.0" 404 3891
Not Found: /2018/wp-includes/wlwmanifest.xml
[18/Mar/2025 22:32:25] "GET /2018/wp-includes/wlwmanifest.xml HTTP/1.0" 404 3891
Not Found: /2019/wp-includes/wlwmanifest.xml
[18/Mar/2025 22:32:25] "GET /2019/wp-includes/wlwmanifest.xml HTTP/1.0" 404 3891
Not Found: /shop/wp-includes/wlwmanifest.xml
[18/Mar/2025 22:32:26] "GET /shop/wp-includes/wlwmanifest.xml HTTP/1.0" 404 3891
Not Found: /wp1/wp-includes/wlwmanifest.xml
[18/Mar/2025 22:32:26] "GET /wp1/wp-includes/wlwmanifest.xml HTTP/1.0" 404 3888
Not Found: /test/wp-includes/wlwmanifest.xml
[18/Mar/2025 22:32:26] "GET /test/wp-includes/wlwmanifest.xml HTTP/1.0" 404 3891
Not Found: /wp2/wp-includes/wlwmanifest.xml
[18/Mar/2025 22:32:26] "GET /wp2/wp-includes/wlwmanifest.xml HTTP/1.0" 404 3888
Not Found: /site/wp-includes/wlwmanifest.xml
[18/Mar/2025 22:32:27] "GET /site/wp-includes/wlwmanifest.xml HTTP/1.0" 404 3891
Not Found: /cms/wp-includes/wlwmanifest.xml
[18/Mar/2025 22:32:27] "GET /cms/wp-includes/wlwmanifest.xml HTTP/1.0" 404 3888
Not Found: /sito/wp-includes/wlwmanifest.xml
[18/Mar/2025 22:32:27] "GET /sito/wp-includes/wlwmanifest.xml HTTP/1.0" 404 3891
[18/Mar/2025 22:52:39] "GET / HTTP/1.0" 302 0
[18/Mar/2025 23:50:47] code 400, message Bad request version ('À\x14À')
[18/Mar/2025 23:50:47] You're accessing the development server over HTTPS, but it only supports HTTP.
[18/Mar/2025 23:50:48] code 400, message Bad request syntax ('\x16\x03\x01\x00{\x01\x00\x00w\x03\x03ãâÏÇïj{\x9d_ÙU')
[18/Mar/2025 23:50:48] You're accessing the development server over HTTPS, but it only supports HTTP.
[18/Mar/2025 23:50:48] "GET / HTTP/1.1" 302 0
[18/Mar/2025 23:50:49] "GET /accounts/login/?next=/ HTTP/1.1" 200 55096
[18/Mar/2025 23:50:50] "GET /login HTTP/1.1" 301 0
[18/Mar/2025 23:50:50] "GET /login/ HTTP/1.1" 302 0
[18/Mar/2025 23:50:51] code 400, message Bad request version ('À\x14À')
[18/Mar/2025 23:50:51] You're accessing the development server over HTTPS, but it only supports HTTP.
Watching for file changes with StatReloader
Error: That port is already in use.
[19/Mar/2025 01:42:26] "GET / HTTP/1.0" 200 10976
[19/Mar/2025 01:42:28] "GET /favicon.ico/ HTTP/1.0" 200 48472
[19/Mar/2025 01:43:25] "GET / HTTP/1.0" 302 0
[19/Mar/2025 01:43:26] "GET /accounts/login/?next=/ HTTP/1.0" 200 55096
[19/Mar/2025 01:43:26] "GET / HTTP/1.0" 302 0
[19/Mar/2025 01:43:26] "GET /accounts/login/?next=/ HTTP/1.0" 200 55096
[19/Mar/2025 01:43:28] "GET / HTTP/1.0" 200 10976
[19/Mar/2025 01:43:29] "GET /favicon.ico HTTP/1.0" 301 0
[19/Mar/2025 01:43:29] "GET /favicon.ico/ HTTP/1.0" 200 48472
[19/Mar/2025 01:43:38] "GET / HTTP/1.0" 302 0
[19/Mar/2025 01:43:42] "GET /accounts/login/?next=/ HTTP/1.0" 200 55096
[19/Mar/2025 01:43:44] "GET / HTTP/1.0" 200 10976
[19/Mar/2025 01:43:44] "GET /favicon.ico/ HTTP/1.0" 200 48472
[19/Mar/2025 01:43:46] "GET / HTTP/1.0" 200 10976
[19/Mar/2025 01:43:46] "GET /favicon.ico/ HTTP/1.0" 200 48472
Invalid HTTP_HOST header: 'www.kalagurubyirarangoliarts.com'. You may need to add 'www.kalagurubyirarangoliarts.com' to ALLOWED_HOSTS.
Traceback (most recent call last):
  File "/var/www/kalakar/venv/lib/python3.12/site-packages/django/core/handlers/exception.py", line 55, in inner
    response = get_response(request)
               ^^^^^^^^^^^^^^^^^^^^^
  File "/var/www/kalakar/venv/lib/python3.12/site-packages/django/utils/deprecation.py", line 128, in __call__
    response = self.process_request(request)
               ^^^^^^^^^^^^^^^^^^^^^^^^^^^^^
  File "/var/www/kalakar/venv/lib/python3.12/site-packages/django/middleware/common.py", line 48, in process_request
    host = request.get_host()
           ^^^^^^^^^^^^^^^^^^
  File "/var/www/kalakar/venv/lib/python3.12/site-packages/django/http/request.py", line 151, in get_host
    raise DisallowedHost(msg)
django.core.exceptions.DisallowedHost: Invalid HTTP_HOST header: 'www.kalagurubyirarangoliarts.com'. You may need to add 'www.kalagurubyirarangoliarts.com' to ALLOWED_HOSTS.
Bad Request: /
[19/Mar/2025 01:46:12] "GET / HTTP/1.0" 302 0
[19/Mar/2025 01:46:12] "GET / HTTP/1.0" 400 65764
[19/Mar/2025 01:46:13] "GET / HTTP/1.0" 302 0
Invalid HTTP_HOST header: 'www.kalagurubyirarangoliarts.com'. You may need to add 'www.kalagurubyirarangoliarts.com' to ALLOWED_HOSTS.
Traceback (most recent call last):
  File "/var/www/kalakar/venv/lib/python3.12/site-packages/django/core/handlers/exception.py", line 55, in inner
    response = get_response(request)
               ^^^^^^^^^^^^^^^^^^^^^
  File "/var/www/kalakar/venv/lib/python3.12/site-packages/django/utils/deprecation.py", line 128, in __call__
    response = self.process_request(request)
               ^^^^^^^^^^^^^^^^^^^^^^^^^^^^^
  File "/var/www/kalakar/venv/lib/python3.12/site-packages/django/middleware/common.py", line 48, in process_request
    host = request.get_host()
           ^^^^^^^^^^^^^^^^^^
  File "/var/www/kalakar/venv/lib/python3.12/site-packages/django/http/request.py", line 151, in get_host
    raise DisallowedHost(msg)
django.core.exceptions.DisallowedHost: Invalid HTTP_HOST header: 'www.kalagurubyirarangoliarts.com'. You may need to add 'www.kalagurubyirarangoliarts.com' to ALLOWED_HOSTS.
Bad Request: /
[19/Mar/2025 01:46:13] "GET / HTTP/1.0" 400 65764
[19/Mar/2025 02:02:57] "GET /robots.txt HTTP/1.0" 301 0
[19/Mar/2025 02:02:58] "GET /robots.txt/ HTTP/1.0" 302 0
[19/Mar/2025 02:02:58] "GET /accounts/login/?next=/robots.txt/ HTTP/1.0" 200 55107
[19/Mar/2025 02:02:59] "GET / HTTP/1.0" 302 0
[19/Mar/2025 02:03:00] "GET /accounts/login/?next=/ HTTP/1.0" 200 55096
[19/Mar/2025 03:07:05] "HEAD / HTTP/1.0" 302 0
[19/Mar/2025 03:07:22] "GET / HTTP/1.0" 302 0
[19/Mar/2025 03:16:52] "GET / HTTP/1.0" 302 0
[19/Mar/2025 03:16:53] "GET /accounts/login/?next=/ HTTP/1.0" 200 55096
[19/Mar/2025 03:16:55] "GET /th1s_1s_a_4o4.html HTTP/1.0" 301 0
[19/Mar/2025 03:16:55] "GET /th1s_1s_a_4o4.html/ HTTP/1.0" 302 0
[19/Mar/2025 03:16:56] "GET /accounts/login/?next=/th1s_1s_a_4o4.html/ HTTP/1.0" 200 55115
[19/Mar/2025 03:16:58] "GET /course-details-2/ HTTP/1.0" 302 0
[19/Mar/2025 03:16:59] "GET /accounts/login/?next=/course-details-2/ HTTP/1.0" 200 55113
[19/Mar/2025 03:17:00] "GET /index-dark/ HTTP/1.0" 302 0
[19/Mar/2025 03:17:01] "GET /accounts/login/?next=/index-dark/ HTTP/1.0" 200 55107
[19/Mar/2025 03:17:02] "GET /course-details/ HTTP/1.0" 302 0
[19/Mar/2025 03:17:03] "GET /accounts/login/?next=/course-details/ HTTP/1.0" 200 55111
[19/Mar/2025 03:17:10] "GET /contact/ HTTP/1.0" 302 0
[19/Mar/2025 03:17:13] "GET /accounts/login/?next=/contact/ HTTP/1.0" 200 55104
[19/Mar/2025 04:01:36] "GET / HTTP/1.0" 302 0
[19/Mar/2025 04:01:36] "GET /accounts/login/?next=/ HTTP/1.0" 200 55096
[19/Mar/2025 04:01:58] "GET / HTTP/1.0" 302 0
[19/Mar/2025 04:01:58] "GET /accounts/login/?next=/ HTTP/1.0" 200 55096
[19/Mar/2025 04:02:22] "GET /accounts/login/?next=/ HTTP/1.0" 200 55096
[19/Mar/2025 04:02:49] "GET /accounts/login/?next=/ HTTP/1.0" 200 55096
[19/Mar/2025 04:10:51] "GET / HTTP/1.0" 302 0
[19/Mar/2025 04:10:51] "GET /accounts/login/?next=/ HTTP/1.0" 200 55096
Forbidden (Origin checking failed - https://kalagurubyirarangoliarts.com does not match any trusted origins.): /accounts/login/
[19/Mar/2025 04:11:01] "POST /accounts/login/ HTTP/1.0" 403 4372
[19/Mar/2025 04:11:03] "GET /accounts/login/?next=/ HTTP/1.0" 200 55096
[19/Mar/2025 04:11:22] "GET /accounts/login/?next=/ HTTP/1.0" 200 55096
Not Found: /coupon/coupons
[19/Mar/2025 04:11:24] "GET /coupon/coupons HTTP/1.0" 404 3837
[19/Mar/2025 04:11:24] "GET /favicon.ico HTTP/1.0" 301 0
[19/Mar/2025 04:11:24] "GET /favicon.ico/ HTTP/1.0" 302 0
[19/Mar/2025 04:11:24] "GET /accounts/login/?next=/favicon.ico/ HTTP/1.0" 200 55108
[19/Mar/2025 04:11:28] "GET /accounts/login/?next=/ HTTP/1.0" 200 55096
Invalid HTTP_HOST header: 'www.kalagurubyirarangoliarts.com'. You may need to add 'www.kalagurubyirarangoliarts.com' to ALLOWED_HOSTS.
Traceback (most recent call last):
  File "/var/www/kalakar/venv/lib/python3.12/site-packages/django/core/handlers/exception.py", line 55, in inner
    response = get_response(request)
               ^^^^^^^^^^^^^^^^^^^^^
  File "/var/www/kalakar/venv/lib/python3.12/site-packages/django/utils/deprecation.py", line 128, in __call__
    response = self.process_request(request)
               ^^^^^^^^^^^^^^^^^^^^^^^^^^^^^
  File "/var/www/kalakar/venv/lib/python3.12/site-packages/django/middleware/common.py", line 48, in process_request
    host = request.get_host()
           ^^^^^^^^^^^^^^^^^^
  File "/var/www/kalakar/venv/lib/python3.12/site-packages/django/http/request.py", line 151, in get_host
    raise DisallowedHost(msg)
django.core.exceptions.DisallowedHost: Invalid HTTP_HOST header: 'www.kalagurubyirarangoliarts.com'. You may need to add 'www.kalagurubyirarangoliarts.com' to ALLOWED_HOSTS.
Bad Request: /
[19/Mar/2025 04:12:29] "GET / HTTP/1.0" 400 66862
[19/Mar/2025 04:12:52] "GET /accounts/login/?next=/ HTTP/1.0" 200 55096
Invalid HTTP_HOST header: 'www.kalagurubyirarangoliarts.com'. You may need to add 'www.kalagurubyirarangoliarts.com' to ALLOWED_HOSTS.
Traceback (most recent call last):
  File "/var/www/kalakar/venv/lib/python3.12/site-packages/django/core/handlers/exception.py", line 55, in inner
    response = get_response(request)
               ^^^^^^^^^^^^^^^^^^^^^
  File "/var/www/kalakar/venv/lib/python3.12/site-packages/django/utils/deprecation.py", line 128, in __call__
    response = self.process_request(request)
               ^^^^^^^^^^^^^^^^^^^^^^^^^^^^^
  File "/var/www/kalakar/venv/lib/python3.12/site-packages/django/middleware/common.py", line 48, in process_request
    host = request.get_host()
           ^^^^^^^^^^^^^^^^^^
  File "/var/www/kalakar/venv/lib/python3.12/site-packages/django/http/request.py", line 151, in get_host
    raise DisallowedHost(msg)
django.core.exceptions.DisallowedHost: Invalid HTTP_HOST header: 'www.kalagurubyirarangoliarts.com'. You may need to add 'www.kalagurubyirarangoliarts.com' to ALLOWED_HOSTS.
Bad Request: /
[19/Mar/2025 04:13:48] "GET / HTTP/1.0" 400 66858
Invalid HTTP_HOST header: 'www.kalagurubyirarangoliarts.com'. You may need to add 'www.kalagurubyirarangoliarts.com' to ALLOWED_HOSTS.
Traceback (most recent call last):
  File "/var/www/kalakar/venv/lib/python3.12/site-packages/django/core/handlers/exception.py", line 55, in inner
    response = get_response(request)
               ^^^^^^^^^^^^^^^^^^^^^
  File "/var/www/kalakar/venv/lib/python3.12/site-packages/django/utils/deprecation.py", line 128, in __call__
    response = self.process_request(request)
               ^^^^^^^^^^^^^^^^^^^^^^^^^^^^^
  File "/var/www/kalakar/venv/lib/python3.12/site-packages/django/middleware/common.py", line 48, in process_request
    host = request.get_host()
           ^^^^^^^^^^^^^^^^^^
  File "/var/www/kalakar/venv/lib/python3.12/site-packages/django/http/request.py", line 151, in get_host
    raise DisallowedHost(msg)
django.core.exceptions.DisallowedHost: Invalid HTTP_HOST header: 'www.kalagurubyirarangoliarts.com'. You may need to add 'www.kalagurubyirarangoliarts.com' to ALLOWED_HOSTS.
Bad Request: /favicon.ico
[19/Mar/2025 04:14:44] "GET /favicon.ico HTTP/1.0" 400 67122
Invalid HTTP_HOST header: 'www.kalagurubyirarangoliarts.com'. You may need to add 'www.kalagurubyirarangoliarts.com' to ALLOWED_HOSTS.
Traceback (most recent call last):
  File "/var/www/kalakar/venv/lib/python3.12/site-packages/django/core/handlers/exception.py", line 55, in inner
    response = get_response(request)
               ^^^^^^^^^^^^^^^^^^^^^
  File "/var/www/kalakar/venv/lib/python3.12/site-packages/django/utils/deprecation.py", line 128, in __call__
    response = self.process_request(request)
               ^^^^^^^^^^^^^^^^^^^^^^^^^^^^^
  File "/var/www/kalakar/venv/lib/python3.12/site-packages/django/middleware/common.py", line 48, in process_request
    host = request.get_host()
           ^^^^^^^^^^^^^^^^^^
  File "/var/www/kalakar/venv/lib/python3.12/site-packages/django/http/request.py", line 151, in get_host
    raise DisallowedHost(msg)
django.core.exceptions.DisallowedHost: Invalid HTTP_HOST header: 'www.kalagurubyirarangoliarts.com'. You may need to add 'www.kalagurubyirarangoliarts.com' to ALLOWED_HOSTS.
Bad Request: /
[19/Mar/2025 04:17:06] "GET / HTTP/1.0" 400 66858
Invalid HTTP_HOST header: 'www.kalagurubyirarangoliarts.com'. You may need to add 'www.kalagurubyirarangoliarts.com' to ALLOWED_HOSTS.
Traceback (most recent call last):
  File "/var/www/kalakar/venv/lib/python3.12/site-packages/django/core/handlers/exception.py", line 55, in inner
    response = get_response(request)
               ^^^^^^^^^^^^^^^^^^^^^
  File "/var/www/kalakar/venv/lib/python3.12/site-packages/django/utils/deprecation.py", line 128, in __call__
    response = self.process_request(request)
               ^^^^^^^^^^^^^^^^^^^^^^^^^^^^^
  File "/var/www/kalakar/venv/lib/python3.12/site-packages/django/middleware/common.py", line 48, in process_request
    host = request.get_host()
           ^^^^^^^^^^^^^^^^^^
  File "/var/www/kalakar/venv/lib/python3.12/site-packages/django/http/request.py", line 151, in get_host
    raise DisallowedHost(msg)
django.core.exceptions.DisallowedHost: Invalid HTTP_HOST header: 'www.kalagurubyirarangoliarts.com'. You may need to add 'www.kalagurubyirarangoliarts.com' to ALLOWED_HOSTS.
Bad Request: /favicon.ico
[19/Mar/2025 04:17:54] "GET /favicon.ico HTTP/1.0" 400 67122
Invalid HTTP_HOST header: 'www.kalagurubyirarangoliarts.com'. You may need to add 'www.kalagurubyirarangoliarts.com' to ALLOWED_HOSTS.
Traceback (most recent call last):
  File "/var/www/kalakar/venv/lib/python3.12/site-packages/django/core/handlers/exception.py", line 55, in inner
    response = get_response(request)
               ^^^^^^^^^^^^^^^^^^^^^
  File "/var/www/kalakar/venv/lib/python3.12/site-packages/django/utils/deprecation.py", line 128, in __call__
    response = self.process_request(request)
               ^^^^^^^^^^^^^^^^^^^^^^^^^^^^^
  File "/var/www/kalakar/venv/lib/python3.12/site-packages/django/middleware/common.py", line 48, in process_request
    host = request.get_host()
           ^^^^^^^^^^^^^^^^^^
  File "/var/www/kalakar/venv/lib/python3.12/site-packages/django/http/request.py", line 151, in get_host
    raise DisallowedHost(msg)
django.core.exceptions.DisallowedHost: Invalid HTTP_HOST header: 'www.kalagurubyirarangoliarts.com'. You may need to add 'www.kalagurubyirarangoliarts.com' to ALLOWED_HOSTS.
Bad Request: /
[19/Mar/2025 04:18:54] "GET / HTTP/1.0" 400 66860
[19/Mar/2025 04:23:42] "GET / HTTP/1.0" 302 0
[19/Mar/2025 04:23:42] "GET /accounts/login/?next=/ HTTP/1.0" 200 55096
[19/Mar/2025 04:23:49] "GET /accounts/login/?next=/ HTTP/1.0" 200 55096
[19/Mar/2025 04:30:31] "GET / HTTP/1.0" 200 10976
[19/Mar/2025 04:30:31] "GET /favicon.ico HTTP/1.0" 301 0
[19/Mar/2025 04:30:31] "GET /favicon.ico/ HTTP/1.0" 200 48472
/var/www/kalakar/src/payment/views.py changed, reloading.
Performing system checks...

System check identified no issues (0 silenced).
March 18, 2025 - 12:59:13
Django version 5.1.4, using settings 'root.settings'
Starting development server at http://0.0.0.0:8000/
Quit the server with CONTROL-C.

Watching for file changes with StatReloader
[19/Mar/2025 04:39:34] "GET / HTTP/1.0" 200 10976
[19/Mar/2025 04:39:35] "GET /favicon.ico/ HTTP/1.0" 200 48472
[19/Mar/2025 04:45:14] "POST /payment/callback/ HTTP/1.0" 200 54
Performing system checks...

System check identified no issues (0 silenced).
March 19, 2025 - 04:39:23
Django version 5.1.4, using settings 'root.settings'
Starting development server at http://0.0.0.0:8000/
Quit the server with CONTROL-C.

Content-Type: multipart/alternative;
 boundary="===============4698644780044073728=="
MIME-Version: 1.0
Subject: Your Account Credentials - Payment Received
From: webmaster@localhost
To: check2@mailinator.com
Date: Wed, 19 Mar 2025 04:45:15 -0000
Message-ID: <174235951514.351325.10694988200958802633@ubuntu-24.localhost>

--===============4698644780044073728==
Content-Type: text/plain; charset="utf-8"
MIME-Version: 1.0
Content-Transfer-Encoding: 7bit



    
        Your Account Credentials
        
        body { font-family: Arial, sans-serif; color: #333; }
        .container { padding: 20px; max-width: 600px; margin: auto; border: 1px solid #ddd; border-radius: 10px; }
        .button { background-color: #007bff; color: white; padding: 10px 15px; text-decoration: none; border-radius: 5px; display: inline-block; margin-top: 15px; }
        
    
    
        
            Hello  ,
            Your account has been created successfully!
            
                Amount of RS10.0 is received
            
            Here is your account credentials !
            
                Username: check2@mailinator.com
            
            
                Password: EwjKPAl2
            
            You can log in using the button below:
            Login Now
            If you didn't request this, please ignore this email.
            
                Thanks,
                
                Your Team
            
        
    


--===============4698644780044073728==
Content-Type: text/html; charset="utf-8"
MIME-Version: 1.0
Content-Transfer-Encoding: 7bit

<!DOCTYPE html>
<html>
    <head>
        <title>Your Account Credentials</title>
        <style>
        body { font-family: Arial, sans-serif; color: #333; }
        .container { padding: 20px; max-width: 600px; margin: auto; border: 1px solid #ddd; border-radius: 10px; }
        .button { background-color: #007bff; color: white; padding: 10px 15px; text-decoration: none; border-radius: 5px; display: inline-block; margin-top: 15px; }
        </style>
    </head>
    <body>
        <div class="container">
            <h2>Hello  ,</h2>
            <p>Your account has been created successfully!</p>
            <p>
                Amount of RS<strong>10.0</strong> is received
            </p>
            <p>Here is your account credentials !</p>
            <p>
                <strong>Username:</strong> check2@mailinator.com
            </p>
            <p>
                <strong>Password:</strong> EwjKPAl2
            </p>
            <p>You can log in using the button below:</p>
            <a href="#" class="button">Login Now</a>
            <p>If you didn't request this, please ignore this email.</p>
            <p>
                Thanks,
                <br>
                Your Team
            </p>
        </div>
    </body>
</html>

--===============4698644780044073728==--

-------------------------------------------------------------------------------
Internal Server Error: /payment/callback/
[19/Mar/2025 04:45:15] "POST /payment/callback/ HTTP/1.0" 500 138
Not Found: /wp-admin/setup-config.php
[19/Mar/2025 04:47:15] "GET /wp-admin/setup-config.php HTTP/1.0" 404 3870
[19/Mar/2025 04:48:52] "POST /payment/callback/ HTTP/1.0" 200 54
Content-Type: multipart/alternative;
 boundary="===============9200514694737576521=="
MIME-Version: 1.0
Subject: Your Account Credentials - Payment Received
From: webmaster@localhost
To: check3@mailinator.com
Date: Wed, 19 Mar 2025 04:48:53 -0000
Message-ID: <174235973309.351325.17027327353304696281@ubuntu-24.localhost>

--===============9200514694737576521==
Content-Type: text/plain; charset="utf-8"
MIME-Version: 1.0
Content-Transfer-Encoding: 7bit



    
        Your Account Credentials
        
        body { font-family: Arial, sans-serif; color: #333; }
        .container { padding: 20px; max-width: 600px; margin: auto; border: 1px solid #ddd; border-radius: 10px; }
        .button { background-color: #007bff; color: white; padding: 10px 15px; text-decoration: none; border-radius: 5px; display: inline-block; margin-top: 15px; }
        
    
    
        
            Hello  ,
            Your account has been created successfully!
            
                Amount of RS10.0 is received
            
            Here is your account credentials !
            
                Username: check3@mailinator.com
            
            
                Password: (VVDXyZS
            
            You can log in using the button below:
            Login Now
            If you didn't request this, please ignore this email.
            
                Thanks,
                
                Your Team
            
        
    


--===============9200514694737576521==
Content-Type: text/html; charset="utf-8"
MIME-Version: 1.0
Content-Transfer-Encoding: 7bit

<!DOCTYPE html>
<html>
    <head>
        <title>Your Account Credentials</title>
        <style>
        body { font-family: Arial, sans-serif; color: #333; }
        .container { padding: 20px; max-width: 600px; margin: auto; border: 1px solid #ddd; border-radius: 10px; }
        .button { background-color: #007bff; color: white; padding: 10px 15px; text-decoration: none; border-radius: 5px; display: inline-block; margin-top: 15px; }
        </style>
    </head>
    <body>
        <div class="container">
            <h2>Hello  ,</h2>
            <p>Your account has been created successfully!</p>
            <p>
                Amount of RS<strong>10.0</strong> is received
            </p>
            <p>Here is your account credentials !</p>
            <p>
                <strong>Username:</strong> check3@mailinator.com
            </p>
            <p>
                <strong>Password:</strong> (VVDXyZS
            </p>
            <p>You can log in using the button below:</p>
            <a href="#" class="button">Login Now</a>
            <p>If you didn't request this, please ignore this email.</p>
            <p>
                Thanks,
                <br>
                Your Team
            </p>
        </div>
    </body>
</html>

--===============9200514694737576521==--

-------------------------------------------------------------------------------
Internal Server Error: /payment/callback/
[19/Mar/2025 04:48:53] "POST /payment/callback/ HTTP/1.0" 500 138
Not Found: /wordpress/wp-admin/setup-config.php
[19/Mar/2025 04:50:37] "GET /wordpress/wp-admin/setup-config.php HTTP/1.0" 404 3900
Not Found: /wp-admin/setup-config.php
[19/Mar/2025 04:51:17] "GET /wp-admin/setup-config.php HTTP/1.0" 404 3870
Not Found: /wordpress/wp-admin/setup-config.php
[19/Mar/2025 04:51:48] "GET /wordpress/wp-admin/setup-config.php HTTP/1.0" 404 3900
[19/Mar/2025 05:01:32] "POST /payment/callback/ HTTP/1.0" 200 54
Content-Type: multipart/alternative;
 boundary="===============1078181834569744178=="
MIME-Version: 1.0
Subject: Your Account Credentials - Payment Received
From: webmaster@localhost
To: check4@mailinator.com
Date: Wed, 19 Mar 2025 05:01:32 -0000
Message-ID: <174236049288.351325.1659043237331074427@ubuntu-24.localhost>

--===============1078181834569744178==
Content-Type: text/plain; charset="utf-8"
MIME-Version: 1.0
Content-Transfer-Encoding: 7bit



    
        Your Account Credentials
        
        body { font-family: Arial, sans-serif; color: #333; }
        .container { padding: 20px; max-width: 600px; margin: auto; border: 1px solid #ddd; border-radius: 10px; }
        .button { background-color: #007bff; color: white; padding: 10px 15px; text-decoration: none; border-radius: 5px; display: inline-block; margin-top: 15px; }
        
    
    
        
            Hello Vishal Handifod,
            Your account has been created successfully!
            
                Amount of RS10.0 is received
            
            Here is your account credentials !
            
                Username: check4@mailinator.com
            
            
                Password: gHTe*^tt
            
            You can log in using the button below:
            Login Now
            If you didn't request this, please ignore this email.
            
                Thanks,
                
                Your Team
            
        
    


--===============1078181834569744178==
Content-Type: text/html; charset="utf-8"
MIME-Version: 1.0
Content-Transfer-Encoding: 7bit

<!DOCTYPE html>
<html>
    <head>
        <title>Your Account Credentials</title>
        <style>
        body { font-family: Arial, sans-serif; color: #333; }
        .container { padding: 20px; max-width: 600px; margin: auto; border: 1px solid #ddd; border-radius: 10px; }
        .button { background-color: #007bff; color: white; padding: 10px 15px; text-decoration: none; border-radius: 5px; display: inline-block; margin-top: 15px; }
        </style>
    </head>
    <body>
        <div class="container">
            <h2>Hello Vishal Handifod,</h2>
            <p>Your account has been created successfully!</p>
            <p>
                Amount of RS<strong>10.0</strong> is received
            </p>
            <p>Here is your account credentials !</p>
            <p>
                <strong>Username:</strong> check4@mailinator.com
            </p>
            <p>
                <strong>Password:</strong> gHTe*^tt
            </p>
            <p>You can log in using the button below:</p>
            <a href="#" class="button">Login Now</a>
            <p>If you didn't request this, please ignore this email.</p>
            <p>
                Thanks,
                <br>
                Your Team
            </p>
        </div>
    </body>
</html>

--===============1078181834569744178==--

-------------------------------------------------------------------------------
Internal Server Error: /payment/callback/
[19/Mar/2025 05:01:32] "POST /payment/callback/ HTTP/1.0" 500 138
[19/Mar/2025 05:04:10] "GET /admin/ HTTP/1.0" 200 12070
[19/Mar/2025 05:04:11] "GET /favicon.ico/ HTTP/1.0" 200 48472
[19/Mar/2025 05:04:15] "GET /admin/ HTTP/1.0" 200 12070
[19/Mar/2025 05:04:15] "GET /favicon.ico/ HTTP/1.0" 200 48472
Forbidden (Origin checking failed - https://kalagurubyirarangoliarts.com does not match any trusted origins.): /admin/logout/
[19/Mar/2025 05:04:17] "POST /admin/logout/ HTTP/1.0" 403 4372
[19/Mar/2025 05:04:21] "GET /admin/ HTTP/1.0" 200 12070
[19/Mar/2025 05:04:21] "GET /favicon.ico/ HTTP/1.0" 200 48472
[19/Mar/2025 05:04:21] "GET /accounts/login/?next=/ HTTP/1.0" 200 55096
[19/Mar/2025 05:04:26] "GET /admin/ HTTP/1.0" 200 12070
[19/Mar/2025 05:04:26] "GET /favicon.ico/ HTTP/1.0" 200 48472
[19/Mar/2025 05:04:32] "GET /admin/accounts/user/ HTTP/1.0" 200 17685
[19/Mar/2025 05:04:32] "GET /admin/jsi18n/ HTTP/1.0" 200 3342
[19/Mar/2025 05:04:32] "GET /favicon.ico/ HTTP/1.0" 200 48472
[19/Mar/2025 05:04:42] "GET /admin/accounts/user/4/change/ HTTP/1.0" 200 31909
[19/Mar/2025 05:04:42] "GET /admin/jsi18n/ HTTP/1.0" 200 3342
[19/Mar/2025 05:04:42] "GET /favicon.ico/ HTTP/1.0" 200 48472
[19/Mar/2025 05:04:55] "GET /admin/accounts/student/ HTTP/1.0" 200 15609
[19/Mar/2025 05:04:55] "GET /admin/jsi18n/ HTTP/1.0" 200 3342
[19/Mar/2025 05:04:55] "GET /favicon.ico/ HTTP/1.0" 200 48472
Forbidden (Origin checking failed - https://kalagurubyirarangoliarts.com does not match any trusted origins.): /admin/accounts/student/
[19/Mar/2025 05:05:06] "POST /admin/accounts/student/ HTTP/1.0" 403 4372
[19/Mar/2025 05:05:09] "GET /admin/accounts/student/ HTTP/1.0" 200 15609
[19/Mar/2025 05:05:09] "GET /favicon.ico/ HTTP/1.0" 200 48472
[19/Mar/2025 05:05:13] "GET /admin/accounts/user/ HTTP/1.0" 200 17685
[19/Mar/2025 05:05:13] "GET /admin/jsi18n/ HTTP/1.0" 200 3342
[19/Mar/2025 05:05:14] "GET /favicon.ico/ HTTP/1.0" 200 48472
[19/Mar/2025 05:05:21] "GET /admin/payment/payment/ HTTP/1.0" 200 17532
[19/Mar/2025 05:05:21] "GET /admin/jsi18n/ HTTP/1.0" 200 3342
[19/Mar/2025 05:05:21] "GET /favicon.ico/ HTTP/1.0" 200 48472
[19/Mar/2025 05:05:43] "GET /admin/payment/payment/3/change/ HTTP/1.0" 200 18121
[19/Mar/2025 05:05:44] "GET /admin/jsi18n/ HTTP/1.0" 200 3342
[19/Mar/2025 05:05:44] "GET /favicon.ico/ HTTP/1.0" 200 48472
[19/Mar/2025 05:05:51] "GET /admin/payment/payment/ HTTP/1.0" 200 17532
[19/Mar/2025 05:05:52] "GET /favicon.ico/ HTTP/1.0" 200 48472
[19/Mar/2025 05:05:54] "GET /admin/accounts/student/ HTTP/1.0" 200 15609
[19/Mar/2025 05:05:54] "GET /admin/jsi18n/ HTTP/1.0" 200 3342
[19/Mar/2025 05:05:55] "GET /favicon.ico/ HTTP/1.0" 200 48472
[19/Mar/2025 05:05:57] "GET /admin/accounts/student/ HTTP/1.0" 200 15609
[19/Mar/2025 05:05:57] "GET /admin/jsi18n/ HTTP/1.0" 200 3342
[19/Mar/2025 05:05:57] "GET /favicon.ico/ HTTP/1.0" 200 48472
[19/Mar/2025 05:06:02] "GET /admin/accounts/student/3/change/ HTTP/1.0" 200 22302
[19/Mar/2025 05:06:02] "GET /admin/jsi18n/ HTTP/1.0" 200 3342
[19/Mar/2025 05:06:03] "GET /favicon.ico/ HTTP/1.0" 200 48472
/var/www/kalakar/src/payment/views.py changed, reloading.
Watching for file changes with StatReloader
/var/www/kalakar/src/payment/views.py changed, reloading.
Performing system checks...

System check identified no issues (0 silenced).
March 19, 2025 - 05:06:15
Django version 5.1.4, using settings 'root.settings'
Starting development server at http://0.0.0.0:8000/
Quit the server with CONTROL-C.

Watching for file changes with StatReloader
[19/Mar/2025 05:08:17] "GET / HTTP/1.0" 302 0
[19/Mar/2025 05:08:17] "GET /accounts/login/?next=/ HTTP/1.0" 200 55096
/var/www/kalakar/src/payment/views.py changed, reloading.
Performing system checks...

System check identified no issues (0 silenced).
March 19, 2025 - 05:07:11
Django version 5.1.4, using settings 'root.settings'
Starting development server at http://0.0.0.0:8000/
Quit the server with CONTROL-C.

Watching for file changes with StatReloader
[19/Mar/2025 05:12:26] "GET /accounts/login/?next=/ HTTP/1.0" 200 55096
[19/Mar/2025 05:12:26] "GET /accounts/login/ HTTP/1.0" 200 55095
[19/Mar/2025 05:13:20] "GET /favicon.ico/ HTTP/1.0" 200 48472
[19/Mar/2025 05:13:27] "GET /admin/accounts/student/3/change/ HTTP/1.0" 200 22302
[19/Mar/2025 05:13:27] "GET /admin/jsi18n/ HTTP/1.0" 200 3342
[19/Mar/2025 05:13:27] "GET /favicon.ico/ HTTP/1.0" 200 48472
[19/Mar/2025 05:13:32] "GET /admin/accounts/user/ HTTP/1.0" 200 17685
[19/Mar/2025 05:13:32] "GET /admin/jsi18n/ HTTP/1.0" 200 3342
[19/Mar/2025 05:13:32] "GET /favicon.ico/ HTTP/1.0" 200 48472
[19/Mar/2025 05:13:50] "POST /payment/callback/ HTTP/1.0" 200 54
Performing system checks...

System check identified no issues (0 silenced).
March 19, 2025 - 05:10:34
Django version 5.1.4, using settings 'root.settings'
Starting development server at http://0.0.0.0:8000/
Quit the server with CONTROL-C.

Content-Type: multipart/alternative;
 boundary="===============6773552340137938383=="
MIME-Version: 1.0
Subject: Your Account Credentials - Payment Received
From: webmaster@localhost
To: test@mailinator.com
Date: Wed, 19 Mar 2025 05:13:51 -0000
Message-ID: <174236123145.352603.5324366177147737915@ubuntu-24.localhost>

--===============6773552340137938383==
Content-Type: text/plain; charset="utf-8"
MIME-Version: 1.0
Content-Transfer-Encoding: 7bit



    
        Your Account Credentials
        
        body { font-family: Arial, sans-serif; color: #333; }
        .container { padding: 20px; max-width: 600px; margin: auto; border: 1px solid #ddd; border-radius: 10px; }
        .button { background-color: #007bff; color: white; padding: 10px 15px; text-decoration: none; border-radius: 5px; display: inline-block; margin-top: 15px; }
        
    
    
        
            Hello test testname,
            Your account has been created successfully!
            
                Amount of RS10.0 is received
            
            Here is your account credentials !
            
                Username: test@mailinator.com
            
            
                Password: )dD^I5Au
            
            You can log in using the button below:
            Login Now
            If you didn't request this, please ignore this email.
            
                Thanks,
                
                Your Team
            
        
    


--===============6773552340137938383==
Content-Type: text/html; charset="utf-8"
MIME-Version: 1.0
Content-Transfer-Encoding: 7bit

<!DOCTYPE html>
<html>
    <head>
        <title>Your Account Credentials</title>
        <style>
        body { font-family: Arial, sans-serif; color: #333; }
        .container { padding: 20px; max-width: 600px; margin: auto; border: 1px solid #ddd; border-radius: 10px; }
        .button { background-color: #007bff; color: white; padding: 10px 15px; text-decoration: none; border-radius: 5px; display: inline-block; margin-top: 15px; }
        </style>
    </head>
    <body>
        <div class="container">
            <h2>Hello test testname,</h2>
            <p>Your account has been created successfully!</p>
            <p>
                Amount of RS<strong>10.0</strong> is received
            </p>
            <p>Here is your account credentials !</p>
            <p>
                <strong>Username:</strong> test@mailinator.com
            </p>
            <p>
                <strong>Password:</strong> )dD^I5Au
            </p>
            <p>You can log in using the button below:</p>
            <a href="#" class="button">Login Now</a>
            <p>If you didn't request this, please ignore this email.</p>
            <p>
                Thanks,
                <br>
                Your Team
            </p>
        </div>
    </body>
</html>

--===============6773552340137938383==--

-------------------------------------------------------------------------------
[19/Mar/2025 05:13:51] "POST /payment/callback/ HTTP/1.0" 200 96
[19/Mar/2025 05:31:05] "GET / HTTP/1.0" 200 10976
[19/Mar/2025 05:31:05] "GET /favicon.ico/ HTTP/1.0" 200 48472
[19/Mar/2025 05:31:15] "GET / HTTP/1.0" 200 10976
[19/Mar/2025 05:31:16] "GET /favicon.ico/ HTTP/1.0" 200 48472
[19/Mar/2025 05:31:30] "GET /accounts/login HTTP/1.0" 301 0
[19/Mar/2025 05:31:30] "GET /accounts/login/ HTTP/1.0" 200 55095
[19/Mar/2025 05:47:10] "POST /payment/callback/ HTTP/1.0" 200 55
[19/Mar/2025 05:49:43] "POST /payment/callback/ HTTP/1.0" 200 55
Internal Server Error: /
Traceback (most recent call last):
  File "/var/www/kalakar/venv/lib/python3.12/site-packages/django/core/handlers/exception.py", line 55, in inner
    response = get_response(request)
               ^^^^^^^^^^^^^^^^^^^^^
  File "/var/www/kalakar/venv/lib/python3.12/site-packages/django/core/handlers/base.py", line 197, in _get_response
    response = wrapped_callback(request, *callback_args, **callback_kwargs)
               ^^^^^^^^^^^^^^^^^^^^^^^^^^^^^^^^^^^^^^^^^^^^^^^^^^^^^^^^^^^^
  File "/var/www/kalakar/venv/lib/python3.12/site-packages/django/contrib/auth/decorators.py", line 60, in _view_wrapper
    return view_func(request, *args, **kwargs)
           ^^^^^^^^^^^^^^^^^^^^^^^^^^^^^^^^^^^
  File "/var/www/kalakar/src/pages/views.py", line 25, in index_page_view
    return render(request, "pages/index.html")
           ^^^^^^^^^^^^^^^^^^^^^^^^^^^^^^^^^^^
  File "/var/www/kalakar/venv/lib/python3.12/site-packages/django/shortcuts.py", line 25, in render
    content = loader.render_to_string(template_name, context, request, using=using)
              ^^^^^^^^^^^^^^^^^^^^^^^^^^^^^^^^^^^^^^^^^^^^^^^^^^^^^^^^^^^^^^^^^^^^^
  File "/var/www/kalakar/venv/lib/python3.12/site-packages/django/template/loader.py", line 61, in render_to_string
    template = get_template(template_name, using=using)
               ^^^^^^^^^^^^^^^^^^^^^^^^^^^^^^^^^^^^^^^^
  File "/var/www/kalakar/venv/lib/python3.12/site-packages/django/template/loader.py", line 15, in get_template
    return engine.get_template(template_name)
           ^^^^^^^^^^^^^^^^^^^^^^^^^^^^^^^^^^
  File "/var/www/kalakar/venv/lib/python3.12/site-packages/django/template/backends/django.py", line 79, in get_template
    return Template(self.engine.get_template(template_name), self)
                    ^^^^^^^^^^^^^^^^^^^^^^^^^^^^^^^^^^^^^^^
  File "/var/www/kalakar/venv/lib/python3.12/site-packages/django/template/engine.py", line 177, in get_template
    template, origin = self.find_template(template_name)
                       ^^^^^^^^^^^^^^^^^^^^^^^^^^^^^^^^^
  File "/var/www/kalakar/venv/lib/python3.12/site-packages/django/template/engine.py", line 159, in find_template
    template = loader.get_template(name, skip=skip)
               ^^^^^^^^^^^^^^^^^^^^^^^^^^^^^^^^^^^^
  File "/var/www/kalakar/venv/lib/python3.12/site-packages/django/template/loaders/cached.py", line 57, in get_template
    template = super().get_template(template_name, skip)
               ^^^^^^^^^^^^^^^^^^^^^^^^^^^^^^^^^^^^^^^^^
  File "/var/www/kalakar/venv/lib/python3.12/site-packages/django/template/loaders/base.py", line 28, in get_template
    return Template(
           ^^^^^^^^^
  File "/var/www/kalakar/venv/lib/python3.12/site-packages/django/template/base.py", line 154, in __init__
    self.nodelist = self.compile_nodelist()
                    ^^^^^^^^^^^^^^^^^^^^^^^
  File "/var/www/kalakar/venv/lib/python3.12/site-packages/django/template/base.py", line 196, in compile_nodelist
    nodelist = parser.parse()
               ^^^^^^^^^^^^^^
  File "/var/www/kalakar/venv/lib/python3.12/site-packages/django/template/base.py", line 518, in parse
    raise self.error(token, e)
  File "/var/www/kalakar/venv/lib/python3.12/site-packages/django/template/base.py", line 516, in parse
    compiled_result = compile_func(self, token)
                      ^^^^^^^^^^^^^^^^^^^^^^^^^
  File "/var/www/kalakar/venv/lib/python3.12/site-packages/django/template/loader_tags.py", line 295, in do_extends
    nodelist = parser.parse()
               ^^^^^^^^^^^^^^
  File "/var/www/kalakar/venv/lib/python3.12/site-packages/django/template/base.py", line 518, in parse
    raise self.error(token, e)
  File "/var/www/kalakar/venv/lib/python3.12/site-packages/django/template/base.py", line 516, in parse
    compiled_result = compile_func(self, token)
                      ^^^^^^^^^^^^^^^^^^^^^^^^^
  File "/var/www/kalakar/venv/lib/python3.12/site-packages/django/template/loader_tags.py", line 234, in do_block
    nodelist = parser.parse(("endblock",))
               ^^^^^^^^^^^^^^^^^^^^^^^^^^^
  File "/var/www/kalakar/venv/lib/python3.12/site-packages/django/template/base.py", line 523, in parse
    self.unclosed_block_tag(parse_until)
  File "/var/www/kalakar/venv/lib/python3.12/site-packages/django/template/base.py", line 586, in unclosed_block_tag
    raise self.error(token, msg)
django.template.exceptions.TemplateSyntaxError: Unclosed tag on line 1: 'block'. Looking for one of: endblock.
[19/Mar/2025 05:57:43] "GET / HTTP/1.0" 500 173292
[19/Mar/2025 05:57:44] "GET /favicon.ico/ HTTP/1.0" 200 48472
[19/Mar/2025 05:58:33] "GET / HTTP/1.0" 200 44463
[19/Mar/2025 06:00:18] "GET /robots.txt HTTP/1.0" 301 0
[19/Mar/2025 06:00:18] "GET /robots.txt/ HTTP/1.0" 302 0
[19/Mar/2025 06:00:18] "GET /accounts/login/?next=/robots.txt/ HTTP/1.0" 200 55107
[19/Mar/2025 06:00:19] "GET / HTTP/1.0" 302 0
Invalid HTTP_HOST header: 'www.kalagurubyirarangoliarts.com'. You may need to add 'www.kalagurubyirarangoliarts.com' to ALLOWED_HOSTS.
Traceback (most recent call last):
  File "/var/www/kalakar/venv/lib/python3.12/site-packages/django/core/handlers/exception.py", line 55, in inner
    response = get_response(request)
               ^^^^^^^^^^^^^^^^^^^^^
  File "/var/www/kalakar/venv/lib/python3.12/site-packages/django/utils/deprecation.py", line 128, in __call__
    response = self.process_request(request)
               ^^^^^^^^^^^^^^^^^^^^^^^^^^^^^
  File "/var/www/kalakar/venv/lib/python3.12/site-packages/django/middleware/common.py", line 48, in process_request
    host = request.get_host()
           ^^^^^^^^^^^^^^^^^^
  File "/var/www/kalakar/venv/lib/python3.12/site-packages/django/http/request.py", line 151, in get_host
    raise DisallowedHost(msg)
django.core.exceptions.DisallowedHost: Invalid HTTP_HOST header: 'www.kalagurubyirarangoliarts.com'. You may need to add 'www.kalagurubyirarangoliarts.com' to ALLOWED_HOSTS.
Bad Request: /robots.txt
[19/Mar/2025 06:00:19] "GET /robots.txt HTTP/1.0" 400 66163
[19/Mar/2025 06:00:22] "GET /accounts/login/?next=%2F HTTP/1.0" 200 55096
[19/Mar/2025 06:00:24] "GET /blog/ HTTP/1.0" 302 0
[19/Mar/2025 06:00:27] "GET /error/ HTTP/1.0" 302 0
[19/Mar/2025 06:00:29] "GET /login-dark/ HTTP/1.0" 302 0
[19/Mar/2025 06:00:31] "GET /login/ HTTP/1.0" 302 0
[19/Mar/2025 06:00:35] "GET /blog-details-dark/ HTTP/1.0" 302 0
[19/Mar/2025 06:00:36] "GET /blog-details/ HTTP/1.0" 302 0
[19/Mar/2025 06:00:38] "GET /blog-dark/ HTTP/1.0" 302 0
[19/Mar/2025 06:00:39] "GET /home-4/ HTTP/1.0" 302 0
[19/Mar/2025 06:00:41] "GET /home-8/ HTTP/1.0" 302 0
[19/Mar/2025 06:00:42] "GET /home-9/ HTTP/1.0" 302 0
[19/Mar/2025 06:00:44] "GET /home-3/ HTTP/1.0" 302 0
[19/Mar/2025 06:00:45] "GET /home-5/ HTTP/1.0" 302 0
[19/Mar/2025 06:00:46] "GET /home-2/ HTTP/1.0" 302 0
[19/Mar/2025 06:00:47] "GET /home-6/ HTTP/1.0" 302 0
[19/Mar/2025 06:00:48] "GET /home-7/ HTTP/1.0" 302 0
[19/Mar/2025 06:00:49] "GET /product-details/ HTTP/1.0" 302 0
[19/Mar/2025 06:00:51] "GET /home-10-dark/ HTTP/1.0" 302 0
[19/Mar/2025 06:00:52] "GET /home-11-dark/ HTTP/1.0" 302 0
[19/Mar/2025 06:00:53] "GET /lessons/ HTTP/1.0" 302 0
[19/Mar/2025 06:00:54] "GET /instructor/ HTTP/1.0" 302 0
[19/Mar/2025 06:00:55] "GET /maintenance/ HTTP/1.0" 302 0
[19/Mar/2025 06:00:56] "GET /wishlist/ HTTP/1.0" 302 0
[19/Mar/2025 06:00:57] "GET /student-quiz/ HTTP/1.0" 302 0
[19/Mar/2025 06:00:59] "GET /become-an-instructor/ HTTP/1.0" 302 0
[19/Mar/2025 06:01:00] "GET /zoom-meetings-details/ HTTP/1.0" 302 0
[19/Mar/2025 06:01:01] "GET /error-dark/ HTTP/1.0" 302 0
[19/Mar/2025 06:01:03] "GET /meeting-details-dark/ HTTP/1.0" 302 0
[19/Mar/2025 06:01:04] "GET /zoom-meetings/ HTTP/1.0" 302 0
[19/Mar/2025 06:01:05] "GET /event-details/ HTTP/1.0" 302 0
[19/Mar/2025 06:01:07] "GET /admin-message/ HTTP/1.0" 302 0
[19/Mar/2025 06:01:08] "GET /admin-reviews/ HTTP/1.0" 302 0
[19/Mar/2025 06:01:09] "GET /instructor-quiz-attempts/ HTTP/1.0" 302 0
[19/Mar/2025 06:01:09] "POST /payment/callback/ HTTP/1.0" 200 55
[19/Mar/2025 06:01:10] "GET /zoom-meetings-dark/ HTTP/1.0" 302 0
[19/Mar/2025 06:01:11] "GET /about/ HTTP/1.0" 302 0
[19/Mar/2025 06:01:12] "GET /home-5-dark/ HTTP/1.0" 302 0
[19/Mar/2025 06:01:13] "GET /home-9-dark/ HTTP/1.0" 302 0
[19/Mar/2025 06:01:15] "GET /home-6-dark/ HTTP/1.0" 302 0
[19/Mar/2025 06:01:16] "GET /home-2-dark/ HTTP/1.0" 302 0
[19/Mar/2025 06:01:17] "GET /home-8-dark/ HTTP/1.0" 302 0
[19/Mar/2025 06:01:18] "GET /home-4-dark/ HTTP/1.0" 302 0
[19/Mar/2025 06:01:19] "GET /home-3-dark/ HTTP/1.0" 302 0
[19/Mar/2025 06:01:20] "GET /home-7-dark/ HTTP/1.0" 302 0
[19/Mar/2025 06:01:21] "GET /instructor-dark/ HTTP/1.0" 302 0
[19/Mar/2025 06:01:23] "GET /admin-dashboard/ HTTP/1.0" 302 0
[19/Mar/2025 06:01:24] "GET /student-message/ HTTP/1.0" 302 0
[19/Mar/2025 06:01:25] "GET /instructor-quiz/ HTTP/1.0" 302 0
[19/Mar/2025 06:01:26] "GET /student-reviews/ HTTP/1.0" 302 0
[19/Mar/2025 06:01:27] "GET /instructor-dashboard/ HTTP/1.0" 302 0
[19/Mar/2025 06:01:29] "GET /student-dashboard/ HTTP/1.0" 302 0
[19/Mar/2025 06:01:30] "GET /maintenance-dark/ HTTP/1.0" 302 0
[19/Mar/2025 06:01:31] "GET /student-settings/ HTTP/1.0" 302 0
[19/Mar/2025 06:01:32] "GET /instructor-message/ HTTP/1.0" 302 0
[19/Mar/2025 06:01:33] "GET /student-wishlist/ HTTP/1.0" 302 0
[19/Mar/2025 06:01:34] "GET /instructor-detail/ HTTP/1.0" 302 0
[19/Mar/2025 06:01:35] "GET /instructor-courses/ HTTP/1.0" 302 0
[19/Mar/2025 06:01:36] "GET /instructor-reviews/ HTTP/1.0" 302 0
[19/Mar/2025 06:01:38] "GET /instructor-settings/ HTTP/1.0" 302 0
[19/Mar/2025 06:01:39] "GET /instructor-wishlist/ HTTP/1.0" 302 0
[19/Mar/2025 06:01:40] "GET /instructor-assignments/ HTTP/1.0" 302 0
[19/Mar/2025 06:01:41] "GET /home-10/ HTTP/1.0" 302 0
[19/Mar/2025 06:01:42] "GET /home-11/ HTTP/1.0" 302 0
[19/Mar/2025 06:01:43] "GET /instructor-annoucements/ HTTP/1.0" 302 0
[19/Mar/2025 06:01:45] "GET /ecommerce-shop/ HTTP/1.0" 302 0
[19/Mar/2025 06:01:46] "GET /student-assignments/ HTTP/1.0" 302 0
[19/Mar/2025 06:01:48] "GET /admin-settings/ HTTP/1.0" 302 0
[19/Mar/2025 06:01:49] "GET /about-dark/ HTTP/1.0" 302 0
[19/Mar/2025 06:01:50] "GET /admin-quiz/ HTTP/1.0" 302 0
[19/Mar/2025 06:01:55] "GET /cart/ HTTP/1.0" 302 0
[19/Mar/2025 06:02:00] "GET /course-details-3-dark/ HTTP/1.0" 302 0
[19/Mar/2025 06:02:02] "GET /course-details-2-dark/ HTTP/1.0" 302 0
[19/Mar/2025 06:02:03] "GET /instructor-order-history/ HTTP/1.0" 302 0
[19/Mar/2025 06:02:09] "GET /create-course/ HTTP/1.0" 302 0
[19/Mar/2025 06:02:11] "GET /course/ HTTP/1.0" 302 0
[19/Mar/2025 06:02:12] "GET /course-details-dark/ HTTP/1.0" 302 0
[19/Mar/2025 06:02:14] "GET /admin-course/ HTTP/1.0" 302 0
[19/Mar/2025 06:02:15] "GET /course-grid/ HTTP/1.0" 302 0
[19/Mar/2025 06:02:16] "GET /course-dark/ HTTP/1.0" 302 0
[19/Mar/2025 06:02:18] "GET /contact/ HTTP/1.0" 302 0
[19/Mar/2025 06:02:19] "GET /student-enrolled-course/ HTTP/1.0" 302 0
[19/Mar/2025 06:02:22] "GET /course-grid-dark/ HTTP/1.0" 302 0
[19/Mar/2025 06:02:23] "GET /instructor-profile/ HTTP/1.0" 302 0
[19/Mar/2025 06:02:24] "GET /course-details/ HTTP/1.0" 302 0
[19/Mar/2025 06:02:25] "GET /course-details-2/ HTTP/1.0" 302 0
[19/Mar/2025 06:02:27] "GET /course-details-3/ HTTP/1.0" 302 0
[19/Mar/2025 06:02:28] "GET /index/ HTTP/1.0" 302 0
[19/Mar/2025 06:02:29] "GET /contact-dark/ HTTP/1.0" 302 0
[19/Mar/2025 06:02:31] "GET /index-dark/ HTTP/1.0" 302 0
[19/Mar/2025 06:02:32] "GET /student-profile/ HTTP/1.0" 302 0
[19/Mar/2025 06:02:33] "GET /admin-profile/ HTTP/1.0" 302 0
[19/Mar/2025 06:02:35] "GET /checkout/ HTTP/1.0" 302 0
[19/Mar/2025 06:02:36] "GET /course-list-dark/ HTTP/1.0" 302 0
[19/Mar/2025 06:02:50] "GET /course-list/ HTTP/1.0" 302 0
[19/Mar/2025 06:02:54] "GET /accounts/login/?next=%2Fhome-2%2F HTTP/1.0" 200 55103
[19/Mar/2025 06:02:55] "GET /accounts/login/?next=%2Fhome-4%2F HTTP/1.0" 200 55103
[19/Mar/2025 06:02:56] "GET /accounts/login/?next=%2Fblog%2F HTTP/1.0" 200 55101
[19/Mar/2025 06:02:58] "GET /accounts/login/?next=%2Fhome-5%2F HTTP/1.0" 200 55103
[19/Mar/2025 06:02:59] "GET /accounts/login/?next=%2Fcart%2F HTTP/1.0" 200 55101
[19/Mar/2025 06:03:00] "GET /accounts/login/?next=%2Fhome-7%2F HTTP/1.0" 200 55103
[19/Mar/2025 06:03:01] "GET /accounts/login/?next=%2Ferror%2F HTTP/1.0" 200 55102
[19/Mar/2025 06:03:02] "GET /accounts/login/?next=%2Fhome-8%2F HTTP/1.0" 200 55103
[19/Mar/2025 06:03:10] "GET /accounts/login/?next=%2Fhome-6%2F HTTP/1.0" 200 55103
[19/Mar/2025 06:03:11] "GET /accounts/login/?next=%2Fcourse%2F HTTP/1.0" 200 55103
[19/Mar/2025 06:03:12] "GET /accounts/login/?next=%2Fabout%2F HTTP/1.0" 200 55102
[19/Mar/2025 06:03:14] "GET /accounts/login/?next=%2Findex%2F HTTP/1.0" 200 55102
[19/Mar/2025 06:03:15] "GET /accounts/login/?next=%2Fhome-9%2F HTTP/1.0" 200 55103
[19/Mar/2025 06:03:16] "GET /accounts/login/?next=%2Flogin%2F HTTP/1.0" 200 55102
[19/Mar/2025 06:03:17] "GET /accounts/login/?next=%2Fhome-3%2F HTTP/1.0" 200 55103
[19/Mar/2025 06:04:53] "GET /ab2g HTTP/1.0" 301 0
[19/Mar/2025 06:04:53] "GET /ab2g/ HTTP/1.0" 302 0
[19/Mar/2025 06:04:53] "GET /accounts/login/?next=/ab2g/ HTTP/1.0" 200 55101
[19/Mar/2025 06:04:54] "GET /ab2h HTTP/1.0" 301 0
[19/Mar/2025 06:04:54] "GET /ab2h/ HTTP/1.0" 302 0
[19/Mar/2025 06:04:55] "GET /accounts/login/?next=/ab2h/ HTTP/1.0" 200 55101
[19/Mar/2025 06:04:55] "GET /alive.php HTTP/1.0" 301 0
[19/Mar/2025 06:05:01] "GET / HTTP/1.0" 302 0
[19/Mar/2025 06:05:02] "GET /accounts/login/?next=/ HTTP/1.0" 200 55096
[19/Mar/2025 06:05:03] "GET /t4 HTTP/1.0" 301 0
[19/Mar/2025 06:05:04] "GET /favicon.ico HTTP/1.0" 301 0
[19/Mar/2025 06:05:05] "GET / HTTP/1.0" 302 0
[19/Mar/2025 06:05:06] "GET /teorema505?t=1 HTTP/1.0" 301 0
[19/Mar/2025 06:20:06] "GET / HTTP/1.0" 200 48407
[19/Mar/2025 06:25:53] "GET / HTTP/1.0" 200 48407
[19/Mar/2025 06:28:19] "GET / HTTP/1.0" 200 48402
[19/Mar/2025 06:49:49] "GET /robots.txt HTTP/1.0" 301 0
[19/Mar/2025 06:49:49] "GET /robots.txt/ HTTP/1.0" 302 0
[19/Mar/2025 06:49:50] "GET /accounts/login/?next=/robots.txt/ HTTP/1.0" 200 55107
Not Found: /img/logo_kalakar_ira.webp
[19/Mar/2025 06:49:50] "GET /img/logo_kalakar_ira.webp HTTP/1.0" 404 3870
[19/Mar/2025 06:53:48] "GET / HTTP/1.0" 200 48437
Not Found: /templates/pages/course_purchase.html
[19/Mar/2025 06:53:52] "GET /templates/pages/course_purchase.html HTTP/1.0" 404 3903
[19/Mar/2025 06:53:52] "GET /favicon.ico/ HTTP/1.0" 200 48472
Not Found: /templates/pages/course_purchase.html
[19/Mar/2025 06:56:05] "GET /templates/pages/course_purchase.html HTTP/1.0" 404 3903
[19/Mar/2025 06:56:05] "GET /favicon.ico/ HTTP/1.0" 200 48472
/var/www/kalakar/src/courses/views.py changed, reloading.
{"result":true,"phone_number":"919021836157","template_name":"new_chat_v1","parameteres":[{"name":"name","value":"test testname"}],"contact":{"id":"67d81f686c22c33a01a2df8e","tenantId":"415778","wAid":"919021836157","firstName":"Vishal","fullName":"Vishal","phone":"919021836157","source":null,"contactStatus":"VALID","photo":null,"created":"Mar-17-2025","customParams":[{"name":"name","value":"Vishal"},{"name":"phone","value":"919021836157"}],"optedIn":false,"isDeleted":false,"lastUpdated":"2025-03-17T13:11:04.584Z","allowBroadcast":true,"allowSMS":true,"teamIds":["67cedfa31009e69744dd4b48"],"isInFlow":false,"isInTestFlow":false,"lastFlowId":null,"currentFlowNodeId":null,"selectedHubspotId":"","channelId":null,"displayId":null,"contactLinkId":null,"waChannelPhone":null,"igPhoneSource":0,"mgPhoneSource":0,"tagName":null,"messengerPageName":"","paylinkSettings":null},"model":{"ids":["67d81f686c22c33a01a2df8e"]},"validWhatsAppNumber":true}
Watching for file changes with StatReloader
/var/www/kalakar/src/courses/urls.py changed, reloading.
Performing system checks...

System check identified no issues (0 silenced).
March 19, 2025 - 07:00:42
Django version 5.1.4, using settings 'root.settings'
Starting development server at http://0.0.0.0:8000/
Quit the server with CONTROL-C.

Watching for file changes with StatReloader
Not Found: /templates/pages/course_purchase.html
[19/Mar/2025 07:02:28] "GET /templates/pages/course_purchase.html HTTP/1.0" 404 3903
[19/Mar/2025 07:02:30] "GET /favicon.ico/ HTTP/1.0" 200 48472
[19/Mar/2025 07:02:37] "GET / HTTP/1.0" 200 48426
[19/Mar/2025 07:03:17] "GET /courses/course-purchase/ HTTP/1.0" 200 43017
[19/Mar/2025 07:25:11] "GET /.env HTTP/1.0" 301 0
Invalid HTTP_HOST header: 'www.kalagurubyirarangoliarts.com'. You may need to add 'www.kalagurubyirarangoliarts.com' to ALLOWED_HOSTS.
Traceback (most recent call last):
  File "/var/www/kalakar/venv/lib/python3.12/site-packages/django/core/handlers/exception.py", line 55, in inner
    response = get_response(request)
               ^^^^^^^^^^^^^^^^^^^^^
  File "/var/www/kalakar/venv/lib/python3.12/site-packages/django/utils/deprecation.py", line 128, in __call__
    response = self.process_request(request)
               ^^^^^^^^^^^^^^^^^^^^^^^^^^^^^
  File "/var/www/kalakar/venv/lib/python3.12/site-packages/django/middleware/common.py", line 48, in process_request
    host = request.get_host()
           ^^^^^^^^^^^^^^^^^^
  File "/var/www/kalakar/venv/lib/python3.12/site-packages/django/http/request.py", line 151, in get_host
    raise DisallowedHost(msg)
django.core.exceptions.DisallowedHost: Invalid HTTP_HOST header: 'www.kalagurubyirarangoliarts.com'. You may need to add 'www.kalagurubyirarangoliarts.com' to ALLOWED_HOSTS.
Bad Request: /favicon.ico
[19/Mar/2025 07:32:19] "GET /favicon.ico HTTP/1.0" 400 67240
Invalid HTTP_HOST header: 'www.kalagurubyirarangoliarts.com'. You may need to add 'www.kalagurubyirarangoliarts.com' to ALLOWED_HOSTS.
Traceback (most recent call last):
  File "/var/www/kalakar/venv/lib/python3.12/site-packages/django/core/handlers/exception.py", line 55, in inner
    response = get_response(request)
               ^^^^^^^^^^^^^^^^^^^^^
  File "/var/www/kalakar/venv/lib/python3.12/site-packages/django/utils/deprecation.py", line 128, in __call__
    response = self.process_request(request)
               ^^^^^^^^^^^^^^^^^^^^^^^^^^^^^
  File "/var/www/kalakar/venv/lib/python3.12/site-packages/django/middleware/common.py", line 48, in process_request
    host = request.get_host()
           ^^^^^^^^^^^^^^^^^^
  File "/var/www/kalakar/venv/lib/python3.12/site-packages/django/http/request.py", line 151, in get_host
    raise DisallowedHost(msg)
django.core.exceptions.DisallowedHost: Invalid HTTP_HOST header: 'www.kalagurubyirarangoliarts.com'. You may need to add 'www.kalagurubyirarangoliarts.com' to ALLOWED_HOSTS.
Bad Request: /
[19/Mar/2025 07:32:22] "GET / HTTP/1.0" 400 67878
Invalid HTTP_HOST header: 'www.kalagurubyirarangoliarts.com'. You may need to add 'www.kalagurubyirarangoliarts.com' to ALLOWED_HOSTS.
Traceback (most recent call last):
  File "/var/www/kalakar/venv/lib/python3.12/site-packages/django/core/handlers/exception.py", line 55, in inner
    response = get_response(request)
               ^^^^^^^^^^^^^^^^^^^^^
  File "/var/www/kalakar/venv/lib/python3.12/site-packages/django/utils/deprecation.py", line 128, in __call__
    response = self.process_request(request)
               ^^^^^^^^^^^^^^^^^^^^^^^^^^^^^
  File "/var/www/kalakar/venv/lib/python3.12/site-packages/django/middleware/common.py", line 48, in process_request
    host = request.get_host()
           ^^^^^^^^^^^^^^^^^^
  File "/var/www/kalakar/venv/lib/python3.12/site-packages/django/http/request.py", line 151, in get_host
    raise DisallowedHost(msg)
django.core.exceptions.DisallowedHost: Invalid HTTP_HOST header: 'www.kalagurubyirarangoliarts.com'. You may need to add 'www.kalagurubyirarangoliarts.com' to ALLOWED_HOSTS.
Bad Request: /favicon.ico
[19/Mar/2025 07:32:23] "GET /favicon.ico HTTP/1.0" 400 67240
Invalid HTTP_HOST header: 'www.kalagurubyirarangoliarts.com'. You may need to add 'www.kalagurubyirarangoliarts.com' to ALLOWED_HOSTS.
Traceback (most recent call last):
  File "/var/www/kalakar/venv/lib/python3.12/site-packages/django/core/handlers/exception.py", line 55, in inner
    response = get_response(request)
               ^^^^^^^^^^^^^^^^^^^^^
  File "/var/www/kalakar/venv/lib/python3.12/site-packages/django/utils/deprecation.py", line 128, in __call__
    response = self.process_request(request)
               ^^^^^^^^^^^^^^^^^^^^^^^^^^^^^
  File "/var/www/kalakar/venv/lib/python3.12/site-packages/django/middleware/common.py", line 48, in process_request
    host = request.get_host()
           ^^^^^^^^^^^^^^^^^^
  File "/var/www/kalakar/venv/lib/python3.12/site-packages/django/http/request.py", line 151, in get_host
    raise DisallowedHost(msg)
django.core.exceptions.DisallowedHost: Invalid HTTP_HOST header: 'www.kalagurubyirarangoliarts.com'. You may need to add 'www.kalagurubyirarangoliarts.com' to ALLOWED_HOSTS.
Bad Request: /
[19/Mar/2025 07:32:24] "GET / HTTP/1.0" 400 67544
Invalid HTTP_HOST header: 'www.kalagurubyirarangoliarts.com'. You may need to add 'www.kalagurubyirarangoliarts.com' to ALLOWED_HOSTS.
Traceback (most recent call last):
  File "/var/www/kalakar/venv/lib/python3.12/site-packages/django/core/handlers/exception.py", line 55, in inner
    response = get_response(request)
               ^^^^^^^^^^^^^^^^^^^^^
  File "/var/www/kalakar/venv/lib/python3.12/site-packages/django/utils/deprecation.py", line 128, in __call__
    response = self.process_request(request)
               ^^^^^^^^^^^^^^^^^^^^^^^^^^^^^
  File "/var/www/kalakar/venv/lib/python3.12/site-packages/django/middleware/common.py", line 48, in process_request
    host = request.get_host()
           ^^^^^^^^^^^^^^^^^^
  File "/var/www/kalakar/venv/lib/python3.12/site-packages/django/http/request.py", line 151, in get_host
    raise DisallowedHost(msg)
django.core.exceptions.DisallowedHost: Invalid HTTP_HOST header: 'www.kalagurubyirarangoliarts.com'. You may need to add 'www.kalagurubyirarangoliarts.com' to ALLOWED_HOSTS.
Bad Request: /favicon.ico
[19/Mar/2025 07:32:25] "GET /favicon.ico HTTP/1.0" 400 67240
Invalid HTTP_HOST header: 'www.kalagurubyirarangoliarts.com'. You may need to add 'www.kalagurubyirarangoliarts.com' to ALLOWED_HOSTS.
Traceback (most recent call last):
  File "/var/www/kalakar/venv/lib/python3.12/site-packages/django/core/handlers/exception.py", line 55, in inner
    response = get_response(request)
               ^^^^^^^^^^^^^^^^^^^^^
  File "/var/www/kalakar/venv/lib/python3.12/site-packages/django/utils/deprecation.py", line 128, in __call__
    response = self.process_request(request)
               ^^^^^^^^^^^^^^^^^^^^^^^^^^^^^
  File "/var/www/kalakar/venv/lib/python3.12/site-packages/django/middleware/common.py", line 48, in process_request
    host = request.get_host()
           ^^^^^^^^^^^^^^^^^^
  File "/var/www/kalakar/venv/lib/python3.12/site-packages/django/http/request.py", line 151, in get_host
    raise DisallowedHost(msg)
django.core.exceptions.DisallowedHost: Invalid HTTP_HOST header: 'www.kalagurubyirarangoliarts.com'. You may need to add 'www.kalagurubyirarangoliarts.com' to ALLOWED_HOSTS.
Bad Request: /
[19/Mar/2025 07:32:26] "GET / HTTP/1.0" 400 67544
Invalid HTTP_HOST header: 'www.kalagurubyirarangoliarts.com'. You may need to add 'www.kalagurubyirarangoliarts.com' to ALLOWED_HOSTS.
Traceback (most recent call last):
  File "/var/www/kalakar/venv/lib/python3.12/site-packages/django/core/handlers/exception.py", line 55, in inner
    response = get_response(request)
               ^^^^^^^^^^^^^^^^^^^^^
  File "/var/www/kalakar/venv/lib/python3.12/site-packages/django/utils/deprecation.py", line 128, in __call__
    response = self.process_request(request)
               ^^^^^^^^^^^^^^^^^^^^^^^^^^^^^
  File "/var/www/kalakar/venv/lib/python3.12/site-packages/django/middleware/common.py", line 48, in process_request
    host = request.get_host()
           ^^^^^^^^^^^^^^^^^^
  File "/var/www/kalakar/venv/lib/python3.12/site-packages/django/http/request.py", line 151, in get_host
    raise DisallowedHost(msg)
django.core.exceptions.DisallowedHost: Invalid HTTP_HOST header: 'www.kalagurubyirarangoliarts.com'. You may need to add 'www.kalagurubyirarangoliarts.com' to ALLOWED_HOSTS.
Bad Request: /favicon.ico
[19/Mar/2025 07:32:26] "GET /favicon.ico HTTP/1.0" 400 67240
[19/Mar/2025 07:48:18] "GET /accounts/login HTTP/1.0" 301 0
[19/Mar/2025 07:48:18] "GET /accounts/login/ HTTP/1.0" 200 55095
[19/Mar/2025 07:49:44] "HEAD / HTTP/1.0" 302 0
[19/Mar/2025 07:49:44] "HEAD /accounts/login/?next=/ HTTP/1.0" 200 0
[19/Mar/2025 07:52:03] "GET / HTTP/1.0" 302 0
[19/Mar/2025 07:52:03] "GET /accounts/login/?next=/ HTTP/1.0" 200 55096
[19/Mar/2025 07:55:46] "GET /accounts/login HTTP/1.0" 301 0
[19/Mar/2025 07:55:48] "GET /accounts/login HTTP/1.0" 301 0
[19/Mar/2025 07:55:48] "GET /accounts/login?fbclid=IwZXh0bgNhZW0CMTEAAR0ZYM3dueEqtJAhYa_3ddn7MIAIT8ebWWgAS6LQKebLYJJcl9tqsFO_tW8_aem_dDXxqxIQl4UpqR1A1bLQ8w HTTP/1.0" 301 0
[19/Mar/2025 07:55:48] "GET /accounts/login/?fbclid=IwZXh0bgNhZW0CMTEAAR0ZYM3dueEqtJAhYa_3ddn7MIAIT8ebWWgAS6LQKebLYJJcl9tqsFO_tW8_aem_dDXxqxIQl4UpqR1A1bLQ8w HTTP/1.0" 200 55095
[19/Mar/2025 07:55:49] "GET /accounts/login/ HTTP/1.0" 200 55095
[19/Mar/2025 07:55:51] "GET /accounts/login HTTP/1.0" 301 0
[19/Mar/2025 07:55:52] "GET /accounts/login/ HTTP/1.0" 200 55095
[19/Mar/2025 07:55:58] "GET / HTTP/1.0" 302 0
[19/Mar/2025 07:55:59] "GET /accounts/login/?next=%2F HTTP/1.0" 200 55096
[19/Mar/2025 07:56:01] "GET / HTTP/1.0" 302 0
[19/Mar/2025 07:56:02] "GET /accounts/login/?next=%2F HTTP/1.0" 200 55096
[19/Mar/2025 07:56:05] "GET /accounts/login HTTP/1.0" 301 0
[19/Mar/2025 08:22:52] "GET / HTTP/1.0" 302 0
[19/Mar/2025 08:22:52] "GET /accounts/login/?next=/ HTTP/1.0" 200 55096
[19/Mar/2025 08:44:48] "GET / HTTP/1.0" 302 0
[19/Mar/2025 08:44:48] "GET /accounts/login/?next=/ HTTP/1.0" 200 55096
[19/Mar/2025 08:51:36] "GET / HTTP/1.0" 302 0
[19/Mar/2025 08:52:25] "GET / HTTP/1.0" 302 0
[19/Mar/2025 08:52:25] "GET /accounts/login/?next=/ HTTP/1.0" 200 55096
[19/Mar/2025 08:52:38] "GET / HTTP/1.0" 302 0
[19/Mar/2025 08:52:38] "GET /accounts/login/?next=/ HTTP/1.0" 200 55096
[19/Mar/2025 08:59:09] "GET /accounts/login/?next=/ HTTP/1.0" 200 55096
[19/Mar/2025 08:59:12] "GET /favicon.ico HTTP/1.0" 301 0
[19/Mar/2025 09:27:04] "GET / HTTP/1.0" 302 0
Not Found: /wp-includes/wlwmanifest.xml
[19/Mar/2025 09:27:04] "GET //wp-includes/wlwmanifest.xml HTTP/1.0" 404 3876
[19/Mar/2025 09:27:05] "GET //xmlrpc.php?rsd HTTP/1.0" 301 0
[19/Mar/2025 09:27:05] "GET / HTTP/1.0" 302 0
Not Found: /blog/wp-includes/wlwmanifest.xml
[19/Mar/2025 09:27:05] "GET //blog/wp-includes/wlwmanifest.xml HTTP/1.0" 404 3891
Not Found: /web/wp-includes/wlwmanifest.xml
[19/Mar/2025 09:27:06] "GET //web/wp-includes/wlwmanifest.xml HTTP/1.0" 404 3888
Not Found: /wordpress/wp-includes/wlwmanifest.xml
[19/Mar/2025 09:27:06] "GET //wordpress/wp-includes/wlwmanifest.xml HTTP/1.0" 404 3906
Not Found: /website/wp-includes/wlwmanifest.xml
[19/Mar/2025 09:27:06] "GET //website/wp-includes/wlwmanifest.xml HTTP/1.0" 404 3900
Not Found: /wp/wp-includes/wlwmanifest.xml
[19/Mar/2025 09:27:06] "GET //wp/wp-includes/wlwmanifest.xml HTTP/1.0" 404 3885
Not Found: /news/wp-includes/wlwmanifest.xml
[19/Mar/2025 09:27:07] "GET //news/wp-includes/wlwmanifest.xml HTTP/1.0" 404 3891
Not Found: /2018/wp-includes/wlwmanifest.xml
[19/Mar/2025 09:27:07] "GET //2018/wp-includes/wlwmanifest.xml HTTP/1.0" 404 3891
Not Found: /2019/wp-includes/wlwmanifest.xml
[19/Mar/2025 09:27:07] "GET //2019/wp-includes/wlwmanifest.xml HTTP/1.0" 404 3891
Not Found: /shop/wp-includes/wlwmanifest.xml
[19/Mar/2025 09:27:07] "GET //shop/wp-includes/wlwmanifest.xml HTTP/1.0" 404 3891
Not Found: /wp1/wp-includes/wlwmanifest.xml
[19/Mar/2025 09:27:08] "GET //wp1/wp-includes/wlwmanifest.xml HTTP/1.0" 404 3888
Not Found: /test/wp-includes/wlwmanifest.xml
[19/Mar/2025 09:27:08] "GET //test/wp-includes/wlwmanifest.xml HTTP/1.0" 404 3891
Not Found: /wp2/wp-includes/wlwmanifest.xml
[19/Mar/2025 09:27:08] "GET //wp2/wp-includes/wlwmanifest.xml HTTP/1.0" 404 3888
Not Found: /site/wp-includes/wlwmanifest.xml
[19/Mar/2025 09:27:09] "GET //site/wp-includes/wlwmanifest.xml HTTP/1.0" 404 3891
Not Found: /cms/wp-includes/wlwmanifest.xml
[19/Mar/2025 09:27:09] "GET //cms/wp-includes/wlwmanifest.xml HTTP/1.0" 404 3888
Not Found: /sito/wp-includes/wlwmanifest.xml
[19/Mar/2025 09:27:09] "GET //sito/wp-includes/wlwmanifest.xml HTTP/1.0" 404 3891
Not Found: /wordpress/wp-admin/setup-config.php
[19/Mar/2025 10:15:45] "GET /wordpress/wp-admin/setup-config.php HTTP/1.0" 404 3900
Not Found: /wp-admin/setup-config.php
[19/Mar/2025 10:16:56] "GET /wp-admin/setup-config.php HTTP/1.0" 404 3870
Not Found: /wordpress/wp-admin/setup-config.php
[19/Mar/2025 10:17:19] "GET /wordpress/wp-admin/setup-config.php HTTP/1.0" 404 3900
Not Found: /wp-admin/setup-config.php
[19/Mar/2025 10:19:00] "GET /wp-admin/setup-config.php HTTP/1.0" 404 3870
[19/Mar/2025 12:04:42] "GET / HTTP/1.0" 302 0
[19/Mar/2025 12:04:42] "GET /accounts/login/?next=/ HTTP/1.0" 200 55096
[19/Mar/2025 12:04:44] "GET /accounts/login/?next=/ HTTP/1.0" 200 55096
[19/Mar/2025 12:24:24] code 400, message Bad request syntax ('nil')
[19/Mar/2025 12:24:24] "nil" 400 -
[19/Mar/2025 12:24:24] "GET / HTTP/1.0" 302 0
[19/Mar/2025 12:24:24] "GET / HTTP/1.1" 302 0
[19/Mar/2025 12:24:24] "GET /favicon.ico HTTP/1.1" 301 0
[19/Mar/2025 12:24:24] "GET /favicon.ico/ HTTP/1.1" 302 0
[19/Mar/2025 12:24:24] "GET /accounts/login/?next=/favicon.ico/ HTTP/1.1" 200 55108
[19/Mar/2025 12:24:25] "GET /accounts/login/?next=/ HTTP/1.1" 200 55096
[19/Mar/2025 12:24:25] "GET /static/img/favicon.ico HTTP/1.1" 200 4154
[19/Mar/2025 12:24:48] "GET / HTTP/1.1" 302 0
[19/Mar/2025 12:24:51] "GET /accounts/login/?next=/ HTTP/1.1" 200 55096
[19/Mar/2025 12:24:56] "GET / HTTP/1.1" 302 0
[19/Mar/2025 12:24:58] "GET /accounts/login/?next=/ HTTP/1.1" 200 55096
[19/Mar/2025 12:25:02] "GET /static/js/main.js HTTP/1.1" 200 21118
[19/Mar/2025 12:25:02] "GET /static/js/plugins.js HTTP/1.1" 200 36341
[19/Mar/2025 12:25:02] "GET /static/js/ajax-form.js HTTP/1.1" 200 1601
[19/Mar/2025 12:25:02] "GET /static/js/popper.min.js HTTP/1.1" 200 20095
[19/Mar/2025 12:25:02] "GET /static/js/jquery.magnific-popup.min.js HTTP/1.1" 200 20216
[19/Mar/2025 12:25:02] "GET /static/js/wow.min.js HTTP/1.1" 200 8415
[19/Mar/2025 12:25:02] "GET /static/js/waypoints.min.js HTTP/1.1" 200 9030
[19/Mar/2025 12:25:02] "GET /static/js/vendor/modernizr-3.5.0.min.js HTTP/1.1" 200 8636
[19/Mar/2025 12:25:02] "GET /static/js/imagesloaded.pkgd.min.js HTTP/1.1" 200 5594
[19/Mar/2025 12:25:02] "GET /static/js/jquery.counterup.min.js HTTP/1.1" 200 1067
[19/Mar/2025 12:25:02] "GET /static/js/slick.min.js HTTP/1.1" 200 42863
[19/Mar/2025 12:25:03] "GET /static/js/isotope.pkgd.min.js HTTP/1.1" 200 35503
[19/Mar/2025 12:25:03] "GET /static/js/jquery.meanmenu.min.js HTTP/1.1" 200 4019
[19/Mar/2025 12:25:03] "GET /static/js/jquery.scrollUp.min.js HTTP/1.1" 200 2035
[19/Mar/2025 12:25:03] "GET /static/js/vendor/jquery-3.6.0.min.js HTTP/1.1" 200 89501
[19/Mar/2025 12:25:08] "GET /static/js/swiper-bundle.min.js HTTP/1.1" 200 140562
[19/Mar/2025 12:25:23] "GET /static/img/favicon.ico HTTP/1.1" 200 4154
[19/Mar/2025 12:51:52] "GET / HTTP/1.0" 200 48426
Not Found: /.well-known/traffic-advice
[19/Mar/2025 13:32:20] "GET /.well-known/traffic-advice HTTP/1.0" 404 3873
[19/Mar/2025 13:32:20] "GET / HTTP/1.0" 302 0
[19/Mar/2025 13:32:20] "GET /accounts/login/?next=/ HTTP/1.0" 200 55096
[19/Mar/2025 13:49:19] "GET / HTTP/1.0" 302 0
Not Found: /wp-includes/wlwmanifest.xml
[19/Mar/2025 13:49:19] "GET //wp-includes/wlwmanifest.xml HTTP/1.0" 404 3876
[19/Mar/2025 13:49:19] "GET //xmlrpc.php?rsd HTTP/1.0" 301 0
[19/Mar/2025 13:49:20] "GET / HTTP/1.0" 302 0
Not Found: /blog/wp-includes/wlwmanifest.xml
[19/Mar/2025 13:49:20] "GET //blog/wp-includes/wlwmanifest.xml HTTP/1.0" 404 3891
Not Found: /web/wp-includes/wlwmanifest.xml
[19/Mar/2025 13:49:20] "GET //web/wp-includes/wlwmanifest.xml HTTP/1.0" 404 3888
Not Found: /wordpress/wp-includes/wlwmanifest.xml
[19/Mar/2025 13:49:20] "GET //wordpress/wp-includes/wlwmanifest.xml HTTP/1.0" 404 3906
Not Found: /website/wp-includes/wlwmanifest.xml
[19/Mar/2025 13:49:21] "GET //website/wp-includes/wlwmanifest.xml HTTP/1.0" 404 3900
Not Found: /wp/wp-includes/wlwmanifest.xml
[19/Mar/2025 13:49:21] "GET //wp/wp-includes/wlwmanifest.xml HTTP/1.0" 404 3885
Not Found: /news/wp-includes/wlwmanifest.xml
[19/Mar/2025 13:49:21] "GET //news/wp-includes/wlwmanifest.xml HTTP/1.0" 404 3891
Not Found: /2018/wp-includes/wlwmanifest.xml
[19/Mar/2025 13:49:21] "GET //2018/wp-includes/wlwmanifest.xml HTTP/1.0" 404 3891
Not Found: /2019/wp-includes/wlwmanifest.xml
[19/Mar/2025 13:49:22] "GET //2019/wp-includes/wlwmanifest.xml HTTP/1.0" 404 3891
Not Found: /shop/wp-includes/wlwmanifest.xml
[19/Mar/2025 13:49:22] "GET //shop/wp-includes/wlwmanifest.xml HTTP/1.0" 404 3891
Not Found: /wp1/wp-includes/wlwmanifest.xml
[19/Mar/2025 13:49:22] "GET //wp1/wp-includes/wlwmanifest.xml HTTP/1.0" 404 3888
Not Found: /test/wp-includes/wlwmanifest.xml
[19/Mar/2025 13:49:22] "GET //test/wp-includes/wlwmanifest.xml HTTP/1.0" 404 3891
Not Found: /wp2/wp-includes/wlwmanifest.xml
[19/Mar/2025 13:49:23] "GET //wp2/wp-includes/wlwmanifest.xml HTTP/1.0" 404 3888
Not Found: /site/wp-includes/wlwmanifest.xml
[19/Mar/2025 13:49:23] "GET //site/wp-includes/wlwmanifest.xml HTTP/1.0" 404 3891
Not Found: /cms/wp-includes/wlwmanifest.xml
[19/Mar/2025 13:49:24] "GET //cms/wp-includes/wlwmanifest.xml HTTP/1.0" 404 3888
Not Found: /sito/wp-includes/wlwmanifest.xml
[19/Mar/2025 13:49:24] "GET //sito/wp-includes/wlwmanifest.xml HTTP/1.0" 404 3891
[19/Mar/2025 14:20:58] "GET / HTTP/1.0" 302 0
[19/Mar/2025 14:20:58] "GET /accounts/login/?next=/ HTTP/1.0" 200 55096
[19/Mar/2025 14:21:12] "GET / HTTP/1.0" 302 0
[19/Mar/2025 14:26:25] "GET / HTTP/1.0" 302 0
[19/Mar/2025 14:26:25] "GET / HTTP/1.0" 302 0
[19/Mar/2025 14:26:25] "GET /accounts/login/?next=/ HTTP/1.0" 200 55096
Invalid HTTP_HOST header: 'www.kalagurubyirarangoliarts.com'. You may need to add 'www.kalagurubyirarangoliarts.com' to ALLOWED_HOSTS.
Traceback (most recent call last):
  File "/var/www/kalakar/venv/lib/python3.12/site-packages/django/core/handlers/exception.py", line 55, in inner
    response = get_response(request)
               ^^^^^^^^^^^^^^^^^^^^^
  File "/var/www/kalakar/venv/lib/python3.12/site-packages/django/utils/deprecation.py", line 128, in __call__
    response = self.process_request(request)
               ^^^^^^^^^^^^^^^^^^^^^^^^^^^^^
  File "/var/www/kalakar/venv/lib/python3.12/site-packages/django/middleware/common.py", line 48, in process_request
    host = request.get_host()
           ^^^^^^^^^^^^^^^^^^
  File "/var/www/kalakar/venv/lib/python3.12/site-packages/django/http/request.py", line 151, in get_host
    raise DisallowedHost(msg)
django.core.exceptions.DisallowedHost: Invalid HTTP_HOST header: 'www.kalagurubyirarangoliarts.com'. You may need to add 'www.kalagurubyirarangoliarts.com' to ALLOWED_HOSTS.
[19/Mar/2025 14:26:25] "GET /accounts/login/?next=/ HTTP/1.0" 200 55096
Bad Request: /
[19/Mar/2025 14:26:25] "GET / HTTP/1.0" 400 67219
Invalid HTTP_HOST header: 'www.kalagurubyirarangoliarts.com'. You may need to add 'www.kalagurubyirarangoliarts.com' to ALLOWED_HOSTS.
Traceback (most recent call last):
  File "/var/www/kalakar/venv/lib/python3.12/site-packages/django/core/handlers/exception.py", line 55, in inner
    response = get_response(request)
               ^^^^^^^^^^^^^^^^^^^^^
  File "/var/www/kalakar/venv/lib/python3.12/site-packages/django/utils/deprecation.py", line 128, in __call__
    response = self.process_request(request)
               ^^^^^^^^^^^^^^^^^^^^^^^^^^^^^
  File "/var/www/kalakar/venv/lib/python3.12/site-packages/django/middleware/common.py", line 48, in process_request
    host = request.get_host()
           ^^^^^^^^^^^^^^^^^^
  File "/var/www/kalakar/venv/lib/python3.12/site-packages/django/http/request.py", line 151, in get_host
    raise DisallowedHost(msg)
django.core.exceptions.DisallowedHost: Invalid HTTP_HOST header: 'www.kalagurubyirarangoliarts.com'. You may need to add 'www.kalagurubyirarangoliarts.com' to ALLOWED_HOSTS.
Bad Request: /favicon.ico
[19/Mar/2025 14:26:26] "GET /favicon.ico HTTP/1.0" 400 67058
Invalid HTTP_HOST header: 'www.kalagurubyirarangoliarts.com'. You may need to add 'www.kalagurubyirarangoliarts.com' to ALLOWED_HOSTS.
Traceback (most recent call last):
  File "/var/www/kalakar/venv/lib/python3.12/site-packages/django/core/handlers/exception.py", line 55, in inner
    response = get_response(request)
               ^^^^^^^^^^^^^^^^^^^^^
  File "/var/www/kalakar/venv/lib/python3.12/site-packages/django/utils/deprecation.py", line 128, in __call__
    response = self.process_request(request)
               ^^^^^^^^^^^^^^^^^^^^^^^^^^^^^
  File "/var/www/kalakar/venv/lib/python3.12/site-packages/django/middleware/common.py", line 48, in process_request
    host = request.get_host()
           ^^^^^^^^^^^^^^^^^^
  File "/var/www/kalakar/venv/lib/python3.12/site-packages/django/http/request.py", line 151, in get_host
    raise DisallowedHost(msg)
django.core.exceptions.DisallowedHost: Invalid HTTP_HOST header: 'www.kalagurubyirarangoliarts.com'. You may need to add 'www.kalagurubyirarangoliarts.com' to ALLOWED_HOSTS.
Bad Request: /
[19/Mar/2025 14:26:29] "GET / HTTP/1.0" 400 67219
Invalid HTTP_HOST header: 'www.kalagurubyirarangoliarts.com'. You may need to add 'www.kalagurubyirarangoliarts.com' to ALLOWED_HOSTS.
Traceback (most recent call last):
  File "/var/www/kalakar/venv/lib/python3.12/site-packages/django/core/handlers/exception.py", line 55, in inner
    response = get_response(request)
               ^^^^^^^^^^^^^^^^^^^^^
  File "/var/www/kalakar/venv/lib/python3.12/site-packages/django/utils/deprecation.py", line 128, in __call__
    response = self.process_request(request)
               ^^^^^^^^^^^^^^^^^^^^^^^^^^^^^
  File "/var/www/kalakar/venv/lib/python3.12/site-packages/django/middleware/common.py", line 48, in process_request
    host = request.get_host()
           ^^^^^^^^^^^^^^^^^^
  File "/var/www/kalakar/venv/lib/python3.12/site-packages/django/http/request.py", line 151, in get_host
    raise DisallowedHost(msg)
django.core.exceptions.DisallowedHost: Invalid HTTP_HOST header: 'www.kalagurubyirarangoliarts.com'. You may need to add 'www.kalagurubyirarangoliarts.com' to ALLOWED_HOSTS.
Bad Request: /favicon.ico
[19/Mar/2025 14:26:30] "GET /favicon.ico HTTP/1.0" 400 67058
[19/Mar/2025 14:41:18] "GET /.env HTTP/1.0" 301 0
[19/Mar/2025 14:51:36] "GET /ab2g HTTP/1.0" 301 0
[19/Mar/2025 14:51:36] "GET /ab2g/ HTTP/1.0" 302 0
[19/Mar/2025 14:51:37] "GET /accounts/login/?next=/ab2g/ HTTP/1.0" 200 55101
[19/Mar/2025 14:51:38] "GET /ab2h HTTP/1.0" 301 0
[19/Mar/2025 14:51:38] "GET /ab2h/ HTTP/1.0" 302 0
[19/Mar/2025 14:51:38] "GET /accounts/login/?next=/ab2h/ HTTP/1.0" 200 55101
[19/Mar/2025 14:51:39] "GET /alive.php HTTP/1.0" 301 0
[19/Mar/2025 14:51:44] "GET / HTTP/1.0" 302 0
[19/Mar/2025 14:51:45] "GET /accounts/login/?next=/ HTTP/1.0" 200 55096
[19/Mar/2025 14:51:46] "GET /t4 HTTP/1.0" 301 0
[19/Mar/2025 14:51:47] "GET /favicon.ico HTTP/1.0" 301 0
[19/Mar/2025 14:51:48] "GET / HTTP/1.0" 302 0
[19/Mar/2025 14:51:49] "GET /teorema505?t=1 HTTP/1.0" 301 0
[19/Mar/2025 16:18:51] "GET / HTTP/1.0" 302 0
[19/Mar/2025 16:18:51] "GET /accounts/login/?next=/ HTTP/1.0" 200 55096
[19/Mar/2025 16:19:07] "GET /accounts/login/?next=/ads.txt HTTP/1.0" 200 55103
[19/Mar/2025 16:19:07] "GET /accounts/login/?next=/app-ads.txt HTTP/1.0" 200 55107
[19/Mar/2025 16:19:07] "GET /accounts/login/?next=/sellers.json HTTP/1.0" 200 55108
Invalid HTTP_HOST header: 'www.kalagurubyirarangoliarts.com'. You may need to add 'www.kalagurubyirarangoliarts.com' to ALLOWED_HOSTS.
Traceback (most recent call last):
  File "/var/www/kalakar/venv/lib/python3.12/site-packages/django/core/handlers/exception.py", line 55, in inner
    response = get_response(request)
               ^^^^^^^^^^^^^^^^^^^^^
  File "/var/www/kalakar/venv/lib/python3.12/site-packages/django/utils/deprecation.py", line 128, in __call__
    response = self.process_request(request)
               ^^^^^^^^^^^^^^^^^^^^^^^^^^^^^
  File "/var/www/kalakar/venv/lib/python3.12/site-packages/django/middleware/common.py", line 48, in process_request
    host = request.get_host()
           ^^^^^^^^^^^^^^^^^^
  File "/var/www/kalakar/venv/lib/python3.12/site-packages/django/http/request.py", line 151, in get_host
    raise DisallowedHost(msg)
django.core.exceptions.DisallowedHost: Invalid HTTP_HOST header: 'www.kalagurubyirarangoliarts.com'. You may need to add 'www.kalagurubyirarangoliarts.com' to ALLOWED_HOSTS.
Bad Request: /
[19/Mar/2025 16:25:47] "GET / HTTP/1.0" 400 66273
[19/Mar/2025 16:32:20] "GET / HTTP/1.0" 302 0
[19/Mar/2025 16:32:20] "GET /accounts/login/?next=/ HTTP/1.0" 200 55096
[19/Mar/2025 16:32:45] "GET /accounts/login/?next=/ads.txt HTTP/1.0" 200 55103
[19/Mar/2025 16:32:45] "GET /accounts/login/?next=/app-ads.txt HTTP/1.0" 200 55107
[19/Mar/2025 16:32:46] "GET /accounts/login/?next=/sellers.json HTTP/1.0" 200 55108
Not Found: /wp-includes/ID3/license.txt
[19/Mar/2025 17:09:23] "GET //wp-includes/ID3/license.txt HTTP/1.0" 404 3876
[19/Mar/2025 17:09:23] "GET //feed/ HTTP/1.0" 302 0
[19/Mar/2025 17:09:23] "GET //xmlrpc.php?rsd HTTP/1.0" 301 0
Not Found: /blog/wp-includes/wlwmanifest.xml
[19/Mar/2025 17:09:23] "GET //blog/wp-includes/wlwmanifest.xml HTTP/1.0" 404 3891
Not Found: /web/wp-includes/wlwmanifest.xml
[19/Mar/2025 17:09:23] "GET //web/wp-includes/wlwmanifest.xml HTTP/1.0" 404 3888
Not Found: /wordpress/wp-includes/wlwmanifest.xml
[19/Mar/2025 17:09:23] "GET //wordpress/wp-includes/wlwmanifest.xml HTTP/1.0" 404 3906
Not Found: /wp/wp-includes/wlwmanifest.xml
[19/Mar/2025 17:09:23] "GET //wp/wp-includes/wlwmanifest.xml HTTP/1.0" 404 3885
Not Found: /2020/wp-includes/wlwmanifest.xml
[19/Mar/2025 17:09:23] "GET //2020/wp-includes/wlwmanifest.xml HTTP/1.0" 404 3891
Not Found: /2019/wp-includes/wlwmanifest.xml
[19/Mar/2025 17:09:23] "GET //2019/wp-includes/wlwmanifest.xml HTTP/1.0" 404 3891
Not Found: /2021/wp-includes/wlwmanifest.xml
[19/Mar/2025 17:09:23] "GET //2021/wp-includes/wlwmanifest.xml HTTP/1.0" 404 3891
Not Found: /shop/wp-includes/wlwmanifest.xml
[19/Mar/2025 17:09:24] "GET //shop/wp-includes/wlwmanifest.xml HTTP/1.0" 404 3891
Not Found: /wp1/wp-includes/wlwmanifest.xml
[19/Mar/2025 17:09:24] "GET //wp1/wp-includes/wlwmanifest.xml HTTP/1.0" 404 3888
Not Found: /test/wp-includes/wlwmanifest.xml
[19/Mar/2025 17:09:24] "GET //test/wp-includes/wlwmanifest.xml HTTP/1.0" 404 3891
Not Found: /site/wp-includes/wlwmanifest.xml
[19/Mar/2025 17:09:24] "GET //site/wp-includes/wlwmanifest.xml HTTP/1.0" 404 3891
Not Found: /cms/wp-includes/wlwmanifest.xml
[19/Mar/2025 17:09:24] "GET //cms/wp-includes/wlwmanifest.xml HTTP/1.0" 404 3888
Not Found: /partymgr/control/main
[19/Mar/2025 17:17:55] "GET /partymgr/control/main HTTP/1.0" 404 3843
[19/Mar/2025 18:30:10] "GET / HTTP/1.0" 302 0
[19/Mar/2025 18:30:16] "GET /accounts/login/?next=/ HTTP/1.0" 200 55096
[19/Mar/2025 18:46:46] code 400, message Bad request version ('À\x14À')
[19/Mar/2025 18:46:46] You're accessing the development server over HTTPS, but it only supports HTTP.
[19/Mar/2025 18:46:47] code 400, message Bad request version ('À\x14À')
[19/Mar/2025 18:46:47] You're accessing the development server over HTTPS, but it only supports HTTP.
[19/Mar/2025 18:46:47] "GET / HTTP/1.1" 302 0
[19/Mar/2025 18:46:47] "GET /accounts/login/?next=/ HTTP/1.1" 200 55096
[19/Mar/2025 18:46:47] "GET /login HTTP/1.1" 301 0
[19/Mar/2025 18:46:48] "GET /login/ HTTP/1.1" 302 0
[19/Mar/2025 18:46:48] code 400, message Bad request version ('À\x14À')
[19/Mar/2025 18:46:48] You're accessing the development server over HTTPS, but it only supports HTTP.
[19/Mar/2025 18:52:11] "GET / HTTP/1.0" 302 0
[19/Mar/2025 18:52:11] "GET /accounts/login/?next=/ HTTP/1.0" 200 55096
Not Found: /accounts/login//ads.txt
[19/Mar/2025 18:52:38] "GET /accounts/login//ads.txt HTTP/1.0" 404 8692
Not Found: /accounts/login//app-ads.txt
[19/Mar/2025 18:52:39] "GET /accounts/login//app-ads.txt HTTP/1.0" 404 8704
Not Found: /accounts/login//sellers.json
[19/Mar/2025 18:52:39] "GET /accounts/login//sellers.json HTTP/1.0" 404 8707
[19/Mar/2025 19:00:08] "HEAD / HTTP/1.0" 302 0
[19/Mar/2025 19:00:25] "GET / HTTP/1.0" 302 0
Internal Server Error: /hello.world
Traceback (most recent call last):
  File "/var/www/kalakar/venv/lib/python3.12/site-packages/django/core/handlers/exception.py", line 55, in inner
    response = get_response(request)
               ^^^^^^^^^^^^^^^^^^^^^
  File "/var/www/kalakar/venv/lib/python3.12/site-packages/django/utils/deprecation.py", line 131, in __call__
    response = self.process_response(request, response)
               ^^^^^^^^^^^^^^^^^^^^^^^^^^^^^^^^^^^^^^^^
  File "/var/www/kalakar/venv/lib/python3.12/site-packages/django/middleware/common.py", line 108, in process_response
    return self.response_redirect_class(self.get_full_path_with_slash(request))
                                        ^^^^^^^^^^^^^^^^^^^^^^^^^^^^^^^^^^^^^^
  File "/var/www/kalakar/venv/lib/python3.12/site-packages/django/middleware/common.py", line 87, in get_full_path_with_slash
    raise RuntimeError(
RuntimeError: You called this URL via POST, but the URL doesn't end in a slash and you have APPEND_SLASH set. Django can't redirect to the slash URL while maintaining POST data. Change your form to point to 82.29.166.251/hello.world/?%ADd+allow_url_include%3d1+%ADd+auto_prepend_file%3dphp://input (note the trailing slash), or set APPEND_SLASH=False in your Django settings.
[19/Mar/2025 20:25:54] "POST /hello.world?%ADd+allow_url_include%3d1+%ADd+auto_prepend_file%3dphp://input HTTP/1.0" 500 67864
Not Found: /vendor/phpunit/phpunit/src/Util/PHP/eval-stdin.php
[19/Mar/2025 20:25:56] "GET /vendor/phpunit/phpunit/src/Util/PHP/eval-stdin.php HTTP/1.0" 404 3930
Not Found: /vendor/phpunit/phpunit/Util/PHP/eval-stdin.php
[19/Mar/2025 20:25:56] "GET /vendor/phpunit/phpunit/Util/PHP/eval-stdin.php HTTP/1.0" 404 3918
Not Found: /vendor/phpunit/src/Util/PHP/eval-stdin.php
[19/Mar/2025 20:25:57] "GET /vendor/phpunit/src/Util/PHP/eval-stdin.php HTTP/1.0" 404 3906
Not Found: /vendor/phpunit/Util/PHP/eval-stdin.php
[19/Mar/2025 20:25:59] "GET /vendor/phpunit/Util/PHP/eval-stdin.php HTTP/1.0" 404 3894
Not Found: /vendor/phpunit/phpunit/LICENSE/eval-stdin.php
[19/Mar/2025 20:26:00] "GET /vendor/phpunit/phpunit/LICENSE/eval-stdin.php HTTP/1.0" 404 3915
Not Found: /vendor/vendor/phpunit/phpunit/src/Util/PHP/eval-stdin.php
[19/Mar/2025 20:26:00] "GET /vendor/vendor/phpunit/phpunit/src/Util/PHP/eval-stdin.php HTTP/1.0" 404 3951
Not Found: /phpunit/phpunit/src/Util/PHP/eval-stdin.php
[19/Mar/2025 20:26:02] "GET /phpunit/phpunit/src/Util/PHP/eval-stdin.php HTTP/1.0" 404 3909
Not Found: /phpunit/phpunit/Util/PHP/eval-stdin.php
[19/Mar/2025 20:26:03] "GET /phpunit/phpunit/Util/PHP/eval-stdin.php HTTP/1.0" 404 3897
Not Found: /phpunit/src/Util/PHP/eval-stdin.php
[19/Mar/2025 20:26:04] "GET /phpunit/src/Util/PHP/eval-stdin.php HTTP/1.0" 404 3885
Not Found: /phpunit/Util/PHP/eval-stdin.php
[19/Mar/2025 20:26:05] "GET /phpunit/Util/PHP/eval-stdin.php HTTP/1.0" 404 3873
Not Found: /lib/phpunit/phpunit/src/Util/PHP/eval-stdin.php
[19/Mar/2025 20:26:06] "GET /lib/phpunit/phpunit/src/Util/PHP/eval-stdin.php HTTP/1.0" 404 3921
Not Found: /lib/phpunit/phpunit/Util/PHP/eval-stdin.php
[19/Mar/2025 20:26:07] "GET /lib/phpunit/phpunit/Util/PHP/eval-stdin.php HTTP/1.0" 404 3909
Not Found: /lib/phpunit/src/Util/PHP/eval-stdin.php
[19/Mar/2025 20:26:08] "GET /lib/phpunit/src/Util/PHP/eval-stdin.php HTTP/1.0" 404 3897
Not Found: /lib/phpunit/Util/PHP/eval-stdin.php
[19/Mar/2025 20:26:09] "GET /lib/phpunit/Util/PHP/eval-stdin.php HTTP/1.0" 404 3885
Not Found: /lib/vendor/phpunit/phpunit/src/Util/PHP/eval-stdin.php
[19/Mar/2025 20:26:10] "GET /lib/vendor/phpunit/phpunit/src/Util/PHP/eval-stdin.php HTTP/1.0" 404 3942
Not Found: /laravel/vendor/phpunit/phpunit/src/Util/PHP/eval-stdin.php
[19/Mar/2025 20:26:11] "GET /laravel/vendor/phpunit/phpunit/src/Util/PHP/eval-stdin.php HTTP/1.0" 404 3954
Not Found: /www/vendor/phpunit/phpunit/src/Util/PHP/eval-stdin.php
[19/Mar/2025 20:26:12] "GET /www/vendor/phpunit/phpunit/src/Util/PHP/eval-stdin.php HTTP/1.0" 404 3942
Not Found: /ws/vendor/phpunit/phpunit/src/Util/PHP/eval-stdin.php
[19/Mar/2025 20:26:13] "GET /ws/vendor/phpunit/phpunit/src/Util/PHP/eval-stdin.php HTTP/1.0" 404 3939
Not Found: /yii/vendor/phpunit/phpunit/src/Util/PHP/eval-stdin.php
[19/Mar/2025 20:26:14] "GET /yii/vendor/phpunit/phpunit/src/Util/PHP/eval-stdin.php HTTP/1.0" 404 3942
Not Found: /zend/vendor/phpunit/phpunit/src/Util/PHP/eval-stdin.php
[19/Mar/2025 20:26:15] "GET /zend/vendor/phpunit/phpunit/src/Util/PHP/eval-stdin.php HTTP/1.0" 404 3945
Not Found: /ws/ec/vendor/phpunit/phpunit/src/Util/PHP/eval-stdin.php
[19/Mar/2025 20:26:16] "GET /ws/ec/vendor/phpunit/phpunit/src/Util/PHP/eval-stdin.php HTTP/1.0" 404 3948
Not Found: /V2/vendor/phpunit/phpunit/src/Util/PHP/eval-stdin.php
[19/Mar/2025 20:26:18] "GET /V2/vendor/phpunit/phpunit/src/Util/PHP/eval-stdin.php HTTP/1.0" 404 3939
Not Found: /tests/vendor/phpunit/phpunit/src/Util/PHP/eval-stdin.php
[19/Mar/2025 20:26:19] "GET /tests/vendor/phpunit/phpunit/src/Util/PHP/eval-stdin.php HTTP/1.0" 404 3948
Not Found: /test/vendor/phpunit/phpunit/src/Util/PHP/eval-stdin.php
[19/Mar/2025 20:26:20] "GET /test/vendor/phpunit/phpunit/src/Util/PHP/eval-stdin.php HTTP/1.0" 404 3945
Not Found: /testing/vendor/phpunit/phpunit/src/Util/PHP/eval-stdin.php
[19/Mar/2025 20:26:21] "GET /testing/vendor/phpunit/phpunit/src/Util/PHP/eval-stdin.php HTTP/1.0" 404 3954
Not Found: /api/vendor/phpunit/phpunit/src/Util/PHP/eval-stdin.php
[19/Mar/2025 20:26:22] "GET /api/vendor/phpunit/phpunit/src/Util/PHP/eval-stdin.php HTTP/1.0" 404 3942
Not Found: /demo/vendor/phpunit/phpunit/src/Util/PHP/eval-stdin.php
[19/Mar/2025 20:26:23] "GET /demo/vendor/phpunit/phpunit/src/Util/PHP/eval-stdin.php HTTP/1.0" 404 3945
Not Found: /cms/vendor/phpunit/phpunit/src/Util/PHP/eval-stdin.php
[19/Mar/2025 20:26:24] "GET /cms/vendor/phpunit/phpunit/src/Util/PHP/eval-stdin.php HTTP/1.0" 404 3942
Not Found: /crm/vendor/phpunit/phpunit/src/Util/PHP/eval-stdin.php
[19/Mar/2025 20:26:25] "GET /crm/vendor/phpunit/phpunit/src/Util/PHP/eval-stdin.php HTTP/1.0" 404 3942
[19/Mar/2025 20:26:27] "GET /admin/vendor/phpunit/phpunit/src/Util/PHP/eval-stdin.php HTTP/1.0" 302 0
Not Found: /backup/vendor/phpunit/phpunit/src/Util/PHP/eval-stdin.php
[19/Mar/2025 20:26:28] "GET /backup/vendor/phpunit/phpunit/src/Util/PHP/eval-stdin.php HTTP/1.0" 404 3951
Not Found: /blog/vendor/phpunit/phpunit/src/Util/PHP/eval-stdin.php
[19/Mar/2025 20:26:29] "GET /blog/vendor/phpunit/phpunit/src/Util/PHP/eval-stdin.php HTTP/1.0" 404 3945
Not Found: /workspace/drupal/vendor/phpunit/phpunit/src/Util/PHP/eval-stdin.php
[19/Mar/2025 20:26:30] "GET /workspace/drupal/vendor/phpunit/phpunit/src/Util/PHP/eval-stdin.php HTTP/1.0" 404 3981
Not Found: /panel/vendor/phpunit/phpunit/src/Util/PHP/eval-stdin.php
[19/Mar/2025 20:26:31] "GET /panel/vendor/phpunit/phpunit/src/Util/PHP/eval-stdin.php HTTP/1.0" 404 3948
Not Found: /public/vendor/phpunit/phpunit/src/Util/PHP/eval-stdin.php
[19/Mar/2025 20:26:32] "GET /public/vendor/phpunit/phpunit/src/Util/PHP/eval-stdin.php HTTP/1.0" 404 3951
Not Found: /apps/vendor/phpunit/phpunit/src/Util/PHP/eval-stdin.php
[19/Mar/2025 20:26:33] "GET /apps/vendor/phpunit/phpunit/src/Util/PHP/eval-stdin.php HTTP/1.0" 404 3945
Not Found: /app/vendor/phpunit/phpunit/src/Util/PHP/eval-stdin.php
[19/Mar/2025 20:26:34] "GET /app/vendor/phpunit/phpunit/src/Util/PHP/eval-stdin.php HTTP/1.0" 404 3942
[19/Mar/2025 20:26:35] "GET /index.php?s=/index/\think\app/invokefunction&function=call_user_func_array&vars[0]=md5&vars[1][]=Hello HTTP/1.0" 301 0
Not Found: /public/index.php
[19/Mar/2025 20:26:36] "GET /public/index.php?s=/index/\think\app/invokefunction&function=call_user_func_array&vars[0]=md5&vars[1][]=Hello HTTP/1.0" 404 3937
[19/Mar/2025 20:26:37] "GET /index.php?lang=../../../../../../../../usr/local/lib/php/pearcmd&+config-create+/&/<?echo(md5("hi"));?>+/tmp/index1.php HTTP/1.0" 301 0
[19/Mar/2025 20:26:38] "GET /index.php?lang=../../../../../../../../tmp/index1 HTTP/1.0" 301 0
Not Found: /containers/json
[19/Mar/2025 20:26:39] "GET /containers/json HTTP/1.0" 404 3825
Not Found: /wp-admin/setup-config.php
[19/Mar/2025 21:09:44] "GET /wp-admin/setup-config.php HTTP/1.0" 404 3870
Not Found: /wordpress/wp-admin/setup-config.php
[19/Mar/2025 21:11:57] "GET /wordpress/wp-admin/setup-config.php HTTP/1.0" 404 3900
Not Found: /wordpress/wp-admin/setup-config.php
[19/Mar/2025 21:11:57] "GET /wordpress/wp-admin/setup-config.php HTTP/1.0" 404 3900
Not Found: /wp-admin/setup-config.php
[19/Mar/2025 21:13:06] "GET /wp-admin/setup-config.php HTTP/1.0" 404 3870
[19/Mar/2025 21:53:31] "GET /.env HTTP/1.0" 301 0
[19/Mar/2025 23:04:09] "GET / HTTP/1.0" 302 0
[19/Mar/2025 23:10:42] "GET / HTTP/1.0" 302 0
Not Found: /wp-includes/wlwmanifest.xml
[19/Mar/2025 23:10:42] "GET //wp-includes/wlwmanifest.xml HTTP/1.0" 404 3876
[19/Mar/2025 23:10:42] "GET //xmlrpc.php?rsd HTTP/1.0" 301 0
[19/Mar/2025 23:10:42] "GET / HTTP/1.0" 302 0
Not Found: /blog/wp-includes/wlwmanifest.xml
[19/Mar/2025 23:10:43] "GET //blog/wp-includes/wlwmanifest.xml HTTP/1.0" 404 3891
Not Found: /web/wp-includes/wlwmanifest.xml
[19/Mar/2025 23:10:43] "GET //web/wp-includes/wlwmanifest.xml HTTP/1.0" 404 3888
Not Found: /wordpress/wp-includes/wlwmanifest.xml
[19/Mar/2025 23:10:43] "GET //wordpress/wp-includes/wlwmanifest.xml HTTP/1.0" 404 3906
Not Found: /website/wp-includes/wlwmanifest.xml
[19/Mar/2025 23:10:43] "GET //website/wp-includes/wlwmanifest.xml HTTP/1.0" 404 3900
Not Found: /wp/wp-includes/wlwmanifest.xml
[19/Mar/2025 23:10:44] "GET //wp/wp-includes/wlwmanifest.xml HTTP/1.0" 404 3885
Not Found: /news/wp-includes/wlwmanifest.xml
[19/Mar/2025 23:10:44] "GET //news/wp-includes/wlwmanifest.xml HTTP/1.0" 404 3891
Not Found: /2018/wp-includes/wlwmanifest.xml
[19/Mar/2025 23:10:44] "GET //2018/wp-includes/wlwmanifest.xml HTTP/1.0" 404 3891
Not Found: /2019/wp-includes/wlwmanifest.xml
[19/Mar/2025 23:10:44] "GET //2019/wp-includes/wlwmanifest.xml HTTP/1.0" 404 3891
Not Found: /shop/wp-includes/wlwmanifest.xml
[19/Mar/2025 23:10:45] "GET //shop/wp-includes/wlwmanifest.xml HTTP/1.0" 404 3891
Not Found: /wp1/wp-includes/wlwmanifest.xml
[19/Mar/2025 23:10:45] "GET //wp1/wp-includes/wlwmanifest.xml HTTP/1.0" 404 3888
Not Found: /test/wp-includes/wlwmanifest.xml
[19/Mar/2025 23:10:45] "GET //test/wp-includes/wlwmanifest.xml HTTP/1.0" 404 3891
Not Found: /wp2/wp-includes/wlwmanifest.xml
[19/Mar/2025 23:10:46] "GET //wp2/wp-includes/wlwmanifest.xml HTTP/1.0" 404 3888
Not Found: /site/wp-includes/wlwmanifest.xml
[19/Mar/2025 23:10:46] "GET //site/wp-includes/wlwmanifest.xml HTTP/1.0" 404 3891
Not Found: /cms/wp-includes/wlwmanifest.xml
[19/Mar/2025 23:10:46] "GET //cms/wp-includes/wlwmanifest.xml HTTP/1.0" 404 3888
Not Found: /sito/wp-includes/wlwmanifest.xml
[19/Mar/2025 23:10:47] "GET //sito/wp-includes/wlwmanifest.xml HTTP/1.0" 404 3891
[19/Mar/2025 23:37:53] "GET /dns-query?dns=3TwBAAABAAAAAAAAB2V4YW1wbGUDY29tAAABAAE HTTP/1.0" 301 0
Internal Server Error: /dns-query
Traceback (most recent call last):
  File "/var/www/kalakar/venv/lib/python3.12/site-packages/django/core/handlers/exception.py", line 55, in inner
    response = get_response(request)
               ^^^^^^^^^^^^^^^^^^^^^
  File "/var/www/kalakar/venv/lib/python3.12/site-packages/django/utils/deprecation.py", line 131, in __call__
    response = self.process_response(request, response)
               ^^^^^^^^^^^^^^^^^^^^^^^^^^^^^^^^^^^^^^^^
  File "/var/www/kalakar/venv/lib/python3.12/site-packages/django/middleware/common.py", line 108, in process_response
    return self.response_redirect_class(self.get_full_path_with_slash(request))
                                        ^^^^^^^^^^^^^^^^^^^^^^^^^^^^^^^^^^^^^^
  File "/var/www/kalakar/venv/lib/python3.12/site-packages/django/middleware/common.py", line 87, in get_full_path_with_slash
    raise RuntimeError(
RuntimeError: You called this URL via POST, but the URL doesn't end in a slash and you have APPEND_SLASH set. Django can't redirect to the slash URL while maintaining POST data. Change your form to point to 82.29.166.251/dns-query/ (note the trailing slash), or set APPEND_SLASH=False in your Django settings.
[19/Mar/2025 23:37:53] "POST /dns-query HTTP/1.0" 500 65862
[19/Mar/2025 23:37:54] "GET /dns-query?name=example.com&type=A HTTP/1.0" 301 0
[19/Mar/2025 23:37:54] "GET /dns-query?dns=UtMBAAABAAAAAAAAB2V4YW1wbGUDY29tAAABAAE HTTP/1.0" 301 0
Internal Server Error: /dns-query
Traceback (most recent call last):
  File "/var/www/kalakar/venv/lib/python3.12/site-packages/django/core/handlers/exception.py", line 55, in inner
    response = get_response(request)
               ^^^^^^^^^^^^^^^^^^^^^
  File "/var/www/kalakar/venv/lib/python3.12/site-packages/django/utils/deprecation.py", line 131, in __call__
    response = self.process_response(request, response)
               ^^^^^^^^^^^^^^^^^^^^^^^^^^^^^^^^^^^^^^^^
  File "/var/www/kalakar/venv/lib/python3.12/site-packages/django/middleware/common.py", line 108, in process_response
    return self.response_redirect_class(self.get_full_path_with_slash(request))
                                        ^^^^^^^^^^^^^^^^^^^^^^^^^^^^^^^^^^^^^^
  File "/var/www/kalakar/venv/lib/python3.12/site-packages/django/middleware/common.py", line 87, in get_full_path_with_slash
    raise RuntimeError(
RuntimeError: You called this URL via POST, but the URL doesn't end in a slash and you have APPEND_SLASH set. Django can't redirect to the slash URL while maintaining POST data. Change your form to point to 82.29.166.251/dns-query/ (note the trailing slash), or set APPEND_SLASH=False in your Django settings.
[19/Mar/2025 23:37:54] "POST /dns-query HTTP/1.0" 500 65862
[19/Mar/2025 23:37:54] "GET /dns-query?name=example.com&type=A HTTP/1.0" 301 0
[19/Mar/2025 23:37:54] "GET /query?dns=j3YBAAABAAAAAAAAB2V4YW1wbGUDY29tAAABAAE HTTP/1.0" 301 0
Internal Server Error: /query
Traceback (most recent call last):
  File "/var/www/kalakar/venv/lib/python3.12/site-packages/django/core/handlers/exception.py", line 55, in inner
    response = get_response(request)
               ^^^^^^^^^^^^^^^^^^^^^
  File "/var/www/kalakar/venv/lib/python3.12/site-packages/django/utils/deprecation.py", line 131, in __call__
    response = self.process_response(request, response)
               ^^^^^^^^^^^^^^^^^^^^^^^^^^^^^^^^^^^^^^^^
  File "/var/www/kalakar/venv/lib/python3.12/site-packages/django/middleware/common.py", line 108, in process_response
    return self.response_redirect_class(self.get_full_path_with_slash(request))
                                        ^^^^^^^^^^^^^^^^^^^^^^^^^^^^^^^^^^^^^^
  File "/var/www/kalakar/venv/lib/python3.12/site-packages/django/middleware/common.py", line 87, in get_full_path_with_slash
    raise RuntimeError(
RuntimeError: You called this URL via POST, but the URL doesn't end in a slash and you have APPEND_SLASH set. Django can't redirect to the slash URL while maintaining POST data. Change your form to point to 82.29.166.251/query/ (note the trailing slash), or set APPEND_SLASH=False in your Django settings.
[19/Mar/2025 23:37:54] "POST /query HTTP/1.0" 500 65798
[19/Mar/2025 23:37:55] "GET /query?name=example.com&type=A HTTP/1.0" 301 0
[19/Mar/2025 23:37:55] "GET /query?dns=me8BAAABAAAAAAAAB2V4YW1wbGUDY29tAAABAAE HTTP/1.0" 301 0
Internal Server Error: /query
Traceback (most recent call last):
  File "/var/www/kalakar/venv/lib/python3.12/site-packages/django/core/handlers/exception.py", line 55, in inner
    response = get_response(request)
               ^^^^^^^^^^^^^^^^^^^^^
  File "/var/www/kalakar/venv/lib/python3.12/site-packages/django/utils/deprecation.py", line 131, in __call__
    response = self.process_response(request, response)
               ^^^^^^^^^^^^^^^^^^^^^^^^^^^^^^^^^^^^^^^^
  File "/var/www/kalakar/venv/lib/python3.12/site-packages/django/middleware/common.py", line 108, in process_response
    return self.response_redirect_class(self.get_full_path_with_slash(request))
                                        ^^^^^^^^^^^^^^^^^^^^^^^^^^^^^^^^^^^^^^
  File "/var/www/kalakar/venv/lib/python3.12/site-packages/django/middleware/common.py", line 87, in get_full_path_with_slash
    raise RuntimeError(
RuntimeError: You called this URL via POST, but the URL doesn't end in a slash and you have APPEND_SLASH set. Django can't redirect to the slash URL while maintaining POST data. Change your form to point to 82.29.166.251/query/ (note the trailing slash), or set APPEND_SLASH=False in your Django settings.
[19/Mar/2025 23:37:55] "POST /query HTTP/1.0" 500 65798
[19/Mar/2025 23:37:55] "GET /query?name=example.com&type=A HTTP/1.0" 301 0
[19/Mar/2025 23:37:56] "GET /resolve?dns=0-wBAAABAAAAAAAAB2V4YW1wbGUDY29tAAABAAE HTTP/1.0" 301 0
Internal Server Error: /resolve
Traceback (most recent call last):
  File "/var/www/kalakar/venv/lib/python3.12/site-packages/django/core/handlers/exception.py", line 55, in inner
    response = get_response(request)
               ^^^^^^^^^^^^^^^^^^^^^
  File "/var/www/kalakar/venv/lib/python3.12/site-packages/django/utils/deprecation.py", line 131, in __call__
    response = self.process_response(request, response)
               ^^^^^^^^^^^^^^^^^^^^^^^^^^^^^^^^^^^^^^^^
  File "/var/www/kalakar/venv/lib/python3.12/site-packages/django/middleware/common.py", line 108, in process_response
    return self.response_redirect_class(self.get_full_path_with_slash(request))
                                        ^^^^^^^^^^^^^^^^^^^^^^^^^^^^^^^^^^^^^^
  File "/var/www/kalakar/venv/lib/python3.12/site-packages/django/middleware/common.py", line 87, in get_full_path_with_slash
    raise RuntimeError(
RuntimeError: You called this URL via POST, but the URL doesn't end in a slash and you have APPEND_SLASH set. Django can't redirect to the slash URL while maintaining POST data. Change your form to point to 82.29.166.251/resolve/ (note the trailing slash), or set APPEND_SLASH=False in your Django settings.
[19/Mar/2025 23:37:56] "POST /resolve HTTP/1.0" 500 65830
[19/Mar/2025 23:37:56] "GET /resolve?name=example.com&type=A HTTP/1.0" 301 0
[19/Mar/2025 23:37:56] "GET /resolve?dns=DXIBAAABAAAAAAAAB2V4YW1wbGUDY29tAAABAAE HTTP/1.0" 301 0
Internal Server Error: /resolve
Traceback (most recent call last):
  File "/var/www/kalakar/venv/lib/python3.12/site-packages/django/core/handlers/exception.py", line 55, in inner
    response = get_response(request)
               ^^^^^^^^^^^^^^^^^^^^^
  File "/var/www/kalakar/venv/lib/python3.12/site-packages/django/utils/deprecation.py", line 131, in __call__
    response = self.process_response(request, response)
               ^^^^^^^^^^^^^^^^^^^^^^^^^^^^^^^^^^^^^^^^
  File "/var/www/kalakar/venv/lib/python3.12/site-packages/django/middleware/common.py", line 108, in process_response
    return self.response_redirect_class(self.get_full_path_with_slash(request))
                                        ^^^^^^^^^^^^^^^^^^^^^^^^^^^^^^^^^^^^^^
  File "/var/www/kalakar/venv/lib/python3.12/site-packages/django/middleware/common.py", line 87, in get_full_path_with_slash
    raise RuntimeError(
RuntimeError: You called this URL via POST, but the URL doesn't end in a slash and you have APPEND_SLASH set. Django can't redirect to the slash URL while maintaining POST data. Change your form to point to 82.29.166.251/resolve/ (note the trailing slash), or set APPEND_SLASH=False in your Django settings.
[19/Mar/2025 23:37:56] "POST /resolve HTTP/1.0" 500 65830
[19/Mar/2025 23:37:56] "GET /resolve?name=example.com&type=A HTTP/1.0" 301 0
[19/Mar/2025 23:37:56] "GET /?dns=YmwBAAABAAAAAAAAB2V4YW1wbGUDY29tAAABAAE HTTP/1.0" 302 0
Forbidden (CSRF cookie not set.): /
[19/Mar/2025 23:37:57] "POST / HTTP/1.0" 403 4372
[19/Mar/2025 23:37:57] "GET /?name=example.com&type=A HTTP/1.0" 302 0
[19/Mar/2025 23:37:57] "GET /?dns=VDYBAAABAAAAAAAAB2V4YW1wbGUDY29tAAABAAE HTTP/1.0" 302 0
Forbidden (CSRF cookie not set.): /
[19/Mar/2025 23:37:57] "POST / HTTP/1.0" 403 4372
[19/Mar/2025 23:37:57] "GET /?name=example.com&type=A HTTP/1.0" 302 0
[20/Mar/2025 00:04:44] "GET /robots.txt HTTP/1.0" 301 0
[20/Mar/2025 00:04:45] "GET /robots.txt/ HTTP/1.0" 302 0
[20/Mar/2025 00:04:46] "GET /accounts/login/?next=/robots.txt/ HTTP/1.0" 200 55107
[20/Mar/2025 00:08:39] "GET / HTTP/1.0" 302 0
[20/Mar/2025 00:08:40] "GET /accounts/login/?next=/ HTTP/1.0" 200 55096
[20/Mar/2025 00:09:19] "GET / HTTP/1.0" 302 0
[20/Mar/2025 00:09:20] "GET /accounts/login/?next=/ HTTP/1.0" 200 55096
[20/Mar/2025 00:52:54] "GET / HTTP/1.0" 302 0
[20/Mar/2025 00:52:55] "GET /accounts/login/?next=/ HTTP/1.0" 200 55096
[20/Mar/2025 01:26:22] "GET / HTTP/1.0" 302 0
[20/Mar/2025 01:55:01] "GET / HTTP/1.0" 302 0
[20/Mar/2025 02:44:14] "GET / HTTP/1.1" 302 0
[20/Mar/2025 02:44:15] "GET /accounts/login/?next=/ HTTP/1.1" 200 55096
[20/Mar/2025 02:44:16] "GET /static/img/favicon.ico HTTP/1.1" 200 4154
Not Found: /wordpress/wp-admin/setup-config.php
[20/Mar/2025 03:57:20] "GET /wordpress/wp-admin/setup-config.php HTTP/1.0" 404 3900
Not Found: /wordpress/wp-admin/setup-config.php
[20/Mar/2025 03:58:12] "GET /wordpress/wp-admin/setup-config.php HTTP/1.0" 404 3900
Not Found: /wp-admin/setup-config.php
[20/Mar/2025 03:58:31] "GET /wp-admin/setup-config.php HTTP/1.0" 404 3870
Not Found: /wp-admin/setup-config.php
[20/Mar/2025 04:00:57] "GET /wp-admin/setup-config.php HTTP/1.0" 404 3870
[20/Mar/2025 04:18:32] "GET /accounts/login/?next=/ HTTP/1.0" 200 55096
[20/Mar/2025 04:48:29] "GET / HTTP/1.0" 302 0
[20/Mar/2025 04:48:30] "GET /accounts/login/?next=/ HTTP/1.0" 200 55096
[20/Mar/2025 04:48:32] "GET /favicon.ico HTTP/1.0" 301 0
[20/Mar/2025 04:48:34] "GET /favicon.ico/ HTTP/1.0" 302 0
[20/Mar/2025 04:48:36] "GET /accounts/login/?next=/favicon.ico/ HTTP/1.0" 200 55108
[20/Mar/2025 04:53:29] "GET / HTTP/1.0" 302 0
Not Found: /wp-includes/wlwmanifest.xml
[20/Mar/2025 04:53:29] "GET //wp-includes/wlwmanifest.xml HTTP/1.0" 404 3876
[20/Mar/2025 04:53:29] "GET //xmlrpc.php?rsd HTTP/1.0" 301 0
[20/Mar/2025 04:53:29] "GET / HTTP/1.0" 302 0
Not Found: /blog/wp-includes/wlwmanifest.xml
[20/Mar/2025 04:53:30] "GET //blog/wp-includes/wlwmanifest.xml HTTP/1.0" 404 3891
Not Found: /web/wp-includes/wlwmanifest.xml
[20/Mar/2025 04:53:30] "GET //web/wp-includes/wlwmanifest.xml HTTP/1.0" 404 3888
Not Found: /wordpress/wp-includes/wlwmanifest.xml
[20/Mar/2025 04:53:30] "GET //wordpress/wp-includes/wlwmanifest.xml HTTP/1.0" 404 3906
Not Found: /website/wp-includes/wlwmanifest.xml
[20/Mar/2025 04:53:30] "GET //website/wp-includes/wlwmanifest.xml HTTP/1.0" 404 3900
Not Found: /wp/wp-includes/wlwmanifest.xml
[20/Mar/2025 04:53:30] "GET //wp/wp-includes/wlwmanifest.xml HTTP/1.0" 404 3885
Not Found: /news/wp-includes/wlwmanifest.xml
[20/Mar/2025 04:53:30] "GET //news/wp-includes/wlwmanifest.xml HTTP/1.0" 404 3891
Not Found: /2018/wp-includes/wlwmanifest.xml
[20/Mar/2025 04:53:30] "GET //2018/wp-includes/wlwmanifest.xml HTTP/1.0" 404 3891
Not Found: /2019/wp-includes/wlwmanifest.xml
[20/Mar/2025 04:53:30] "GET //2019/wp-includes/wlwmanifest.xml HTTP/1.0" 404 3891
Not Found: /shop/wp-includes/wlwmanifest.xml
[20/Mar/2025 04:53:31] "GET //shop/wp-includes/wlwmanifest.xml HTTP/1.0" 404 3891
Not Found: /wp1/wp-includes/wlwmanifest.xml
[20/Mar/2025 04:53:31] "GET //wp1/wp-includes/wlwmanifest.xml HTTP/1.0" 404 3888
Not Found: /test/wp-includes/wlwmanifest.xml
[20/Mar/2025 04:53:31] "GET //test/wp-includes/wlwmanifest.xml HTTP/1.0" 404 3891
Not Found: /wp2/wp-includes/wlwmanifest.xml
[20/Mar/2025 04:53:31] "GET //wp2/wp-includes/wlwmanifest.xml HTTP/1.0" 404 3888
Not Found: /site/wp-includes/wlwmanifest.xml
[20/Mar/2025 04:53:31] "GET //site/wp-includes/wlwmanifest.xml HTTP/1.0" 404 3891
Not Found: /cms/wp-includes/wlwmanifest.xml
[20/Mar/2025 04:53:31] "GET //cms/wp-includes/wlwmanifest.xml HTTP/1.0" 404 3888
Not Found: /sito/wp-includes/wlwmanifest.xml
[20/Mar/2025 04:53:32] "GET //sito/wp-includes/wlwmanifest.xml HTTP/1.0" 404 3891
[20/Mar/2025 05:10:50] "GET /.env HTTP/1.0" 301 0
[20/Mar/2025 05:44:56] "GET /accounts/login/?next=/ HTTP/1.0" 200 55096
[20/Mar/2025 05:44:56] "GET /accounts/login/ HTTP/1.0" 200 55095
[20/Mar/2025 06:37:50] "GET /robots.txt HTTP/1.0" 301 0
[20/Mar/2025 06:37:53] "GET / HTTP/1.0" 302 0
[20/Mar/2025 06:37:53] "GET /accounts/login/?next=/ HTTP/1.0" 200 55096
Not Found: /owa/auth/logon.aspx
[20/Mar/2025 06:49:36] "GET /owa/auth/logon.aspx HTTP/1.0" 404 3837
[20/Mar/2025 06:49:56] "GET / HTTP/1.0" 200 48426
[20/Mar/2025 06:51:00] "GET /accounts/login/?next=/ HTTP/1.0" 200 55096
[20/Mar/2025 07:38:22] "GET / HTTP/1.0" 302 0
[20/Mar/2025 07:38:22] "GET /accounts/login/?next=/ HTTP/1.0" 200 55096
[20/Mar/2025 07:38:24] "GET /accounts/login/?next=/ HTTP/1.0" 200 55096
[20/Mar/2025 07:38:29] "GET /accounts/login/?next=/ HTTP/1.0" 200 55096
[20/Mar/2025 07:38:34] "GET /accounts/login/?next=/ HTTP/1.0" 200 55096
[20/Mar/2025 07:38:39] "GET /accounts/login/?next=/ HTTP/1.0" 200 55096
[20/Mar/2025 08:35:24] code 400, message Bad request syntax ('nil')
[20/Mar/2025 08:35:24] "nil" 400 -
[20/Mar/2025 08:35:24] "GET / HTTP/1.0" 302 0
[20/Mar/2025 08:35:24] "GET / HTTP/1.1" 302 0
[20/Mar/2025 08:35:24] "GET /favicon.ico HTTP/1.1" 301 0
[20/Mar/2025 08:35:24] "GET /favicon.ico/ HTTP/1.1" 302 0
[20/Mar/2025 08:35:25] "GET /accounts/login/?next=/favicon.ico/ HTTP/1.1" 200 55108
[20/Mar/2025 08:35:25] "GET /accounts/login/?next=/ HTTP/1.1" 200 55096
[20/Mar/2025 08:35:25] "GET /static/img/favicon.ico HTTP/1.1" 200 4154
[20/Mar/2025 09:05:20] "GET / HTTP/1.0" 302 0
[20/Mar/2025 09:05:21] "GET /accounts/login/?next=/ HTTP/1.0" 200 55096
[20/Mar/2025 09:06:12] "GET /accounts/login/ HTTP/1.0" 200 55095
/var/www/kalakar/src/payment/views.py changed, reloading.
Performing system checks...

System check identified no issues (0 silenced).
March 19, 2025 - 07:02:23
Django version 5.1.4, using settings 'root.settings'
Starting development server at http://0.0.0.0:8000/
Quit the server with CONTROL-C.

Watching for file changes with StatReloader
[20/Mar/2025 09:08:28] "GET /admin/ HTTP/1.0" 200 12070
[20/Mar/2025 09:08:28] "GET /favicon.ico/ HTTP/1.0" 200 48472
[20/Mar/2025 09:08:44] "POST /payment/callback/ HTTP/1.0" 200 54
Performing system checks...

System check identified no issues (0 silenced).
March 20, 2025 - 09:07:30
Django version 5.1.4, using settings 'root.settings'
Starting development server at http://0.0.0.0:8000/
Quit the server with CONTROL-C.

Content-Type: multipart/alternative;
 boundary="===============1722062614723865714=="
MIME-Version: 1.0
Subject: Your Account Credentials - Payment Received
From: webmaster@localhost
To: handifodvishal@mailinator.com
Date: Thu, 20 Mar 2025 09:08:45 -0000
Message-ID: <174246172521.368836.11991484147687576525@ubuntu-24.localhost>

--===============1722062614723865714==
Content-Type: text/plain; charset="utf-8"
MIME-Version: 1.0
Content-Transfer-Encoding: 7bit



    
        Your Account Credentials
        
        body { font-family: Arial, sans-serif; color: #333; }
        .container { padding: 20px; max-width: 600px; margin: auto; border: 1px solid #ddd; border-radius: 10px; }
        .button { background-color: #007bff; color: white; padding: 10px 15px; text-decoration: none; border-radius: 5px; display: inline-block; margin-top: 15px; }
        
    
    
        
            Hello abcvishal handifodvishal,
            Your account has been created successfully!
            
                Amount of RS10.0 is received
            
            Here is your account credentials !
            
                Username: handifodvishal@mailinator.com
            
            
                Password: zWpwvG0!
            
            You can log in using the button below:
            Login Now
            If you didn't request this, please ignore this email.
            
                Thanks,
                
                Your Team
            
        
    


--===============1722062614723865714==
Content-Type: text/html; charset="utf-8"
MIME-Version: 1.0
Content-Transfer-Encoding: 7bit

<!DOCTYPE html>
<html>
    <head>
        <title>Your Account Credentials</title>
        <style>
        body { font-family: Arial, sans-serif; color: #333; }
        .container { padding: 20px; max-width: 600px; margin: auto; border: 1px solid #ddd; border-radius: 10px; }
        .button { background-color: #007bff; color: white; padding: 10px 15px; text-decoration: none; border-radius: 5px; display: inline-block; margin-top: 15px; }
        </style>
    </head>
    <body>
        <div class="container">
            <h2>Hello abcvishal handifodvishal,</h2>
            <p>Your account has been created successfully!</p>
            <p>
                Amount of RS<strong>10.0</strong> is received
            </p>
            <p>Here is your account credentials !</p>
            <p>
                <strong>Username:</strong> handifodvishal@mailinator.com
            </p>
            <p>
                <strong>Password:</strong> zWpwvG0!
            </p>
            <p>You can log in using the button below:</p>
            <a href="#" class="button">Login Now</a>
            <p>If you didn't request this, please ignore this email.</p>
            <p>
                Thanks,
                <br>
                Your Team
            </p>
        </div>
    </body>
</html>

--===============1722062614723865714==--

-------------------------------------------------------------------------------
[20/Mar/2025 09:08:45] "POST /payment/callback/ HTTP/1.0" 200 106
[20/Mar/2025 09:09:16] "GET /accounts/login/ HTTP/1.0" 200 55095
Forbidden (Origin checking failed - https://kalagurubyirarangoliarts.com does not match any trusted origins.): /accounts/login/
[20/Mar/2025 09:09:39] "POST /accounts/login/ HTTP/1.0" 403 4372
[20/Mar/2025 09:09:48] "GET /accounts/login/ HTTP/1.0" 200 55095
Forbidden (Origin checking failed - https://kalagurubyirarangoliarts.com does not match any trusted origins.): /accounts/login/
[20/Mar/2025 09:09:55] "POST /accounts/login/ HTTP/1.0" 403 4372
[20/Mar/2025 09:10:16] "GET / HTTP/1.0" 302 0
[20/Mar/2025 09:10:16] "GET /accounts/login/?next=/ HTTP/1.0" 200 55096
Forbidden (Origin checking failed - https://kalagurubyirarangoliarts.com does not match any trusted origins.): /accounts/login/
[20/Mar/2025 09:10:22] "POST /accounts/login/ HTTP/1.0" 403 4372
[20/Mar/2025 09:10:49] "GET /accounts/login/ HTTP/1.0" 200 55095
[20/Mar/2025 09:10:54] "GET /admin/ HTTP/1.0" 200 12070
[20/Mar/2025 09:10:54] "GET /favicon.ico/ HTTP/1.0" 200 48472
[20/Mar/2025 09:10:57] "GET /admin/accounts/user/ HTTP/1.0" 200 19455
[20/Mar/2025 09:10:57] "GET /admin/jsi18n/ HTTP/1.0" 200 3342
[20/Mar/2025 09:10:57] "GET /favicon.ico/ HTTP/1.0" 200 48472
[20/Mar/2025 09:11:02] "GET /admin/accounts/user/6/change/ HTTP/1.0" 200 31985
[20/Mar/2025 09:11:02] "GET /admin/jsi18n/ HTTP/1.0" 200 3342
[20/Mar/2025 09:11:03] "GET /favicon.ico/ HTTP/1.0" 200 48472
[20/Mar/2025 09:14:46] "GET /accounts/login/?next=/ HTTP/1.0" 200 55096
Forbidden (Origin checking failed - https://kalagurubyirarangoliarts.com does not match any trusted origins.): /accounts/login/
[20/Mar/2025 09:15:09] "POST /accounts/login/ HTTP/1.0" 403 4372
/var/www/kalakar/src/root/settings.py changed, reloading.
{"result":true,"phone_number":"919021836157","template_name":"kalaguru_login","parameteres":[{"name":"name","value":"abcvishal handifodvishal"},{"name":"Login_url","value":"https://kalagurubyirarangoliarts.com/accounts/login/"},{"name":"username","value":"handifodvishal@mailinator.com"},{"name":"password","value":"zWpwvG0!"},{"name":"faq_link","value":"https://kalagurubyirarangoliarts.com"}],"contact":{"id":"67d81f686c22c33a01a2df8e","tenantId":"415778","wAid":"919021836157","firstName":"Vishal","fullName":"Vishal","phone":"919021836157","source":null,"contactStatus":"VALID","photo":null,"created":"Mar-17-2025","customParams":[{"name":"name","value":"Vishal"},{"name":"phone","value":"919021836157"}],"optedIn":false,"isDeleted":false,"lastUpdated":"2025-03-17T13:11:04.584Z","allowBroadcast":true,"allowSMS":true,"teamIds":["67cedfa31009e69744dd4b48"],"isInFlow":false,"isInTestFlow":false,"lastFlowId":null,"currentFlowNodeId":null,"selectedHubspotId":"","channelId":null,"displayId":null,"contactLinkId":null,"waChannelPhone":null,"igPhoneSource":0,"mgPhoneSource":0,"tagName":null,"messengerPageName":"","paylinkSettings":null},"model":{"ids":["67d81f686c22c33a01a2df8e"]},"validWhatsAppNumber":true}
Traceback (most recent call last):
  File "/var/www/kalakar/src/manage.py", line 22, in <module>
    main()
  File "/var/www/kalakar/src/manage.py", line 18, in main
    execute_from_command_line(sys.argv)
  File "/var/www/kalakar/venv/lib/python3.12/site-packages/django/core/management/__init__.py", line 442, in execute_from_command_line
    utility.execute()
  File "/var/www/kalakar/venv/lib/python3.12/site-packages/django/core/management/__init__.py", line 382, in execute
    settings.INSTALLED_APPS
  File "/var/www/kalakar/venv/lib/python3.12/site-packages/django/conf/__init__.py", line 81, in __getattr__
    self._setup(name)
  File "/var/www/kalakar/venv/lib/python3.12/site-packages/django/conf/__init__.py", line 68, in _setup
    self._wrapped = Settings(settings_module)
                    ^^^^^^^^^^^^^^^^^^^^^^^^^
  File "/var/www/kalakar/venv/lib/python3.12/site-packages/django/conf/__init__.py", line 166, in __init__
    mod = importlib.import_module(self.SETTINGS_MODULE)
          ^^^^^^^^^^^^^^^^^^^^^^^^^^^^^^^^^^^^^^^^^^^^^
  File "/usr/lib/python3.12/importlib/__init__.py", line 90, in import_module
    return _bootstrap._gcd_import(name[level:], package, level)
           ^^^^^^^^^^^^^^^^^^^^^^^^^^^^^^^^^^^^^^^^^^^^^^^^^^^^
  File "<frozen importlib._bootstrap>", line 1387, in _gcd_import
  File "<frozen importlib._bootstrap>", line 1360, in _find_and_load
  File "<frozen importlib._bootstrap>", line 1331, in _find_and_load_unlocked
  File "<frozen importlib._bootstrap>", line 935, in _load_unlocked
  File "<frozen importlib._bootstrap_external>", line 991, in exec_module
  File "<frozen importlib._bootstrap_external>", line 1129, in get_code
  File "<frozen importlib._bootstrap_external>", line 1059, in source_to_code
  File "<frozen importlib._bootstrap>", line 488, in _call_with_frames_removed
  File "/var/www/kalakar/src/root/settings.py", line 57
    <<<<<<< HEAD
    ^^
SyntaxError: invalid syntax
Watching for file changes with StatReloader
[20/Mar/2025 09:26:54] "GET /accounts/login/ HTTP/1.0" 200 49480
[20/Mar/2025 09:27:06] "POST /accounts/login/ HTTP/1.0" 302 0
[20/Mar/2025 09:27:06] "GET /accounts/dashboard/ HTTP/1.0" 200 39271
[20/Mar/2025 09:27:08] "GET / HTTP/1.0" 302 0
[20/Mar/2025 09:27:08] "GET /accounts/login/?next=/ HTTP/1.0" 200 49481
[20/Mar/2025 09:27:11] "GET /accounts/profile/ HTTP/1.0" 200 58139
[20/Mar/2025 09:27:18] "GET / HTTP/1.0" 302 0
[20/Mar/2025 09:27:18] "GET /accounts/login/?next=/ HTTP/1.0" 200 49481
[20/Mar/2025 09:27:30] "GET /accounts/login/?next=/ HTTP/1.0" 200 49481
[20/Mar/2025 09:27:32] "GET / HTTP/1.0" 200 15623
[20/Mar/2025 09:27:32] "GET /favicon.ico/ HTTP/1.0" 200 49092
[20/Mar/2025 09:27:48] "GET / HTTP/1.0" 302 0
[20/Mar/2025 09:27:48] "GET /accounts/login/?next=/ HTTP/1.0" 200 49481
[20/Mar/2025 09:31:26] "GET / HTTP/1.0" 302 0
[20/Mar/2025 09:31:26] "GET /accounts/login/?next=/ HTTP/1.0" 200 49481
/var/www/kalakar/src/root/settings.py changed, reloading.
Performing system checks...

System check identified no issues (0 silenced).
March 20, 2025 - 09:26:46
Django version 5.1.4, using settings 'root.settings'
Starting development server at http://0.0.0.0:8000/
Quit the server with CONTROL-C.

Traceback (most recent call last):
  File "/var/www/kalakar/src/manage.py", line 22, in <module>
    main()
  File "/var/www/kalakar/src/manage.py", line 18, in main
    execute_from_command_line(sys.argv)
  File "/var/www/kalakar/venv/lib/python3.12/site-packages/django/core/management/__init__.py", line 442, in execute_from_command_line
    utility.execute()
  File "/var/www/kalakar/venv/lib/python3.12/site-packages/django/core/management/__init__.py", line 382, in execute
    settings.INSTALLED_APPS
  File "/var/www/kalakar/venv/lib/python3.12/site-packages/django/conf/__init__.py", line 81, in __getattr__
    self._setup(name)
  File "/var/www/kalakar/venv/lib/python3.12/site-packages/django/conf/__init__.py", line 68, in _setup
    self._wrapped = Settings(settings_module)
                    ^^^^^^^^^^^^^^^^^^^^^^^^^
  File "/var/www/kalakar/venv/lib/python3.12/site-packages/django/conf/__init__.py", line 166, in __init__
    mod = importlib.import_module(self.SETTINGS_MODULE)
          ^^^^^^^^^^^^^^^^^^^^^^^^^^^^^^^^^^^^^^^^^^^^^
  File "/usr/lib/python3.12/importlib/__init__.py", line 90, in import_module
    return _bootstrap._gcd_import(name[level:], package, level)
           ^^^^^^^^^^^^^^^^^^^^^^^^^^^^^^^^^^^^^^^^^^^^^^^^^^^^
  File "<frozen importlib._bootstrap>", line 1387, in _gcd_import
  File "<frozen importlib._bootstrap>", line 1360, in _find_and_load
  File "<frozen importlib._bootstrap>", line 1331, in _find_and_load_unlocked
  File "<frozen importlib._bootstrap>", line 935, in _load_unlocked
  File "<frozen importlib._bootstrap_external>", line 995, in exec_module
  File "<frozen importlib._bootstrap>", line 488, in _call_with_frames_removed
  File "/var/www/kalakar/src/root/settings.py", line 186, in <module>
    DEFAULT_FROM_EMAIL = config("DEFAULT_FROM_EMAIL")
                         ^^^^^^^^^^^^^^^^^^^^^^^^^^^^
  File "/var/www/kalakar/venv/lib/python3.12/site-packages/decouple.py", line 248, in __call__
    return self.config(*args, **kwargs)
           ^^^^^^^^^^^^^^^^^^^^^^^^^^^^
  File "/var/www/kalakar/venv/lib/python3.12/site-packages/decouple.py", line 107, in __call__
    return self.get(*args, **kwargs)
           ^^^^^^^^^^^^^^^^^^^^^^^^^
  File "/var/www/kalakar/venv/lib/python3.12/site-packages/decouple.py", line 92, in get
    raise UndefinedValueError('{} not found. Declare it as envvar or define a default value.'.format(option))
decouple.UndefinedValueError: DEFAULT_FROM_EMAIL not found. Declare it as envvar or define a default value.
Watching for file changes with StatReloader
[20/Mar/2025 09:33:36] "GET / HTTP/1.0" 302 0
[20/Mar/2025 09:33:36] "GET /accounts/login/?next=/ HTTP/1.0" 200 49481
[20/Mar/2025 09:33:39] "GET / HTTP/1.0" 302 0
[20/Mar/2025 09:33:39] "GET /accounts/login/?next=/ HTTP/1.0" 200 49481
[20/Mar/2025 09:33:43] "GET / HTTP/1.0" 302 0
[20/Mar/2025 09:33:43] "GET /accounts/login/?next=/ HTTP/1.0" 200 49481
[20/Mar/2025 09:34:26] "GET / HTTP/1.0" 302 0
/var/www/kalakar/src/root/settings.py changed, reloading.
Performing system checks...

System check identified no issues (0 silenced).
March 20, 2025 - 09:33:33
Django version 5.1.4, using settings 'root.settings'
Starting development server at http://0.0.0.0:8000/
Quit the server with CONTROL-C.

Watching for file changes with StatReloader
Exception in thread django-main-thread:
Traceback (most recent call last):
  File "/usr/lib/python3.12/threading.py", line 1073, in _bootstrap_inner
    self.run()
  File "/usr/lib/python3.12/threading.py", line 1010, in run
    self._target(*self._args, **self._kwargs)
  File "/var/www/kalakar/venv/lib/python3.12/site-packages/django/utils/autoreload.py", line 64, in wrapper
    fn(*args, **kwargs)
  File "/var/www/kalakar/venv/lib/python3.12/site-packages/django/core/management/commands/runserver.py", line 134, in inner_run
    self.check(display_num_errors=True)
  File "/var/www/kalakar/venv/lib/python3.12/site-packages/django/core/management/base.py", line 563, in check
    raise SystemCheckError(msg)
django.core.management.base.SystemCheckError: SystemCheckError: System check identified some issues:

ERRORS:
?: (admin.E408) 'django.contrib.auth.middleware.AuthenticationMiddleware' must be in MIDDLEWARE in order to use the admin application.

System check identified 1 issue (0 silenced).
/var/www/kalakar/src/pages/views.py changed, reloading.
Performing system checks...

Watching for file changes with StatReloader
Exception in thread django-main-thread:
Traceback (most recent call last):
  File "/usr/lib/python3.12/threading.py", line 1073, in _bootstrap_inner
    self.run()
  File "/usr/lib/python3.12/threading.py", line 1010, in run
    self._target(*self._args, **self._kwargs)
  File "/var/www/kalakar/venv/lib/python3.12/site-packages/django/utils/autoreload.py", line 64, in wrapper
    fn(*args, **kwargs)
  File "/var/www/kalakar/venv/lib/python3.12/site-packages/django/core/management/commands/runserver.py", line 134, in inner_run
    self.check(display_num_errors=True)
  File "/var/www/kalakar/venv/lib/python3.12/site-packages/django/core/management/base.py", line 563, in check
    raise SystemCheckError(msg)
django.core.management.base.SystemCheckError: SystemCheckError: System check identified some issues:

ERRORS:
?: (admin.E408) 'django.contrib.auth.middleware.AuthenticationMiddleware' must be in MIDDLEWARE in order to use the admin application.

System check identified 1 issue (0 silenced).
/var/www/kalakar/src/root/settings.py changed, reloading.
Performing system checks...

Watching for file changes with StatReloader
[20/Mar/2025 09:38:28] "GET / HTTP/1.0" 200 15623
[20/Mar/2025 09:38:28] "GET /favicon.ico HTTP/1.0" 301 0
[20/Mar/2025 09:38:28] "GET /favicon.ico/ HTTP/1.0" 302 0
[20/Mar/2025 09:38:28] "GET /accounts/login/?next=/favicon.ico/ HTTP/1.0" 200 49493
[20/Mar/2025 09:38:38] "GET / HTTP/1.0" 200 15623
[20/Mar/2025 09:38:39] "GET /favicon.ico HTTP/1.0" 301 0
[20/Mar/2025 09:38:39] "GET /favicon.ico/ HTTP/1.0" 302 0
[20/Mar/2025 09:38:39] "GET /accounts/login/?next=/favicon.ico/ HTTP/1.0" 200 49493
[20/Mar/2025 09:38:44] "GET /accounts/login/?next=/ HTTP/1.0" 200 49481
[20/Mar/2025 09:38:47] "GET / HTTP/1.0" 200 15623
[20/Mar/2025 09:39:26] "GET /robots.txt HTTP/1.0" 301 0
[20/Mar/2025 09:39:28] "GET / HTTP/1.0" 200 15623
[20/Mar/2025 09:39:29] "GET / HTTP/1.0" 200 15623
[20/Mar/2025 09:39:30] "GET /favicon.ico HTTP/1.0" 301 0
[20/Mar/2025 09:39:30] "GET /favicon.ico/ HTTP/1.0" 302 0
[20/Mar/2025 09:39:30] "GET /accounts/login/?next=/favicon.ico/ HTTP/1.0" 200 49493
[20/Mar/2025 09:39:37] "GET /privacyandpolicy.html HTTP/1.0" 301 0
[20/Mar/2025 09:39:45] "GET /termandcondition.html HTTP/1.0" 301 0
[20/Mar/2025 09:39:53] "GET /privacyandpolicy.html/ HTTP/1.0" 302 0
[20/Mar/2025 09:40:01] "GET /returnpolicy.html HTTP/1.0" 301 0
[20/Mar/2025 09:40:09] "GET /accounts/login/?next=/privacyandpolicy.html/ HTTP/1.0" 200 49503
[20/Mar/2025 09:40:18] "GET /zoom-meetings-details/ HTTP/1.0" 302 0
[20/Mar/2025 09:40:26] "GET /accounts/login/?next=/zoom-meetings-details/ HTTP/1.0" 200 49503
[20/Mar/2025 09:40:34] "GET /cart/ HTTP/1.0" 302 0
[20/Mar/2025 09:40:42] "GET /home-2/ HTTP/1.0" 302 0
[20/Mar/2025 09:40:51] "GET /home-9-dark/ HTTP/1.0" 302 0
[20/Mar/2025 09:40:59] "GET /admin-settings/ HTTP/1.0" 302 0
[20/Mar/2025 09:41:01] "GET /termandcondition.html HTTP/1.0" 301 0
[20/Mar/2025 09:41:01] "GET /termandcondition.html/ HTTP/1.0" 302 0
[20/Mar/2025 09:41:01] "GET /accounts/login/?next=/termandcondition.html/ HTTP/1.0" 200 49503
[20/Mar/2025 09:41:07] "GET /admin-reviews/ HTTP/1.0" 302 0
[20/Mar/2025 09:41:15] "GET /blog-dark/ HTTP/1.0" 302 0
[20/Mar/2025 09:41:19] "GET / HTTP/1.0" 200 15623
[20/Mar/2025 09:41:20] "GET /favicon.ico HTTP/1.0" 301 0
[20/Mar/2025 09:41:20] "GET /favicon.ico/ HTTP/1.0" 302 0
[20/Mar/2025 09:41:20] "GET /accounts/login/?next=/favicon.ico/ HTTP/1.0" 200 49493
[20/Mar/2025 09:41:23] "GET /instructor-wishlist/ HTTP/1.0" 302 0
[20/Mar/2025 09:41:25] "GET /returnpolicy.html HTTP/1.0" 301 0
[20/Mar/2025 09:41:25] "GET /returnpolicy.html/ HTTP/1.0" 302 0
[20/Mar/2025 09:41:25] "GET /accounts/login/?next=/returnpolicy.html/ HTTP/1.0" 200 49499
[20/Mar/2025 09:41:32] "GET /course-details-3/ HTTP/1.0" 302 0
[20/Mar/2025 09:41:40] "GET / HTTP/1.0" 200 15623
[20/Mar/2025 09:41:48] "GET /home-10/ HTTP/1.0" 302 0
[20/Mar/2025 09:41:57] "GET /become-an-instructor/ HTTP/1.0" 302 0
[20/Mar/2025 09:42:05] "GET /course-list/ HTTP/1.0" 302 0
[20/Mar/2025 09:42:14] "GET /accounts/login/?next=/blog-dark/ HTTP/1.0" 200 49491
[20/Mar/2025 09:42:22] "GET /course-dark/ HTTP/1.0" 302 0
[20/Mar/2025 09:42:31] "GET /course-grid/ HTTP/1.0" 302 0
[20/Mar/2025 09:42:39] "GET /login/ HTTP/1.0" 302 0
[20/Mar/2025 09:42:47] "GET /home-10-dark/ HTTP/1.0" 302 0
[20/Mar/2025 09:42:55] "GET /accounts/login/?next=/home-10/ HTTP/1.0" 200 49489
[20/Mar/2025 09:43:03] "GET /student-reviews/ HTTP/1.0" 302 0
[20/Mar/2025 09:43:12] "GET /home-3/ HTTP/1.0" 302 0
[20/Mar/2025 09:43:20] "GET /accounts/login/?next=/home-3/ HTTP/1.0" 200 49488
[20/Mar/2025 09:43:28] "GET /home-4/ HTTP/1.0" 302 0
[20/Mar/2025 09:43:36] "GET /instructor-courses/ HTTP/1.0" 302 0
[20/Mar/2025 09:43:44] "GET /accounts/login/?next=/course-details-3/ HTTP/1.0" 200 49498
[20/Mar/2025 09:43:49] "GET / HTTP/1.0" 200 15623
[20/Mar/2025 09:43:53] "GET /instructor-dashboard/ HTTP/1.0" 302 0
[20/Mar/2025 09:44:01] "GET /accounts/login/?next=/instructor-courses/ HTTP/1.0" 200 49500
[20/Mar/2025 09:45:01] "GET /home-5/ HTTP/1.0" 302 0
[20/Mar/2025 09:45:10] "GET /error-dark/ HTTP/1.0" 302 0
[20/Mar/2025 09:45:18] "GET /event-details/ HTTP/1.0" 302 0
[20/Mar/2025 09:45:27] "GET /about-dark/ HTTP/1.0" 302 0
[20/Mar/2025 09:45:27] "GET / HTTP/1.0" 200 15117
[20/Mar/2025 09:45:28] "GET /favicon.ico/ HTTP/1.0" 200 49092
Not Found: /accounts/login/returnpolicy.html
[20/Mar/2025 09:45:35] "GET /accounts/login/returnpolicy.html HTTP/1.0" 404 8869
[20/Mar/2025 09:45:41] "GET / HTTP/1.0" 200 15118
[20/Mar/2025 09:45:41] "GET /favicon.ico/ HTTP/1.0" 200 49092
Not Found: /accounts/login/privacyandpolicy.html
[20/Mar/2025 09:45:43] "GET /accounts/login/privacyandpolicy.html HTTP/1.0" 404 8881
[20/Mar/2025 09:45:52] "GET /instructor-annoucements/ HTTP/1.0" 302 0
[20/Mar/2025 09:46:00] "GET /admin-dashboard/ HTTP/1.0" 302 0
[20/Mar/2025 09:46:09] "GET /admin-quiz/ HTTP/1.0" 302 0
[20/Mar/2025 09:46:17] "GET /instructor-message/ HTTP/1.0" 302 0
[20/Mar/2025 09:46:25] "GET /accounts/login/?next=/instructor-wishlist/ HTTP/1.0" 200 49501
[20/Mar/2025 09:46:34] "GET /accounts/login/?next=/event-details/ HTTP/1.0" 200 49495
[20/Mar/2025 09:46:43] "GET /home-8-dark/ HTTP/1.0" 302 0
[20/Mar/2025 09:46:50] "GET /student-assignments/ HTTP/1.0" 302 0
[20/Mar/2025 09:46:59] "GET /accounts/login/?next=/home-10-dark/ HTTP/1.0" 200 49494
[20/Mar/2025 09:47:07] "GET /returnpolicy.html/ HTTP/1.0" 302 0
[20/Mar/2025 09:47:16] "GET /accounts/login/?next=/course-grid/ HTTP/1.0" 200 49493
[20/Mar/2025 09:47:24] "GET /home-6-dark/ HTTP/1.0" 302 0
[20/Mar/2025 09:47:32] "GET /course-grid-dark/ HTTP/1.0" 302 0
[20/Mar/2025 09:47:41] "GET /meeting-details-dark/ HTTP/1.0" 302 0
[20/Mar/2025 09:47:49] "GET /accounts/login/?next=/meeting-details-dark/ HTTP/1.0" 200 49502
[20/Mar/2025 09:47:57] "GET /login-dark/ HTTP/1.0" 302 0
[20/Mar/2025 09:48:06] "GET /accounts/login/?next=/home-8-dark/ HTTP/1.0" 200 49493
[20/Mar/2025 09:48:14] "GET /accounts/login/?next=/instructor-annoucements/ HTTP/1.0" 200 49505
[20/Mar/2025 09:48:22] "GET /instructor/ HTTP/1.0" 302 0
[20/Mar/2025 09:48:31] "GET /blog-details-dark/ HTTP/1.0" 302 0
[20/Mar/2025 09:48:39] "GET /student-settings/ HTTP/1.0" 302 0
[20/Mar/2025 09:48:48] "GET /home-2-dark/ HTTP/1.0" 302 0
[20/Mar/2025 09:48:56] "GET /accounts/login/?next=/student-settings/ HTTP/1.0" 200 49498
[20/Mar/2025 09:49:05] "GET /student-dashboard/ HTTP/1.0" 302 0
[20/Mar/2025 09:49:14] "GET /accounts/login/?next=/instructor-message/ HTTP/1.0" 200 49500
[20/Mar/2025 09:49:22] "GET /accounts/login/?next=/returnpolicy.html/ HTTP/1.0" 200 49499
[20/Mar/2025 09:49:31] "GET /robots.txt HTTP/1.0" 301 0
[20/Mar/2025 09:49:34] "GET /lessons/ HTTP/1.0" 302 0
[20/Mar/2025 09:49:42] "GET /course-details/ HTTP/1.0" 302 0
[20/Mar/2025 09:49:50] "GET /zoom-meetings/ HTTP/1.0" 302 0
[20/Mar/2025 09:49:59] "GET /accounts/login/?next=/error-dark/ HTTP/1.0" 200 49492
[20/Mar/2025 09:50:07] "GET /home-8/ HTTP/1.0" 302 0
[20/Mar/2025 09:50:16] "GET /accounts/login/?next=/home-2-dark/ HTTP/1.0" 200 49493
[20/Mar/2025 09:50:24] "GET /accounts/login/?next=/student-reviews/ HTTP/1.0" 200 49497
[20/Mar/2025 09:50:33] "GET /home-11-dark/ HTTP/1.0" 302 0
[20/Mar/2025 09:50:42] "GET /maintenance/ HTTP/1.0" 302 0
[20/Mar/2025 09:50:46] "GET / HTTP/1.0" 200 48171
[20/Mar/2025 09:50:50] "GET /accounts/login/?next=/instructor-dashboard/ HTTP/1.0" 200 49502
[20/Mar/2025 09:50:59] "GET /course-list-dark/ HTTP/1.0" 302 0
[20/Mar/2025 09:51:07] "GET /wishlist/ HTTP/1.0" 302 0
[20/Mar/2025 09:51:13] "GET / HTTP/1.0" 200 46791
[20/Mar/2025 09:51:15] "GET /accounts/login/?next=/lessons/ HTTP/1.0" 200 49489
[20/Mar/2025 09:51:23] "GET /instructor-profile/ HTTP/1.0" 302 0
[20/Mar/2025 09:51:32] "GET /instructor-quiz/ HTTP/1.0" 302 0
[20/Mar/2025 09:51:40] "GET /accounts/login/?next=/instructor-profile/ HTTP/1.0" 200 49500
[20/Mar/2025 09:51:48] "GET /accounts/login/?next=/home-5/ HTTP/1.0" 200 49488
[20/Mar/2025 09:51:57] "GET /home-6/ HTTP/1.0" 302 0
[20/Mar/2025 09:52:05] "GET /instructor-detail/ HTTP/1.0" 302 0
[20/Mar/2025 09:52:14] "GET /instructor-order-history/ HTTP/1.0" 302 0
[20/Mar/2025 09:52:22] "GET /admin-course/ HTTP/1.0" 302 0
[20/Mar/2025 09:52:31] "GET /checkout/ HTTP/1.0" 302 0
[20/Mar/2025 09:52:39] "GET /accounts/login/?next=/student-assignments/ HTTP/1.0" 200 49501
[20/Mar/2025 09:52:47] "GET /accounts/login/?next=/admin-settings/ HTTP/1.0" 200 49496
[20/Mar/2025 09:52:56] "GET /termandcondition.html/ HTTP/1.0" 302 0
[20/Mar/2025 09:53:05] "GET /accounts/login/?next=/instructor/ HTTP/1.0" 200 49492
[20/Mar/2025 09:53:13] "GET /course-details-2-dark/ HTTP/1.0" 302 0
[20/Mar/2025 09:53:21] "GET /student-wishlist/ HTTP/1.0" 302 0
[20/Mar/2025 09:53:30] "GET /ecommerce-shop/ HTTP/1.0" 302 0
[20/Mar/2025 09:53:38] "GET /home-11/ HTTP/1.0" 302 0
[20/Mar/2025 09:53:46] "GET /course-details-3-dark/ HTTP/1.0" 302 0
[20/Mar/2025 09:53:47] "GET / HTTP/1.0" 200 49977
[20/Mar/2025 09:53:55] "GET /accounts/login/?next=/instructor-quiz/ HTTP/1.0" 200 49497
[20/Mar/2025 09:54:04] "GET /accounts/login/?next=/instructor-order-history/ HTTP/1.0" 200 49506
[20/Mar/2025 09:54:13] "GET /instructor-assignments/ HTTP/1.0" 302 0
[20/Mar/2025 09:54:22] "GET /accounts/login/?next=/admin-dashboard/ HTTP/1.0" 200 49497
[20/Mar/2025 09:54:30] "GET /accounts/login/?next=/home-6-dark/ HTTP/1.0" 200 49493
[20/Mar/2025 09:54:33] "GET /robots.txt HTTP/1.0" 301 0
[20/Mar/2025 09:54:34] "GET /robots.txt/ HTTP/1.0" 302 0
[20/Mar/2025 09:54:34] "GET /accounts/login/?next=/robots.txt/ HTTP/1.0" 200 49492
[20/Mar/2025 09:54:39] "GET /error/ HTTP/1.0" 302 0
[20/Mar/2025 09:54:39] "GET / HTTP/1.0" 200 49977
[20/Mar/2025 09:54:47] "GET /accounts/login/?next=/course-list/ HTTP/1.0" 200 49493
[20/Mar/2025 09:54:56] "GET /product-details/ HTTP/1.0" 302 0
[20/Mar/2025 09:55:05] "GET /student-message/ HTTP/1.0" 302 0
[20/Mar/2025 09:55:12] "GET /student-profile/ HTTP/1.0" 302 0
[20/Mar/2025 09:55:21] "GET /accounts/login/?next=/student-profile/ HTTP/1.0" 200 49497
[20/Mar/2025 09:55:29] "GET /blog/ HTTP/1.0" 302 0
[20/Mar/2025 09:55:38] "GET /home-7-dark/ HTTP/1.0" 302 0
[20/Mar/2025 09:55:46] "GET /index-dark/ HTTP/1.0" 302 0
[20/Mar/2025 09:55:54] "GET /admin-message/ HTTP/1.0" 302 0
[20/Mar/2025 09:55:58] "GET / HTTP/1.0" 200 50424
[20/Mar/2025 09:56:03] "GET /accounts/login/?next=/become-an-instructor/ HTTP/1.0" 200 49502
[20/Mar/2025 09:56:12] "GET /accounts/login/?next=/student-dashboard/ HTTP/1.0" 200 49499
[20/Mar/2025 09:56:20] "GET /accounts/login/?next=/home-6/ HTTP/1.0" 200 49488
[20/Mar/2025 09:56:29] "GET /accounts/login/?next=/about-dark/ HTTP/1.0" 200 49492
[20/Mar/2025 09:56:37] "GET /accounts/login/?next=/blog-details-dark/ HTTP/1.0" 200 49499
[20/Mar/2025 09:56:46] "GET /accounts/login/?next=/admin-quiz/ HTTP/1.0" 200 49492
[20/Mar/2025 09:56:54] "GET /accounts/login/?next=/student-message/ HTTP/1.0" 200 49497
[20/Mar/2025 09:57:01] "GET / HTTP/1.0" 200 50445
[20/Mar/2025 09:57:03] "GET /accounts/login/?next=/course-details-2-dark/ HTTP/1.0" 200 49503
[20/Mar/2025 09:57:11] "GET /accounts/login/?next=/instructor-assignments/ HTTP/1.0" 200 49504
[20/Mar/2025 09:57:19] "GET /accounts/login/?next=/admin-course/ HTTP/1.0" 200 49494
[20/Mar/2025 09:57:28] "GET / HTTP/1.0" 200 50407
[20/Mar/2025 09:57:28] "GET /accounts/login/?next=/home-2/ HTTP/1.0" 200 49488
[20/Mar/2025 09:57:36] "GET /accounts/login/?next=/home-9-dark/ HTTP/1.0" 200 49493
[20/Mar/2025 09:57:45] "GET /accounts/login/?next=/login-dark/ HTTP/1.0" 200 49492
[20/Mar/2025 09:57:53] "GET /home-4-dark/ HTTP/1.0" 302 0
[20/Mar/2025 09:58:01] "GET /student-quiz/ HTTP/1.0" 302 0
[20/Mar/2025 09:58:10] "GET /zoom-meetings-dark/ HTTP/1.0" 302 0
[20/Mar/2025 09:58:18] "GET /accounts/login/?next=/product-details/ HTTP/1.0" 200 49497
Not Found: /accounts/login/termandcondition.html
[20/Mar/2025 09:58:27] "GET /accounts/login/termandcondition.html HTTP/1.0" 404 8881
[20/Mar/2025 09:58:35] "GET /about/ HTTP/1.0" 302 0
[20/Mar/2025 09:58:43] "GET /accounts/login/?next=/zoom-meetings-dark/ HTTP/1.0" 200 49500
[20/Mar/2025 09:58:52] "GET /accounts/login/?next=/wishlist/ HTTP/1.0" 200 49490
[20/Mar/2025 09:59:00] "GET /accounts/login/?next=/home-11/ HTTP/1.0" 200 49489
[20/Mar/2025 09:59:10] "GET /student-enrolled-course/ HTTP/1.0" 302 0
[20/Mar/2025 09:59:18] "GET /accounts/login/?next=/cart/ HTTP/1.0" 200 49486
[20/Mar/2025 09:59:26] "GET /home-7/ HTTP/1.0" 302 0
[20/Mar/2025 09:59:35] "GET /robots.txt HTTP/1.0" 301 0
[20/Mar/2025 09:59:37] "GET /accounts/login/?next=/student-enrolled-course/ HTTP/1.0" 200 49505
[20/Mar/2025 09:59:46] "GET /accounts/login/?next=/home-4-dark/ HTTP/1.0" 200 49493
[20/Mar/2025 09:59:54] "GET /accounts/login/?next=/home-4/ HTTP/1.0" 200 49488
[20/Mar/2025 10:00:02] "GET /accounts/login/?next=/home-7-dark/ HTTP/1.0" 200 49493
[20/Mar/2025 10:00:11] "GET /instructor-reviews/ HTTP/1.0" 302 0
[20/Mar/2025 10:00:19] "GET /blog-details/ HTTP/1.0" 302 0
[20/Mar/2025 10:00:27] "GET /home-3-dark/ HTTP/1.0" 302 0
[20/Mar/2025 10:01:11] "GET /accounts/login/?next=/blog/ HTTP/1.0" 200 49486
[20/Mar/2025 10:01:16] "GET / HTTP/1.0" 200 50409
[20/Mar/2025 10:01:20] "GET /course-details-2/ HTTP/1.0" 302 0
[20/Mar/2025 10:01:28] "GET /accounts/login/?next=/course-details-2/ HTTP/1.0" 200 49498
[20/Mar/2025 10:01:37] "GET /accounts/login/?next=/course-list-dark/ HTTP/1.0" 200 49498
[20/Mar/2025 10:01:45] "GET /admin-profile/ HTTP/1.0" 302 0
[20/Mar/2025 10:01:55] "GET /accounts/login/?next=/admin-message/ HTTP/1.0" 200 49495
[20/Mar/2025 10:02:04] "GET /accounts/login/?next=/zoom-meetings/ HTTP/1.0" 200 49495
[20/Mar/2025 10:02:12] "GET /accounts/login/?next=/error/ HTTP/1.0" 200 49487
[20/Mar/2025 10:02:22] "GET /accounts/login/?next=/course-dark/ HTTP/1.0" 200 49493
[20/Mar/2025 10:02:30] "GET /accounts/login/?next=/course-details/ HTTP/1.0" 200 49496
[20/Mar/2025 10:02:39] "GET /accounts/login/?next=/ecommerce-shop/ HTTP/1.0" 200 49496
[20/Mar/2025 10:02:47] "GET /accounts/login/?next=/login/ HTTP/1.0" 200 49487
[20/Mar/2025 10:02:56] "GET /accounts/login/?next=/course-details-3-dark/ HTTP/1.0" 200 49503
[20/Mar/2025 10:03:04] "GET /accounts/login/?next=/home-3-dark/ HTTP/1.0" 200 49493
[20/Mar/2025 10:03:13] "GET /accounts/login/?next=/termandcondition.html/ HTTP/1.0" 200 49503
[20/Mar/2025 10:03:21] "GET /accounts/login/?next=/course-grid-dark/ HTTP/1.0" 200 49498
[20/Mar/2025 10:03:25] "GET / HTTP/1.0" 200 50295
[20/Mar/2025 10:03:30] "GET /accounts/login/?next=/blog-details/ HTTP/1.0" 200 49494
[20/Mar/2025 10:03:39] "GET /instructor-settings/ HTTP/1.0" 302 0
[20/Mar/2025 10:03:47] "GET /instructor-dark/ HTTP/1.0" 302 0
[20/Mar/2025 10:03:55] "GET /accounts/login/?next=/instructor-settings/ HTTP/1.0" 200 49501
[20/Mar/2025 10:04:04] "GET /accounts/login/?next=/admin-reviews/ HTTP/1.0" 200 49495
[20/Mar/2025 10:04:13] "GET /accounts/login/?next=/admin-profile/ HTTP/1.0" 200 49495
[20/Mar/2025 10:04:22] "GET /accounts/login/?next=/student-quiz/ HTTP/1.0" 200 49494
[20/Mar/2025 10:04:30] "GET /accounts/login/?next=/about/ HTTP/1.0" 200 49487
[20/Mar/2025 10:04:39] "GET /accounts/login/?next=/instructor-reviews/ HTTP/1.0" 200 49500
[20/Mar/2025 10:04:47] "GET /accounts/login/?next=/home-8/ HTTP/1.0" 200 49488
[20/Mar/2025 10:04:56] "GET /accounts/login/?next=/checkout/ HTTP/1.0" 200 49490
[20/Mar/2025 10:05:04] "GET /course/ HTTP/1.0" 302 0
[20/Mar/2025 10:05:12] "GET /accounts/login/?next=/home-11-dark/ HTTP/1.0" 200 49494
[20/Mar/2025 10:05:15] "GET / HTTP/1.0" 200 50302
[20/Mar/2025 10:05:21] "GET /create-course/ HTTP/1.0" 302 0
[20/Mar/2025 10:05:29] "GET /index/ HTTP/1.0" 302 0
[20/Mar/2025 10:05:37] "GET /accounts/login/?next=/maintenance/ HTTP/1.0" 200 49493
[20/Mar/2025 10:05:45] "GET /accounts/login/?next=/home-7/ HTTP/1.0" 200 49488
[20/Mar/2025 10:05:54] "GET /home-5-dark/ HTTP/1.0" 302 0
[20/Mar/2025 10:06:00] "GET / HTTP/1.0" 200 50307
[20/Mar/2025 10:06:02] "GET /accounts/login/?next=/home-5-dark/ HTTP/1.0" 200 49493
[20/Mar/2025 10:06:11] "GET /accounts/login/?next=/create-course/ HTTP/1.0" 200 49495
[20/Mar/2025 10:06:19] "GET /home-9/ HTTP/1.0" 302 0
[20/Mar/2025 10:06:27] "GET /accounts/login/?next=/index/ HTTP/1.0" 200 49487
[20/Mar/2025 10:06:36] "GET /maintenance-dark/ HTTP/1.0" 302 0
[20/Mar/2025 10:06:44] "GET /accounts/login/?next=/instructor-detail/ HTTP/1.0" 200 49499
[20/Mar/2025 10:06:53] "GET /accounts/login/?next=/home-9/ HTTP/1.0" 200 49488
[20/Mar/2025 10:07:01] "GET /accounts/login/?next=/index-dark/ HTTP/1.0" 200 49492
[20/Mar/2025 10:07:10] "GET /accounts/login/?next=/instructor-dark/ HTTP/1.0" 200 49497
[20/Mar/2025 10:07:19] "GET /accounts/login/?next=/student-wishlist/ HTTP/1.0" 200 49498
[20/Mar/2025 10:07:27] "GET /instructor-quiz-attempts/ HTTP/1.0" 302 0
[20/Mar/2025 10:07:36] "GET /course-details-dark/ HTTP/1.0" 302 0
[20/Mar/2025 10:07:44] "GET /accounts/login/?next=/course-details-dark/ HTTP/1.0" 200 49501
[20/Mar/2025 10:07:44] "GET / HTTP/1.0" 200 50307
[20/Mar/2025 10:07:53] "GET /accounts/login/?next=/maintenance-dark/ HTTP/1.0" 200 49498
[20/Mar/2025 10:08:01] "GET /accounts/login/?next=/course/ HTTP/1.0" 200 49488
[20/Mar/2025 10:08:10] "GET /accounts/login/?next=/instructor-quiz-attempts/ HTTP/1.0" 200 49506
[20/Mar/2025 10:09:17] "GET / HTTP/1.0" 200 50418
[20/Mar/2025 10:11:16] "GET /coupon/coupon HTTP/1.0" 301 0
[20/Mar/2025 10:11:16] "GET /coupon/coupon/ HTTP/1.0" 200 8535
[20/Mar/2025 10:11:16] "GET /favicon.ico/ HTTP/1.0" 200 49092
[20/Mar/2025 10:14:12] "GET / HTTP/1.0" 200 50423
[20/Mar/2025 10:19:26] "GET / HTTP/1.0" 200 50423
[20/Mar/2025 10:19:35] "GET / HTTP/1.0" 200 50427
[20/Mar/2025 10:20:10] "GET / HTTP/1.0" 200 50427
[20/Mar/2025 10:20:41] "GET /coupon/coupon/ HTTP/1.0" 200 8535
[20/Mar/2025 10:20:45] "GET /favicon.ico HTTP/1.0" 301 0
[20/Mar/2025 10:20:45] "GET /favicon.ico/ HTTP/1.0" 302 0
[20/Mar/2025 10:20:47] "GET /accounts/login/?next=/favicon.ico/ HTTP/1.0" 200 49493
[20/Mar/2025 10:20:57] "GET /coupon/coupon/ HTTP/1.0" 200 8535
[20/Mar/2025 10:20:59] "GET /favicon.ico/ HTTP/1.0" 302 0
[20/Mar/2025 10:20:59] "GET /accounts/login/?next=/favicon.ico/ HTTP/1.0" 200 49493
[20/Mar/2025 10:21:26] "GET / HTTP/1.0" 200 50427
[20/Mar/2025 10:22:26] "GET / HTTP/1.0" 200 50517
[20/Mar/2025 10:23:34] "GET / HTTP/1.0" 200 50522
[20/Mar/2025 10:26:20] "GET / HTTP/1.0" 200 50608
[20/Mar/2025 10:29:15] "GET / HTTP/1.0" 200 50268
[20/Mar/2025 10:32:25] "GET / HTTP/1.0" 200 50265
[20/Mar/2025 10:33:45] "GET /robots.txt HTTP/1.0" 301 0
[20/Mar/2025 10:33:45] "GET /robots.txt/ HTTP/1.0" 302 0
[20/Mar/2025 10:33:45] "GET /accounts/login/?next=/robots.txt/ HTTP/1.0" 200 49184
[20/Mar/2025 10:34:46] "GET /coupon/coupon/ HTTP/1.0" 200 8227
[20/Mar/2025 10:34:46] "GET /favicon.ico/ HTTP/1.0" 200 48784
[20/Mar/2025 10:35:26] "GET /coupon/coupon/ HTTP/1.0" 200 8228
[20/Mar/2025 10:35:27] "GET /favicon.ico/ HTTP/1.0" 200 48785
[20/Mar/2025 10:35:33] "GET / HTTP/1.0" 200 50266
[20/Mar/2025 10:37:32] "GET /coupon/coupon/ HTTP/1.0" 200 10886
[20/Mar/2025 10:37:32] "GET /favicon.ico/ HTTP/1.0" 200 48785
[20/Mar/2025 10:38:00] "GET /coupon/coupon/ HTTP/1.0" 200 10645
[20/Mar/2025 10:38:00] "GET /favicon.ico/ HTTP/1.0" 200 48785
[20/Mar/2025 10:38:43] "GET /coupon/coupon/ HTTP/1.0" 200 9580
[20/Mar/2025 10:38:44] "GET /favicon.ico/ HTTP/1.0" 200 48785
Internal Server Error: /coupon/coupon/
Traceback (most recent call last):
  File "/var/www/kalakar/venv/lib/python3.12/site-packages/django/core/handlers/exception.py", line 55, in inner
    response = get_response(request)
               ^^^^^^^^^^^^^^^^^^^^^
  File "/var/www/kalakar/venv/lib/python3.12/site-packages/django/core/handlers/base.py", line 197, in _get_response
    response = wrapped_callback(request, *callback_args, **callback_kwargs)
               ^^^^^^^^^^^^^^^^^^^^^^^^^^^^^^^^^^^^^^^^^^^^^^^^^^^^^^^^^^^^
  File "/var/www/kalakar/src/coupon/views.py", line 9, in coupon
    return render(request, "coupon/coupon.html")
           ^^^^^^^^^^^^^^^^^^^^^^^^^^^^^^^^^^^^^
  File "/var/www/kalakar/venv/lib/python3.12/site-packages/django/shortcuts.py", line 25, in render
    content = loader.render_to_string(template_name, context, request, using=using)
              ^^^^^^^^^^^^^^^^^^^^^^^^^^^^^^^^^^^^^^^^^^^^^^^^^^^^^^^^^^^^^^^^^^^^^
  File "/var/www/kalakar/venv/lib/python3.12/site-packages/django/template/loader.py", line 61, in render_to_string
    template = get_template(template_name, using=using)
               ^^^^^^^^^^^^^^^^^^^^^^^^^^^^^^^^^^^^^^^^
  File "/var/www/kalakar/venv/lib/python3.12/site-packages/django/template/loader.py", line 15, in get_template
    return engine.get_template(template_name)
           ^^^^^^^^^^^^^^^^^^^^^^^^^^^^^^^^^^
  File "/var/www/kalakar/venv/lib/python3.12/site-packages/django/template/backends/django.py", line 79, in get_template
    return Template(self.engine.get_template(template_name), self)
                    ^^^^^^^^^^^^^^^^^^^^^^^^^^^^^^^^^^^^^^^
  File "/var/www/kalakar/venv/lib/python3.12/site-packages/django/template/engine.py", line 177, in get_template
    template, origin = self.find_template(template_name)
                       ^^^^^^^^^^^^^^^^^^^^^^^^^^^^^^^^^
  File "/var/www/kalakar/venv/lib/python3.12/site-packages/django/template/engine.py", line 159, in find_template
    template = loader.get_template(name, skip=skip)
               ^^^^^^^^^^^^^^^^^^^^^^^^^^^^^^^^^^^^
  File "/var/www/kalakar/venv/lib/python3.12/site-packages/django/template/loaders/cached.py", line 57, in get_template
    template = super().get_template(template_name, skip)
               ^^^^^^^^^^^^^^^^^^^^^^^^^^^^^^^^^^^^^^^^^
  File "/var/www/kalakar/venv/lib/python3.12/site-packages/django/template/loaders/base.py", line 28, in get_template
    return Template(
           ^^^^^^^^^
  File "/var/www/kalakar/venv/lib/python3.12/site-packages/django/template/base.py", line 154, in __init__
    self.nodelist = self.compile_nodelist()
                    ^^^^^^^^^^^^^^^^^^^^^^^
  File "/var/www/kalakar/venv/lib/python3.12/site-packages/django/template/base.py", line 196, in compile_nodelist
    nodelist = parser.parse()
               ^^^^^^^^^^^^^^
  File "/var/www/kalakar/venv/lib/python3.12/site-packages/django/template/base.py", line 518, in parse
    raise self.error(token, e)
  File "/var/www/kalakar/venv/lib/python3.12/site-packages/django/template/base.py", line 516, in parse
    compiled_result = compile_func(self, token)
                      ^^^^^^^^^^^^^^^^^^^^^^^^^
  File "/var/www/kalakar/venv/lib/python3.12/site-packages/django/template/loader_tags.py", line 295, in do_extends
    nodelist = parser.parse()
               ^^^^^^^^^^^^^^
  File "/var/www/kalakar/venv/lib/python3.12/site-packages/django/template/base.py", line 518, in parse
    raise self.error(token, e)
  File "/var/www/kalakar/venv/lib/python3.12/site-packages/django/template/base.py", line 516, in parse
    compiled_result = compile_func(self, token)
                      ^^^^^^^^^^^^^^^^^^^^^^^^^
  File "/var/www/kalakar/venv/lib/python3.12/site-packages/django/template/loader_tags.py", line 234, in do_block
    nodelist = parser.parse(("endblock",))
               ^^^^^^^^^^^^^^^^^^^^^^^^^^^
  File "/var/www/kalakar/venv/lib/python3.12/site-packages/django/template/base.py", line 523, in parse
    self.unclosed_block_tag(parse_until)
  File "/var/www/kalakar/venv/lib/python3.12/site-packages/django/template/base.py", line 586, in unclosed_block_tag
    raise self.error(token, msg)
django.template.exceptions.TemplateSyntaxError: Unclosed tag on line 1: 'block'. Looking for one of: endblock.
[20/Mar/2025 10:44:35] "GET /coupon/coupon/ HTTP/1.0" 500 169115
[20/Mar/2025 10:44:35] "GET /favicon.ico/ HTTP/1.0" 200 48780
[20/Mar/2025 10:45:00] "GET /coupon/coupon/ HTTP/1.0" 200 41518
[20/Mar/2025 10:45:21] "GET /coupon/coupon/ HTTP/1.0" 200 41523
Internal Server Error: /coupon/coupon/
Traceback (most recent call last):
  File "/var/www/kalakar/venv/lib/python3.12/site-packages/django/core/handlers/exception.py", line 55, in inner
    response = get_response(request)
               ^^^^^^^^^^^^^^^^^^^^^
  File "/var/www/kalakar/venv/lib/python3.12/site-packages/django/core/handlers/base.py", line 197, in _get_response
    response = wrapped_callback(request, *callback_args, **callback_kwargs)
               ^^^^^^^^^^^^^^^^^^^^^^^^^^^^^^^^^^^^^^^^^^^^^^^^^^^^^^^^^^^^
  File "/var/www/kalakar/src/coupon/views.py", line 9, in coupon
    return render(request, "coupon/coupon.html")
           ^^^^^^^^^^^^^^^^^^^^^^^^^^^^^^^^^^^^^
  File "/var/www/kalakar/venv/lib/python3.12/site-packages/django/shortcuts.py", line 25, in render
    content = loader.render_to_string(template_name, context, request, using=using)
              ^^^^^^^^^^^^^^^^^^^^^^^^^^^^^^^^^^^^^^^^^^^^^^^^^^^^^^^^^^^^^^^^^^^^^
  File "/var/www/kalakar/venv/lib/python3.12/site-packages/django/template/loader.py", line 61, in render_to_string
    template = get_template(template_name, using=using)
               ^^^^^^^^^^^^^^^^^^^^^^^^^^^^^^^^^^^^^^^^
  File "/var/www/kalakar/venv/lib/python3.12/site-packages/django/template/loader.py", line 15, in get_template
    return engine.get_template(template_name)
           ^^^^^^^^^^^^^^^^^^^^^^^^^^^^^^^^^^
  File "/var/www/kalakar/venv/lib/python3.12/site-packages/django/template/backends/django.py", line 79, in get_template
    return Template(self.engine.get_template(template_name), self)
                    ^^^^^^^^^^^^^^^^^^^^^^^^^^^^^^^^^^^^^^^
  File "/var/www/kalakar/venv/lib/python3.12/site-packages/django/template/engine.py", line 177, in get_template
    template, origin = self.find_template(template_name)
                       ^^^^^^^^^^^^^^^^^^^^^^^^^^^^^^^^^
  File "/var/www/kalakar/venv/lib/python3.12/site-packages/django/template/engine.py", line 159, in find_template
    template = loader.get_template(name, skip=skip)
               ^^^^^^^^^^^^^^^^^^^^^^^^^^^^^^^^^^^^
  File "/var/www/kalakar/venv/lib/python3.12/site-packages/django/template/loaders/cached.py", line 57, in get_template
    template = super().get_template(template_name, skip)
               ^^^^^^^^^^^^^^^^^^^^^^^^^^^^^^^^^^^^^^^^^
  File "/var/www/kalakar/venv/lib/python3.12/site-packages/django/template/loaders/base.py", line 28, in get_template
    return Template(
           ^^^^^^^^^
  File "/var/www/kalakar/venv/lib/python3.12/site-packages/django/template/base.py", line 154, in __init__
    self.nodelist = self.compile_nodelist()
                    ^^^^^^^^^^^^^^^^^^^^^^^
  File "/var/www/kalakar/venv/lib/python3.12/site-packages/django/template/base.py", line 196, in compile_nodelist
    nodelist = parser.parse()
               ^^^^^^^^^^^^^^
  File "/var/www/kalakar/venv/lib/python3.12/site-packages/django/template/base.py", line 518, in parse
    raise self.error(token, e)
  File "/var/www/kalakar/venv/lib/python3.12/site-packages/django/template/base.py", line 516, in parse
    compiled_result = compile_func(self, token)
                      ^^^^^^^^^^^^^^^^^^^^^^^^^
  File "/var/www/kalakar/venv/lib/python3.12/site-packages/django/template/loader_tags.py", line 295, in do_extends
    nodelist = parser.parse()
               ^^^^^^^^^^^^^^
  File "/var/www/kalakar/venv/lib/python3.12/site-packages/django/template/base.py", line 518, in parse
    raise self.error(token, e)
  File "/var/www/kalakar/venv/lib/python3.12/site-packages/django/template/base.py", line 516, in parse
    compiled_result = compile_func(self, token)
                      ^^^^^^^^^^^^^^^^^^^^^^^^^
  File "/var/www/kalakar/venv/lib/python3.12/site-packages/django/template/loader_tags.py", line 234, in do_block
    nodelist = parser.parse(("endblock",))
               ^^^^^^^^^^^^^^^^^^^^^^^^^^^
  File "/var/www/kalakar/venv/lib/python3.12/site-packages/django/template/base.py", line 523, in parse
    self.unclosed_block_tag(parse_until)
  File "/var/www/kalakar/venv/lib/python3.12/site-packages/django/template/base.py", line 586, in unclosed_block_tag
    raise self.error(token, msg)
django.template.exceptions.TemplateSyntaxError: Unclosed tag on line 1: 'block'. Looking for one of: endblock.
[20/Mar/2025 10:46:20] "GET /coupon/coupon/ HTTP/1.0" 500 169111
[20/Mar/2025 10:46:20] "GET /favicon.ico/ HTTP/1.0" 200 48780
[20/Mar/2025 10:46:44] "GET /coupon/coupon/ HTTP/1.0" 200 41441
Internal Server Error: /coupon/coupon/
Traceback (most recent call last):
  File "/var/www/kalakar/venv/lib/python3.12/site-packages/django/core/handlers/exception.py", line 55, in inner
    response = get_response(request)
               ^^^^^^^^^^^^^^^^^^^^^
  File "/var/www/kalakar/venv/lib/python3.12/site-packages/django/core/handlers/base.py", line 197, in _get_response
    response = wrapped_callback(request, *callback_args, **callback_kwargs)
               ^^^^^^^^^^^^^^^^^^^^^^^^^^^^^^^^^^^^^^^^^^^^^^^^^^^^^^^^^^^^
  File "/var/www/kalakar/src/coupon/views.py", line 9, in coupon
    return render(request, "coupon/coupon.html")
           ^^^^^^^^^^^^^^^^^^^^^^^^^^^^^^^^^^^^^
  File "/var/www/kalakar/venv/lib/python3.12/site-packages/django/shortcuts.py", line 25, in render
    content = loader.render_to_string(template_name, context, request, using=using)
              ^^^^^^^^^^^^^^^^^^^^^^^^^^^^^^^^^^^^^^^^^^^^^^^^^^^^^^^^^^^^^^^^^^^^^
  File "/var/www/kalakar/venv/lib/python3.12/site-packages/django/template/loader.py", line 61, in render_to_string
    template = get_template(template_name, using=using)
               ^^^^^^^^^^^^^^^^^^^^^^^^^^^^^^^^^^^^^^^^
  File "/var/www/kalakar/venv/lib/python3.12/site-packages/django/template/loader.py", line 15, in get_template
    return engine.get_template(template_name)
           ^^^^^^^^^^^^^^^^^^^^^^^^^^^^^^^^^^
  File "/var/www/kalakar/venv/lib/python3.12/site-packages/django/template/backends/django.py", line 79, in get_template
    return Template(self.engine.get_template(template_name), self)
                    ^^^^^^^^^^^^^^^^^^^^^^^^^^^^^^^^^^^^^^^
  File "/var/www/kalakar/venv/lib/python3.12/site-packages/django/template/engine.py", line 177, in get_template
    template, origin = self.find_template(template_name)
                       ^^^^^^^^^^^^^^^^^^^^^^^^^^^^^^^^^
  File "/var/www/kalakar/venv/lib/python3.12/site-packages/django/template/engine.py", line 159, in find_template
    template = loader.get_template(name, skip=skip)
               ^^^^^^^^^^^^^^^^^^^^^^^^^^^^^^^^^^^^
  File "/var/www/kalakar/venv/lib/python3.12/site-packages/django/template/loaders/cached.py", line 57, in get_template
    template = super().get_template(template_name, skip)
               ^^^^^^^^^^^^^^^^^^^^^^^^^^^^^^^^^^^^^^^^^
  File "/var/www/kalakar/venv/lib/python3.12/site-packages/django/template/loaders/base.py", line 28, in get_template
    return Template(
           ^^^^^^^^^
  File "/var/www/kalakar/venv/lib/python3.12/site-packages/django/template/base.py", line 154, in __init__
    self.nodelist = self.compile_nodelist()
                    ^^^^^^^^^^^^^^^^^^^^^^^
  File "/var/www/kalakar/venv/lib/python3.12/site-packages/django/template/base.py", line 196, in compile_nodelist
    nodelist = parser.parse()
               ^^^^^^^^^^^^^^
  File "/var/www/kalakar/venv/lib/python3.12/site-packages/django/template/base.py", line 518, in parse
    raise self.error(token, e)
  File "/var/www/kalakar/venv/lib/python3.12/site-packages/django/template/base.py", line 516, in parse
    compiled_result = compile_func(self, token)
                      ^^^^^^^^^^^^^^^^^^^^^^^^^
  File "/var/www/kalakar/venv/lib/python3.12/site-packages/django/template/loader_tags.py", line 295, in do_extends
    nodelist = parser.parse()
               ^^^^^^^^^^^^^^
  File "/var/www/kalakar/venv/lib/python3.12/site-packages/django/template/base.py", line 518, in parse
    raise self.error(token, e)
  File "/var/www/kalakar/venv/lib/python3.12/site-packages/django/template/base.py", line 516, in parse
    compiled_result = compile_func(self, token)
                      ^^^^^^^^^^^^^^^^^^^^^^^^^
  File "/var/www/kalakar/venv/lib/python3.12/site-packages/django/template/loader_tags.py", line 234, in do_block
    nodelist = parser.parse(("endblock",))
               ^^^^^^^^^^^^^^^^^^^^^^^^^^^
  File "/var/www/kalakar/venv/lib/python3.12/site-packages/django/template/base.py", line 523, in parse
    self.unclosed_block_tag(parse_until)
  File "/var/www/kalakar/venv/lib/python3.12/site-packages/django/template/base.py", line 586, in unclosed_block_tag
    raise self.error(token, msg)
django.template.exceptions.TemplateSyntaxError: Unclosed tag on line 1: 'block'. Looking for one of: endblock.
[20/Mar/2025 10:48:02] "GET /coupon/coupon/ HTTP/1.0" 500 169111
[20/Mar/2025 10:48:02] "GET /favicon.ico/ HTTP/1.0" 200 48780
[20/Mar/2025 10:48:19] "GET /coupon/coupon/ HTTP/1.0" 200 41490
[20/Mar/2025 10:48:36] "GET /coupon/coupon/ HTTP/1.0" 200 41490
[20/Mar/2025 10:49:25] "GET /admin/ HTTP/1.0" 200 12895
[20/Mar/2025 10:49:25] "GET /favicon.ico/ HTTP/1.0" 200 48780
[20/Mar/2025 10:49:34] "GET /admin/coupon/coupons/ HTTP/1.0" 200 12890
[20/Mar/2025 10:49:34] "GET /admin/jsi18n/ HTTP/1.0" 200 3342
[20/Mar/2025 10:49:34] "GET /favicon.ico/ HTTP/1.0" 200 48780
[20/Mar/2025 10:49:36] "GET /admin/coupon/coupons/add/ HTTP/1.0" 200 16126
[20/Mar/2025 10:49:36] "GET /admin/jsi18n/ HTTP/1.0" 200 3342
[20/Mar/2025 10:49:36] "GET /favicon.ico/ HTTP/1.0" 200 48780
[20/Mar/2025 10:49:53] "POST /admin/coupon/coupons/add/ HTTP/1.0" 302 0
[20/Mar/2025 10:49:53] "GET /admin/coupon/coupons/ HTTP/1.0" 200 15057
[20/Mar/2025 10:49:53] "GET /admin/jsi18n/ HTTP/1.0" 200 3342
[20/Mar/2025 10:49:53] "GET /favicon.ico/ HTTP/1.0" 200 48780
[20/Mar/2025 10:50:02] "GET /admin/coupon/coupons/add/ HTTP/1.0" 200 16126
[20/Mar/2025 10:50:02] "GET /admin/jsi18n/ HTTP/1.0" 200 3342
[20/Mar/2025 10:50:02] "GET /favicon.ico/ HTTP/1.0" 200 48780
[20/Mar/2025 10:50:17] "POST /admin/coupon/coupons/add/ HTTP/1.0" 302 0
[20/Mar/2025 10:50:17] "GET /admin/coupon/coupons/ HTTP/1.0" 200 15555
[20/Mar/2025 10:50:17] "GET /admin/jsi18n/ HTTP/1.0" 200 3342
[20/Mar/2025 10:50:17] "GET /favicon.ico/ HTTP/1.0" 200 48780
[20/Mar/2025 10:50:32] "GET /coupon/coupon/ HTTP/1.0" 200 41443
[20/Mar/2025 10:50:40] "GET /coupon/check-coupon/?coupon_code=ABC2025 HTTP/1.0" 200 96
/var/www/kalakar/src/coupon/views.py changed, reloading.
Performing system checks...

System check identified no issues (0 silenced).
March 20, 2025 - 09:37:37
Django version 5.1.4, using settings 'root.settings'
Starting development server at http://0.0.0.0:8000/
Quit the server with CONTROL-C.

Watching for file changes with StatReloader
Exception in thread django-main-thread:
Traceback (most recent call last):
  File "/usr/lib/python3.12/threading.py", line 1073, in _bootstrap_inner
    self.run()
  File "/usr/lib/python3.12/threading.py", line 1010, in run
    self._target(*self._args, **self._kwargs)
  File "/var/www/kalakar/venv/lib/python3.12/site-packages/django/utils/autoreload.py", line 64, in wrapper
    fn(*args, **kwargs)
  File "/var/www/kalakar/venv/lib/python3.12/site-packages/django/core/management/commands/runserver.py", line 134, in inner_run
    self.check(display_num_errors=True)
  File "/var/www/kalakar/venv/lib/python3.12/site-packages/django/core/management/base.py", line 486, in check
    all_issues = checks.run_checks(
                 ^^^^^^^^^^^^^^^^^^
  File "/var/www/kalakar/venv/lib/python3.12/site-packages/django/core/checks/registry.py", line 88, in run_checks
    new_errors = check(app_configs=app_configs, databases=databases)
                 ^^^^^^^^^^^^^^^^^^^^^^^^^^^^^^^^^^^^^^^^^^^^^^^^^^^
  File "/var/www/kalakar/venv/lib/python3.12/site-packages/django/core/checks/urls.py", line 136, in check_custom_error_handlers
    handler = resolver.resolve_error_handler(status_code)
              ^^^^^^^^^^^^^^^^^^^^^^^^^^^^^^^^^^^^^^^^^^^
  File "/var/www/kalakar/venv/lib/python3.12/site-packages/django/urls/resolvers.py", line 732, in resolve_error_handler
    callback = getattr(self.urlconf_module, "handler%s" % view_type, None)
                       ^^^^^^^^^^^^^^^^^^^
  File "/var/www/kalakar/venv/lib/python3.12/site-packages/django/utils/functional.py", line 47, in __get__
    res = instance.__dict__[self.name] = self.func(instance)
                                         ^^^^^^^^^^^^^^^^^^^
  File "/var/www/kalakar/venv/lib/python3.12/site-packages/django/urls/resolvers.py", line 711, in urlconf_module
    return import_module(self.urlconf_name)
           ^^^^^^^^^^^^^^^^^^^^^^^^^^^^^^^^
  File "/usr/lib/python3.12/importlib/__init__.py", line 90, in import_module
    return _bootstrap._gcd_import(name[level:], package, level)
           ^^^^^^^^^^^^^^^^^^^^^^^^^^^^^^^^^^^^^^^^^^^^^^^^^^^^
  File "<frozen importlib._bootstrap>", line 1387, in _gcd_import
  File "<frozen importlib._bootstrap>", line 1360, in _find_and_load
  File "<frozen importlib._bootstrap>", line 1331, in _find_and_load_unlocked
  File "<frozen importlib._bootstrap>", line 935, in _load_unlocked
  File "<frozen importlib._bootstrap_external>", line 995, in exec_module
  File "<frozen importlib._bootstrap>", line 488, in _call_with_frames_removed
  File "/var/www/kalakar/src/root/urls.py", line 32, in <module>
    path("coupon/", include("coupon.urls")),
                    ^^^^^^^^^^^^^^^^^^^^^^
  File "/var/www/kalakar/venv/lib/python3.12/site-packages/django/urls/conf.py", line 39, in include
    urlconf_module = import_module(urlconf_module)
                     ^^^^^^^^^^^^^^^^^^^^^^^^^^^^^
  File "/usr/lib/python3.12/importlib/__init__.py", line 90, in import_module
    return _bootstrap._gcd_import(name[level:], package, level)
           ^^^^^^^^^^^^^^^^^^^^^^^^^^^^^^^^^^^^^^^^^^^^^^^^^^^^
  File "<frozen importlib._bootstrap>", line 1387, in _gcd_import
  File "<frozen importlib._bootstrap>", line 1360, in _find_and_load
  File "<frozen importlib._bootstrap>", line 1331, in _find_and_load_unlocked
  File "<frozen importlib._bootstrap>", line 935, in _load_unlocked
  File "<frozen importlib._bootstrap_external>", line 995, in exec_module
  File "<frozen importlib._bootstrap>", line 488, in _call_with_frames_removed
  File "/var/www/kalakar/src/coupon/urls.py", line 7, in <module>
    path("list-coupon/", views.list_coupons, name="coupon"),
                         ^^^^^^^^^^^^^^^^^^
AttributeError: module 'coupon.views' has no attribute 'list_coupons'
/var/www/kalakar/src/coupon/views.py changed, reloading.
Performing system checks...

Watching for file changes with StatReloader
Exception in thread django-main-thread:
Traceback (most recent call last):
  File "/usr/lib/python3.12/threading.py", line 1073, in _bootstrap_inner
    self.run()
  File "/usr/lib/python3.12/threading.py", line 1010, in run
    self._target(*self._args, **self._kwargs)
  File "/var/www/kalakar/venv/lib/python3.12/site-packages/django/utils/autoreload.py", line 64, in wrapper
    fn(*args, **kwargs)
  File "/var/www/kalakar/venv/lib/python3.12/site-packages/django/core/management/commands/runserver.py", line 134, in inner_run
    self.check(display_num_errors=True)
  File "/var/www/kalakar/venv/lib/python3.12/site-packages/django/core/management/base.py", line 486, in check
    all_issues = checks.run_checks(
                 ^^^^^^^^^^^^^^^^^^
  File "/var/www/kalakar/venv/lib/python3.12/site-packages/django/core/checks/registry.py", line 88, in run_checks
    new_errors = check(app_configs=app_configs, databases=databases)
                 ^^^^^^^^^^^^^^^^^^^^^^^^^^^^^^^^^^^^^^^^^^^^^^^^^^^
  File "/var/www/kalakar/venv/lib/python3.12/site-packages/django/core/checks/urls.py", line 136, in check_custom_error_handlers
    handler = resolver.resolve_error_handler(status_code)
              ^^^^^^^^^^^^^^^^^^^^^^^^^^^^^^^^^^^^^^^^^^^
  File "/var/www/kalakar/venv/lib/python3.12/site-packages/django/urls/resolvers.py", line 732, in resolve_error_handler
    callback = getattr(self.urlconf_module, "handler%s" % view_type, None)
                       ^^^^^^^^^^^^^^^^^^^
  File "/var/www/kalakar/venv/lib/python3.12/site-packages/django/utils/functional.py", line 47, in __get__
    res = instance.__dict__[self.name] = self.func(instance)
                                         ^^^^^^^^^^^^^^^^^^^
  File "/var/www/kalakar/venv/lib/python3.12/site-packages/django/urls/resolvers.py", line 711, in urlconf_module
    return import_module(self.urlconf_name)
           ^^^^^^^^^^^^^^^^^^^^^^^^^^^^^^^^
  File "/usr/lib/python3.12/importlib/__init__.py", line 90, in import_module
    return _bootstrap._gcd_import(name[level:], package, level)
           ^^^^^^^^^^^^^^^^^^^^^^^^^^^^^^^^^^^^^^^^^^^^^^^^^^^^
  File "<frozen importlib._bootstrap>", line 1387, in _gcd_import
  File "<frozen importlib._bootstrap>", line 1360, in _find_and_load
  File "<frozen importlib._bootstrap>", line 1331, in _find_and_load_unlocked
  File "<frozen importlib._bootstrap>", line 935, in _load_unlocked
  File "<frozen importlib._bootstrap_external>", line 995, in exec_module
  File "<frozen importlib._bootstrap>", line 488, in _call_with_frames_removed
  File "/var/www/kalakar/src/root/urls.py", line 32, in <module>
    path("coupon/", include("coupon.urls")),
                    ^^^^^^^^^^^^^^^^^^^^^^
  File "/var/www/kalakar/venv/lib/python3.12/site-packages/django/urls/conf.py", line 39, in include
    urlconf_module = import_module(urlconf_module)
                     ^^^^^^^^^^^^^^^^^^^^^^^^^^^^^
  File "/usr/lib/python3.12/importlib/__init__.py", line 90, in import_module
    return _bootstrap._gcd_import(name[level:], package, level)
           ^^^^^^^^^^^^^^^^^^^^^^^^^^^^^^^^^^^^^^^^^^^^^^^^^^^^
  File "<frozen importlib._bootstrap>", line 1387, in _gcd_import
  File "<frozen importlib._bootstrap>", line 1360, in _find_and_load
  File "<frozen importlib._bootstrap>", line 1331, in _find_and_load_unlocked
  File "<frozen importlib._bootstrap>", line 935, in _load_unlocked
  File "<frozen importlib._bootstrap_external>", line 995, in exec_module
  File "<frozen importlib._bootstrap>", line 488, in _call_with_frames_removed
  File "/var/www/kalakar/src/coupon/urls.py", line 7, in <module>
    path("list-coupon/", views.list_coupons, name="coupon"),
                         ^^^^^^^^^^^^^^^^^^
AttributeError: module 'coupon.views' has no attribute 'list_coupons'
/var/www/kalakar/src/coupon/views.py changed, reloading.
Performing system checks...

Watching for file changes with StatReloader
Exception in thread django-main-thread:
Traceback (most recent call last):
  File "/usr/lib/python3.12/threading.py", line 1073, in _bootstrap_inner
    self.run()
  File "/usr/lib/python3.12/threading.py", line 1010, in run
    self._target(*self._args, **self._kwargs)
  File "/var/www/kalakar/venv/lib/python3.12/site-packages/django/utils/autoreload.py", line 64, in wrapper
    fn(*args, **kwargs)
  File "/var/www/kalakar/venv/lib/python3.12/site-packages/django/core/management/commands/runserver.py", line 134, in inner_run
    self.check(display_num_errors=True)
  File "/var/www/kalakar/venv/lib/python3.12/site-packages/django/core/management/base.py", line 486, in check
    all_issues = checks.run_checks(
                 ^^^^^^^^^^^^^^^^^^
  File "/var/www/kalakar/venv/lib/python3.12/site-packages/django/core/checks/registry.py", line 88, in run_checks
    new_errors = check(app_configs=app_configs, databases=databases)
                 ^^^^^^^^^^^^^^^^^^^^^^^^^^^^^^^^^^^^^^^^^^^^^^^^^^^
  File "/var/www/kalakar/venv/lib/python3.12/site-packages/django/core/checks/urls.py", line 136, in check_custom_error_handlers
    handler = resolver.resolve_error_handler(status_code)
              ^^^^^^^^^^^^^^^^^^^^^^^^^^^^^^^^^^^^^^^^^^^
  File "/var/www/kalakar/venv/lib/python3.12/site-packages/django/urls/resolvers.py", line 732, in resolve_error_handler
    callback = getattr(self.urlconf_module, "handler%s" % view_type, None)
                       ^^^^^^^^^^^^^^^^^^^
  File "/var/www/kalakar/venv/lib/python3.12/site-packages/django/utils/functional.py", line 47, in __get__
    res = instance.__dict__[self.name] = self.func(instance)
                                         ^^^^^^^^^^^^^^^^^^^
  File "/var/www/kalakar/venv/lib/python3.12/site-packages/django/urls/resolvers.py", line 711, in urlconf_module
    return import_module(self.urlconf_name)
           ^^^^^^^^^^^^^^^^^^^^^^^^^^^^^^^^
  File "/usr/lib/python3.12/importlib/__init__.py", line 90, in import_module
    return _bootstrap._gcd_import(name[level:], package, level)
           ^^^^^^^^^^^^^^^^^^^^^^^^^^^^^^^^^^^^^^^^^^^^^^^^^^^^
  File "<frozen importlib._bootstrap>", line 1387, in _gcd_import
  File "<frozen importlib._bootstrap>", line 1360, in _find_and_load
  File "<frozen importlib._bootstrap>", line 1331, in _find_and_load_unlocked
  File "<frozen importlib._bootstrap>", line 935, in _load_unlocked
  File "<frozen importlib._bootstrap_external>", line 995, in exec_module
  File "<frozen importlib._bootstrap>", line 488, in _call_with_frames_removed
  File "/var/www/kalakar/src/root/urls.py", line 32, in <module>
    path("coupon/", include("coupon.urls")),
                    ^^^^^^^^^^^^^^^^^^^^^^
  File "/var/www/kalakar/venv/lib/python3.12/site-packages/django/urls/conf.py", line 39, in include
    urlconf_module = import_module(urlconf_module)
                     ^^^^^^^^^^^^^^^^^^^^^^^^^^^^^
  File "/usr/lib/python3.12/importlib/__init__.py", line 90, in import_module
    return _bootstrap._gcd_import(name[level:], package, level)
           ^^^^^^^^^^^^^^^^^^^^^^^^^^^^^^^^^^^^^^^^^^^^^^^^^^^^
  File "<frozen importlib._bootstrap>", line 1387, in _gcd_import
  File "<frozen importlib._bootstrap>", line 1360, in _find_and_load
  File "<frozen importlib._bootstrap>", line 1331, in _find_and_load_unlocked
  File "<frozen importlib._bootstrap>", line 935, in _load_unlocked
  File "<frozen importlib._bootstrap_external>", line 995, in exec_module
  File "<frozen importlib._bootstrap>", line 488, in _call_with_frames_removed
  File "/var/www/kalakar/src/coupon/urls.py", line 7, in <module>
    path("list-coupon/", views.list_coupons, name="coupon"),
                         ^^^^^^^^^^^^^^^^^^
AttributeError: module 'coupon.views' has no attribute 'list_coupons'
/var/www/kalakar/src/coupon/views.py changed, reloading.
Performing system checks...

Watching for file changes with StatReloader
Exception in thread django-main-thread:
Traceback (most recent call last):
  File "/usr/lib/python3.12/threading.py", line 1073, in _bootstrap_inner
    self.run()
  File "/usr/lib/python3.12/threading.py", line 1010, in run
    self._target(*self._args, **self._kwargs)
  File "/var/www/kalakar/venv/lib/python3.12/site-packages/django/utils/autoreload.py", line 64, in wrapper
    fn(*args, **kwargs)
  File "/var/www/kalakar/venv/lib/python3.12/site-packages/django/core/management/commands/runserver.py", line 134, in inner_run
    self.check(display_num_errors=True)
  File "/var/www/kalakar/venv/lib/python3.12/site-packages/django/core/management/base.py", line 486, in check
    all_issues = checks.run_checks(
                 ^^^^^^^^^^^^^^^^^^
  File "/var/www/kalakar/venv/lib/python3.12/site-packages/django/core/checks/registry.py", line 88, in run_checks
    new_errors = check(app_configs=app_configs, databases=databases)
                 ^^^^^^^^^^^^^^^^^^^^^^^^^^^^^^^^^^^^^^^^^^^^^^^^^^^
  File "/var/www/kalakar/venv/lib/python3.12/site-packages/django/core/checks/urls.py", line 136, in check_custom_error_handlers
    handler = resolver.resolve_error_handler(status_code)
              ^^^^^^^^^^^^^^^^^^^^^^^^^^^^^^^^^^^^^^^^^^^
  File "/var/www/kalakar/venv/lib/python3.12/site-packages/django/urls/resolvers.py", line 732, in resolve_error_handler
    callback = getattr(self.urlconf_module, "handler%s" % view_type, None)
                       ^^^^^^^^^^^^^^^^^^^
  File "/var/www/kalakar/venv/lib/python3.12/site-packages/django/utils/functional.py", line 47, in __get__
    res = instance.__dict__[self.name] = self.func(instance)
                                         ^^^^^^^^^^^^^^^^^^^
  File "/var/www/kalakar/venv/lib/python3.12/site-packages/django/urls/resolvers.py", line 711, in urlconf_module
    return import_module(self.urlconf_name)
           ^^^^^^^^^^^^^^^^^^^^^^^^^^^^^^^^
  File "/usr/lib/python3.12/importlib/__init__.py", line 90, in import_module
    return _bootstrap._gcd_import(name[level:], package, level)
           ^^^^^^^^^^^^^^^^^^^^^^^^^^^^^^^^^^^^^^^^^^^^^^^^^^^^
  File "<frozen importlib._bootstrap>", line 1387, in _gcd_import
  File "<frozen importlib._bootstrap>", line 1360, in _find_and_load
  File "<frozen importlib._bootstrap>", line 1331, in _find_and_load_unlocked
  File "<frozen importlib._bootstrap>", line 935, in _load_unlocked
  File "<frozen importlib._bootstrap_external>", line 995, in exec_module
  File "<frozen importlib._bootstrap>", line 488, in _call_with_frames_removed
  File "/var/www/kalakar/src/root/urls.py", line 32, in <module>
    path("coupon/", include("coupon.urls")),
                    ^^^^^^^^^^^^^^^^^^^^^^
  File "/var/www/kalakar/venv/lib/python3.12/site-packages/django/urls/conf.py", line 39, in include
    urlconf_module = import_module(urlconf_module)
                     ^^^^^^^^^^^^^^^^^^^^^^^^^^^^^
  File "/usr/lib/python3.12/importlib/__init__.py", line 90, in import_module
    return _bootstrap._gcd_import(name[level:], package, level)
           ^^^^^^^^^^^^^^^^^^^^^^^^^^^^^^^^^^^^^^^^^^^^^^^^^^^^
  File "<frozen importlib._bootstrap>", line 1387, in _gcd_import
  File "<frozen importlib._bootstrap>", line 1360, in _find_and_load
  File "<frozen importlib._bootstrap>", line 1331, in _find_and_load_unlocked
  File "<frozen importlib._bootstrap>", line 935, in _load_unlocked
  File "<frozen importlib._bootstrap_external>", line 995, in exec_module
  File "<frozen importlib._bootstrap>", line 488, in _call_with_frames_removed
  File "/var/www/kalakar/src/coupon/urls.py", line 7, in <module>
    path("list-coupon/", views.list_coupons, name="coupon"),
                         ^^^^^^^^^^^^^^^^^^
AttributeError: module 'coupon.views' has no attribute 'list_coupons'
/var/www/kalakar/src/coupon/views.py changed, reloading.
Performing system checks...

Watching for file changes with StatReloader
[20/Mar/2025 11:06:12] "GET /coupon/coupon/ HTTP/1.0" 200 40987
[20/Mar/2025 11:06:12] "GET /coupon/check-coupon/?coupon_code= HTTP/1.0" 200 89
[20/Mar/2025 11:06:21] "GET /coupon/check-coupon/?coupon_code=A HTTP/1.0" 200 89
[20/Mar/2025 11:06:21] "GET /coupon/check-coupon/?coupon_code=AB HTTP/1.0" 200 89
[20/Mar/2025 11:06:21] "GET /coupon/check-coupon/?coupon_code=ABC HTTP/1.0" 200 89
[20/Mar/2025 11:06:23] "GET /coupon/check-coupon/?coupon_code=ABC2 HTTP/1.0" 200 89
[20/Mar/2025 11:06:23] "GET /coupon/check-coupon/?coupon_code=ABC20 HTTP/1.0" 200 89
[20/Mar/2025 11:06:24] "GET /coupon/check-coupon/?coupon_code=ABC202 HTTP/1.0" 200 89
[20/Mar/2025 11:06:24] "GET /coupon/check-coupon/?coupon_code=ABC2025 HTTP/1.0" 200 96
[20/Mar/2025 11:06:31] "GET /coupon/check-coupon/?coupon_code= HTTP/1.0" 200 89
[20/Mar/2025 11:06:45] "GET /coupon/check-coupon/?coupon_code=A HTTP/1.0" 200 89
[20/Mar/2025 11:06:45] "GET /coupon/check-coupon/?coupon_code=AB HTTP/1.0" 200 89
[20/Mar/2025 11:06:46] "GET /coupon/check-coupon/?coupon_code=ABC HTTP/1.0" 200 89
[20/Mar/2025 11:06:47] "GET /coupon/check-coupon/?coupon_code=ABC2 HTTP/1.0" 200 89
[20/Mar/2025 11:06:47] "GET /coupon/check-coupon/?coupon_code=ABC20 HTTP/1.0" 200 89
[20/Mar/2025 11:06:47] "GET /coupon/check-coupon/?coupon_code=ABC202 HTTP/1.0" 200 89
[20/Mar/2025 11:06:47] "GET /coupon/check-coupon/?coupon_code=ABC2025 HTTP/1.0" 200 96
[20/Mar/2025 11:06:56] "GET /coupon/check-coupon/?coupon_code=ABC202 HTTP/1.0" 200 89
[20/Mar/2025 11:06:56] "GET /coupon/check-coupon/?coupon_code=ABC2025 HTTP/1.0" 200 96
[20/Mar/2025 11:06:58] "GET /coupon/check-coupon/?coupon_code=ABC20255 HTTP/1.0" 200 89
Not Found: /coupon/coupon/termandcondition.html
[20/Mar/2025 11:07:10] "GET /coupon/coupon/termandcondition.html HTTP/1.0" 404 4703
[20/Mar/2025 11:07:11] "GET /favicon.ico/ HTTP/1.0" 200 48780
[20/Mar/2025 11:07:35] "GET /coupon/check-coupon/?coupon_code=ABC2025 HTTP/1.0" 200 96
[20/Mar/2025 11:07:36] "GET /coupon/check-coupon/?coupon_code=ABC202 HTTP/1.0" 200 89
[20/Mar/2025 11:07:36] "GET /coupon/check-coupon/?coupon_code=ABC20 HTTP/1.0" 200 89
[20/Mar/2025 11:07:36] "GET /coupon/check-coupon/?coupon_code=ABC2 HTTP/1.0" 200 89
[20/Mar/2025 11:07:36] "GET /coupon/check-coupon/?coupon_code=ABC HTTP/1.0" 200 89
[20/Mar/2025 11:07:36] "GET /coupon/check-coupon/?coupon_code=AB HTTP/1.0" 200 89
[20/Mar/2025 11:07:36] "GET /coupon/check-coupon/?coupon_code=A HTTP/1.0" 200 89
[20/Mar/2025 11:07:36] "GET /coupon/check-coupon/?coupon_code= HTTP/1.0" 200 89
/var/www/kalakar/src/coupon/views.py changed, reloading.
Performing system checks...

System check identified no issues (0 silenced).
March 20, 2025 - 11:05:49
Django version 5.1.4, using settings 'root.settings'
Starting development server at http://0.0.0.0:8000/
Quit the server with CONTROL-C.

Watching for file changes with StatReloader
[20/Mar/2025 11:09:09] "GET /coupon/coupon/ HTTP/1.0" 200 40987
[20/Mar/2025 11:09:09] "GET /coupon/check-coupon/?coupon_code= HTTP/1.0" 200 69
[20/Mar/2025 11:09:11] "GET /coupon/check-coupon/?coupon_code=A HTTP/1.0" 200 69
[20/Mar/2025 11:09:12] "GET /coupon/check-coupon/?coupon_code=AB HTTP/1.0" 200 69
[20/Mar/2025 11:09:12] "GET /coupon/check-coupon/?coupon_code=ABC HTTP/1.0" 200 69
[20/Mar/2025 11:09:13] "GET /coupon/check-coupon/?coupon_code=ABC2 HTTP/1.0" 200 69
[20/Mar/2025 11:09:13] "GET /coupon/check-coupon/?coupon_code=ABC20 HTTP/1.0" 200 69
[20/Mar/2025 11:09:13] "GET /coupon/check-coupon/?coupon_code=ABC202 HTTP/1.0" 200 69
[20/Mar/2025 11:09:13] "GET /coupon/check-coupon/?coupon_code=ABC2025 HTTP/1.0" 200 96
[20/Mar/2025 11:13:06] "GET /coupon/coupon/ HTTP/1.0" 200 40982
[20/Mar/2025 11:13:06] "GET /coupon/check-coupon/?coupon_code= HTTP/1.0" 200 69
[20/Mar/2025 11:13:08] "GET /accounts/profile/ HTTP/1.0" 200 57700
/var/www/kalakar/src/pages/urls.py changed, reloading.
Performing system checks...

System check identified no issues (0 silenced).
March 20, 2025 - 11:09:07
Django version 5.1.4, using settings 'root.settings'
Starting development server at http://0.0.0.0:8000/
Quit the server with CONTROL-C.

Watching for file changes with StatReloader
Exception in thread django-main-thread:
Traceback (most recent call last):
  File "/usr/lib/python3.12/threading.py", line 1073, in _bootstrap_inner
    self.run()
  File "/usr/lib/python3.12/threading.py", line 1010, in run
    self._target(*self._args, **self._kwargs)
  File "/var/www/kalakar/venv/lib/python3.12/site-packages/django/utils/autoreload.py", line 64, in wrapper
    fn(*args, **kwargs)
  File "/var/www/kalakar/venv/lib/python3.12/site-packages/django/core/management/commands/runserver.py", line 134, in inner_run
    self.check(display_num_errors=True)
  File "/var/www/kalakar/venv/lib/python3.12/site-packages/django/core/management/base.py", line 486, in check
    all_issues = checks.run_checks(
                 ^^^^^^^^^^^^^^^^^^
  File "/var/www/kalakar/venv/lib/python3.12/site-packages/django/core/checks/registry.py", line 88, in run_checks
    new_errors = check(app_configs=app_configs, databases=databases)
                 ^^^^^^^^^^^^^^^^^^^^^^^^^^^^^^^^^^^^^^^^^^^^^^^^^^^
  File "/var/www/kalakar/venv/lib/python3.12/site-packages/django/core/checks/urls.py", line 44, in check_url_namespaces_unique
    all_namespaces = _load_all_namespaces(resolver)
                     ^^^^^^^^^^^^^^^^^^^^^^^^^^^^^^
  File "/var/www/kalakar/venv/lib/python3.12/site-packages/django/core/checks/urls.py", line 63, in _load_all_namespaces
    url_patterns = getattr(resolver, "url_patterns", [])
                   ^^^^^^^^^^^^^^^^^^^^^^^^^^^^^^^^^^^^^
  File "/var/www/kalakar/venv/lib/python3.12/site-packages/django/utils/functional.py", line 47, in __get__
    res = instance.__dict__[self.name] = self.func(instance)
                                         ^^^^^^^^^^^^^^^^^^^
  File "/var/www/kalakar/venv/lib/python3.12/site-packages/django/urls/resolvers.py", line 718, in url_patterns
    patterns = getattr(self.urlconf_module, "urlpatterns", self.urlconf_module)
                       ^^^^^^^^^^^^^^^^^^^
  File "/var/www/kalakar/venv/lib/python3.12/site-packages/django/utils/functional.py", line 47, in __get__
    res = instance.__dict__[self.name] = self.func(instance)
                                         ^^^^^^^^^^^^^^^^^^^
  File "/var/www/kalakar/venv/lib/python3.12/site-packages/django/urls/resolvers.py", line 711, in urlconf_module
    return import_module(self.urlconf_name)
           ^^^^^^^^^^^^^^^^^^^^^^^^^^^^^^^^
  File "/usr/lib/python3.12/importlib/__init__.py", line 90, in import_module
    return _bootstrap._gcd_import(name[level:], package, level)
           ^^^^^^^^^^^^^^^^^^^^^^^^^^^^^^^^^^^^^^^^^^^^^^^^^^^^
  File "<frozen importlib._bootstrap>", line 1387, in _gcd_import
  File "<frozen importlib._bootstrap>", line 1360, in _find_and_load
  File "<frozen importlib._bootstrap>", line 1331, in _find_and_load_unlocked
  File "<frozen importlib._bootstrap>", line 935, in _load_unlocked
  File "<frozen importlib._bootstrap_external>", line 995, in exec_module
  File "<frozen importlib._bootstrap>", line 488, in _call_with_frames_removed
  File "/var/www/kalakar/src/root/urls.py", line 28, in <module>
    path("", include("pages.urls")),
             ^^^^^^^^^^^^^^^^^^^^^
  File "/var/www/kalakar/venv/lib/python3.12/site-packages/django/urls/conf.py", line 39, in include
    urlconf_module = import_module(urlconf_module)
                     ^^^^^^^^^^^^^^^^^^^^^^^^^^^^^
  File "/usr/lib/python3.12/importlib/__init__.py", line 90, in import_module
    return _bootstrap._gcd_import(name[level:], package, level)
           ^^^^^^^^^^^^^^^^^^^^^^^^^^^^^^^^^^^^^^^^^^^^^^^^^^^^
  File "<frozen importlib._bootstrap>", line 1387, in _gcd_import
  File "<frozen importlib._bootstrap>", line 1360, in _find_and_load
  File "<frozen importlib._bootstrap>", line 1331, in _find_and_load_unlocked
  File "<frozen importlib._bootstrap>", line 935, in _load_unlocked
  File "<frozen importlib._bootstrap_external>", line 995, in exec_module
  File "<frozen importlib._bootstrap>", line 488, in _call_with_frames_removed
  File "/var/www/kalakar/src/pages/urls.py", line 10, in <module>
    path("terms_and_conditions/", terms_and_conditions, name="dynamic_pages"),
                                  ^^^^^^^^^^^^^^^^^^^^
NameError: name 'terms_and_conditions' is not defined
/var/www/kalakar/src/pages/views.py changed, reloading.
Performing system checks...

Watching for file changes with StatReloader
Exception in thread django-main-thread:
Traceback (most recent call last):
  File "/usr/lib/python3.12/threading.py", line 1073, in _bootstrap_inner
    self.run()
  File "/usr/lib/python3.12/threading.py", line 1010, in run
    self._target(*self._args, **self._kwargs)
  File "/var/www/kalakar/venv/lib/python3.12/site-packages/django/utils/autoreload.py", line 64, in wrapper
    fn(*args, **kwargs)
  File "/var/www/kalakar/venv/lib/python3.12/site-packages/django/core/management/commands/runserver.py", line 134, in inner_run
    self.check(display_num_errors=True)
  File "/var/www/kalakar/venv/lib/python3.12/site-packages/django/core/management/base.py", line 486, in check
    all_issues = checks.run_checks(
                 ^^^^^^^^^^^^^^^^^^
  File "/var/www/kalakar/venv/lib/python3.12/site-packages/django/core/checks/registry.py", line 88, in run_checks
    new_errors = check(app_configs=app_configs, databases=databases)
                 ^^^^^^^^^^^^^^^^^^^^^^^^^^^^^^^^^^^^^^^^^^^^^^^^^^^
  File "/var/www/kalakar/venv/lib/python3.12/site-packages/django/core/checks/urls.py", line 44, in check_url_namespaces_unique
    all_namespaces = _load_all_namespaces(resolver)
                     ^^^^^^^^^^^^^^^^^^^^^^^^^^^^^^
  File "/var/www/kalakar/venv/lib/python3.12/site-packages/django/core/checks/urls.py", line 63, in _load_all_namespaces
    url_patterns = getattr(resolver, "url_patterns", [])
                   ^^^^^^^^^^^^^^^^^^^^^^^^^^^^^^^^^^^^^
  File "/var/www/kalakar/venv/lib/python3.12/site-packages/django/utils/functional.py", line 47, in __get__
    res = instance.__dict__[self.name] = self.func(instance)
                                         ^^^^^^^^^^^^^^^^^^^
  File "/var/www/kalakar/venv/lib/python3.12/site-packages/django/urls/resolvers.py", line 718, in url_patterns
    patterns = getattr(self.urlconf_module, "urlpatterns", self.urlconf_module)
                       ^^^^^^^^^^^^^^^^^^^
  File "/var/www/kalakar/venv/lib/python3.12/site-packages/django/utils/functional.py", line 47, in __get__
    res = instance.__dict__[self.name] = self.func(instance)
                                         ^^^^^^^^^^^^^^^^^^^
  File "/var/www/kalakar/venv/lib/python3.12/site-packages/django/urls/resolvers.py", line 711, in urlconf_module
    return import_module(self.urlconf_name)
           ^^^^^^^^^^^^^^^^^^^^^^^^^^^^^^^^
  File "/usr/lib/python3.12/importlib/__init__.py", line 90, in import_module
    return _bootstrap._gcd_import(name[level:], package, level)
           ^^^^^^^^^^^^^^^^^^^^^^^^^^^^^^^^^^^^^^^^^^^^^^^^^^^^
  File "<frozen importlib._bootstrap>", line 1387, in _gcd_import
  File "<frozen importlib._bootstrap>", line 1360, in _find_and_load
  File "<frozen importlib._bootstrap>", line 1331, in _find_and_load_unlocked
  File "<frozen importlib._bootstrap>", line 935, in _load_unlocked
  File "<frozen importlib._bootstrap_external>", line 995, in exec_module
  File "<frozen importlib._bootstrap>", line 488, in _call_with_frames_removed
  File "/var/www/kalakar/src/root/urls.py", line 28, in <module>
    path("", include("pages.urls")),
             ^^^^^^^^^^^^^^^^^^^^^
  File "/var/www/kalakar/venv/lib/python3.12/site-packages/django/urls/conf.py", line 39, in include
    urlconf_module = import_module(urlconf_module)
                     ^^^^^^^^^^^^^^^^^^^^^^^^^^^^^
  File "/usr/lib/python3.12/importlib/__init__.py", line 90, in import_module
    return _bootstrap._gcd_import(name[level:], package, level)
           ^^^^^^^^^^^^^^^^^^^^^^^^^^^^^^^^^^^^^^^^^^^^^^^^^^^^
  File "<frozen importlib._bootstrap>", line 1387, in _gcd_import
  File "<frozen importlib._bootstrap>", line 1360, in _find_and_load
  File "<frozen importlib._bootstrap>", line 1331, in _find_and_load_unlocked
  File "<frozen importlib._bootstrap>", line 935, in _load_unlocked
  File "<frozen importlib._bootstrap_external>", line 995, in exec_module
  File "<frozen importlib._bootstrap>", line 488, in _call_with_frames_removed
  File "/var/www/kalakar/src/pages/urls.py", line 10, in <module>
    path("terms_and_conditions/", terms_and_conditions, name="dynamic_pages"),
                                  ^^^^^^^^^^^^^^^^^^^^
NameError: name 'terms_and_conditions' is not defined
/var/www/kalakar/src/pages/urls.py changed, reloading.
Performing system checks...

Watching for file changes with StatReloader
Internal Server Error: /coupon/coupon/
Traceback (most recent call last):
  File "/var/www/kalakar/venv/lib/python3.12/site-packages/django/core/handlers/exception.py", line 55, in inner
    response = get_response(request)
               ^^^^^^^^^^^^^^^^^^^^^
  File "/var/www/kalakar/venv/lib/python3.12/site-packages/django/core/handlers/base.py", line 197, in _get_response
    response = wrapped_callback(request, *callback_args, **callback_kwargs)
               ^^^^^^^^^^^^^^^^^^^^^^^^^^^^^^^^^^^^^^^^^^^^^^^^^^^^^^^^^^^^
  File "/var/www/kalakar/src/coupon/views.py", line 7, in coupon
    return render(request, "coupon/coupon.html")
           ^^^^^^^^^^^^^^^^^^^^^^^^^^^^^^^^^^^^^
  File "/var/www/kalakar/venv/lib/python3.12/site-packages/django/shortcuts.py", line 25, in render
    content = loader.render_to_string(template_name, context, request, using=using)
              ^^^^^^^^^^^^^^^^^^^^^^^^^^^^^^^^^^^^^^^^^^^^^^^^^^^^^^^^^^^^^^^^^^^^^
  File "/var/www/kalakar/venv/lib/python3.12/site-packages/django/template/loader.py", line 62, in render_to_string
    return template.render(context, request)
           ^^^^^^^^^^^^^^^^^^^^^^^^^^^^^^^^^
  File "/var/www/kalakar/venv/lib/python3.12/site-packages/django/template/backends/django.py", line 107, in render
    return self.template.render(context)
           ^^^^^^^^^^^^^^^^^^^^^^^^^^^^^
  File "/var/www/kalakar/venv/lib/python3.12/site-packages/django/template/base.py", line 171, in render
    return self._render(context)
           ^^^^^^^^^^^^^^^^^^^^^
  File "/var/www/kalakar/venv/lib/python3.12/site-packages/django/template/base.py", line 163, in _render
    return self.nodelist.render(context)
           ^^^^^^^^^^^^^^^^^^^^^^^^^^^^^
  File "/var/www/kalakar/venv/lib/python3.12/site-packages/django/template/base.py", line 1008, in render
    return SafeString("".join([node.render_annotated(context) for node in self]))
                               ^^^^^^^^^^^^^^^^^^^^^^^^^^^^^^
  File "/var/www/kalakar/venv/lib/python3.12/site-packages/django/template/base.py", line 969, in render_annotated
    return self.render(context)
           ^^^^^^^^^^^^^^^^^^^^
  File "/var/www/kalakar/venv/lib/python3.12/site-packages/django/template/loader_tags.py", line 159, in render
    return compiled_parent._render(context)
           ^^^^^^^^^^^^^^^^^^^^^^^^^^^^^^^^
  File "/var/www/kalakar/venv/lib/python3.12/site-packages/django/template/base.py", line 163, in _render
    return self.nodelist.render(context)
           ^^^^^^^^^^^^^^^^^^^^^^^^^^^^^
  File "/var/www/kalakar/venv/lib/python3.12/site-packages/django/template/base.py", line 1008, in render
    return SafeString("".join([node.render_annotated(context) for node in self]))
                               ^^^^^^^^^^^^^^^^^^^^^^^^^^^^^^
  File "/var/www/kalakar/venv/lib/python3.12/site-packages/django/template/base.py", line 969, in render_annotated
    return self.render(context)
           ^^^^^^^^^^^^^^^^^^^^
  File "/var/www/kalakar/venv/lib/python3.12/site-packages/django/template/loader_tags.py", line 65, in render
    result = block.nodelist.render(context)
             ^^^^^^^^^^^^^^^^^^^^^^^^^^^^^^
  File "/var/www/kalakar/venv/lib/python3.12/site-packages/django/template/base.py", line 1008, in render
    return SafeString("".join([node.render_annotated(context) for node in self]))
                               ^^^^^^^^^^^^^^^^^^^^^^^^^^^^^^
  File "/var/www/kalakar/venv/lib/python3.12/site-packages/django/template/base.py", line 969, in render_annotated
    return self.render(context)
           ^^^^^^^^^^^^^^^^^^^^
  File "/var/www/kalakar/venv/lib/python3.12/site-packages/django/template/loader_tags.py", line 210, in render
    return template.render(context)
           ^^^^^^^^^^^^^^^^^^^^^^^^
  File "/var/www/kalakar/venv/lib/python3.12/site-packages/django/template/base.py", line 173, in render
    return self._render(context)
           ^^^^^^^^^^^^^^^^^^^^^
  File "/var/www/kalakar/venv/lib/python3.12/site-packages/django/template/base.py", line 163, in _render
    return self.nodelist.render(context)
           ^^^^^^^^^^^^^^^^^^^^^^^^^^^^^
  File "/var/www/kalakar/venv/lib/python3.12/site-packages/django/template/base.py", line 1008, in render
    return SafeString("".join([node.render_annotated(context) for node in self]))
                               ^^^^^^^^^^^^^^^^^^^^^^^^^^^^^^
  File "/var/www/kalakar/venv/lib/python3.12/site-packages/django/template/base.py", line 969, in render_annotated
    return self.render(context)
           ^^^^^^^^^^^^^^^^^^^^
  File "/var/www/kalakar/venv/lib/python3.12/site-packages/django/template/defaulttags.py", line 480, in render
    url = reverse(view_name, args=args, kwargs=kwargs, current_app=current_app)
          ^^^^^^^^^^^^^^^^^^^^^^^^^^^^^^^^^^^^^^^^^^^^^^^^^^^^^^^^^^^^^^^^^^^^^
  File "/var/www/kalakar/venv/lib/python3.12/site-packages/django/urls/base.py", line 88, in reverse
    return resolver._reverse_with_prefix(view, prefix, *args, **kwargs)
           ^^^^^^^^^^^^^^^^^^^^^^^^^^^^^^^^^^^^^^^^^^^^^^^^^^^^^^^^^^^^
  File "/var/www/kalakar/venv/lib/python3.12/site-packages/django/urls/resolvers.py", line 831, in _reverse_with_prefix
    raise NoReverseMatch(msg)
django.urls.exceptions.NoReverseMatch: Reverse for 'term_and_conditions' not found. 'term_and_conditions' is not a valid view function or pattern name.
[20/Mar/2025 11:19:17] "GET /coupon/coupon/ HTTP/1.0" 500 192874
[20/Mar/2025 11:19:17] "GET /favicon.ico/ HTTP/1.0" 200 48780
Internal Server Error: /coupon/coupon/
Traceback (most recent call last):
  File "/var/www/kalakar/venv/lib/python3.12/site-packages/django/core/handlers/exception.py", line 55, in inner
    response = get_response(request)
               ^^^^^^^^^^^^^^^^^^^^^
  File "/var/www/kalakar/venv/lib/python3.12/site-packages/django/core/handlers/base.py", line 197, in _get_response
    response = wrapped_callback(request, *callback_args, **callback_kwargs)
               ^^^^^^^^^^^^^^^^^^^^^^^^^^^^^^^^^^^^^^^^^^^^^^^^^^^^^^^^^^^^
  File "/var/www/kalakar/src/coupon/views.py", line 7, in coupon
    return render(request, "coupon/coupon.html")
           ^^^^^^^^^^^^^^^^^^^^^^^^^^^^^^^^^^^^^
  File "/var/www/kalakar/venv/lib/python3.12/site-packages/django/shortcuts.py", line 25, in render
    content = loader.render_to_string(template_name, context, request, using=using)
              ^^^^^^^^^^^^^^^^^^^^^^^^^^^^^^^^^^^^^^^^^^^^^^^^^^^^^^^^^^^^^^^^^^^^^
  File "/var/www/kalakar/venv/lib/python3.12/site-packages/django/template/loader.py", line 62, in render_to_string
    return template.render(context, request)
           ^^^^^^^^^^^^^^^^^^^^^^^^^^^^^^^^^
  File "/var/www/kalakar/venv/lib/python3.12/site-packages/django/template/backends/django.py", line 107, in render
    return self.template.render(context)
           ^^^^^^^^^^^^^^^^^^^^^^^^^^^^^
  File "/var/www/kalakar/venv/lib/python3.12/site-packages/django/template/base.py", line 171, in render
    return self._render(context)
           ^^^^^^^^^^^^^^^^^^^^^
  File "/var/www/kalakar/venv/lib/python3.12/site-packages/django/template/base.py", line 163, in _render
    return self.nodelist.render(context)
           ^^^^^^^^^^^^^^^^^^^^^^^^^^^^^
  File "/var/www/kalakar/venv/lib/python3.12/site-packages/django/template/base.py", line 1008, in render
    return SafeString("".join([node.render_annotated(context) for node in self]))
                               ^^^^^^^^^^^^^^^^^^^^^^^^^^^^^^
  File "/var/www/kalakar/venv/lib/python3.12/site-packages/django/template/base.py", line 969, in render_annotated
    return self.render(context)
           ^^^^^^^^^^^^^^^^^^^^
  File "/var/www/kalakar/venv/lib/python3.12/site-packages/django/template/loader_tags.py", line 159, in render
    return compiled_parent._render(context)
           ^^^^^^^^^^^^^^^^^^^^^^^^^^^^^^^^
  File "/var/www/kalakar/venv/lib/python3.12/site-packages/django/template/base.py", line 163, in _render
    return self.nodelist.render(context)
           ^^^^^^^^^^^^^^^^^^^^^^^^^^^^^
  File "/var/www/kalakar/venv/lib/python3.12/site-packages/django/template/base.py", line 1008, in render
    return SafeString("".join([node.render_annotated(context) for node in self]))
                               ^^^^^^^^^^^^^^^^^^^^^^^^^^^^^^
  File "/var/www/kalakar/venv/lib/python3.12/site-packages/django/template/base.py", line 969, in render_annotated
    return self.render(context)
           ^^^^^^^^^^^^^^^^^^^^
  File "/var/www/kalakar/venv/lib/python3.12/site-packages/django/template/loader_tags.py", line 65, in render
    result = block.nodelist.render(context)
             ^^^^^^^^^^^^^^^^^^^^^^^^^^^^^^
  File "/var/www/kalakar/venv/lib/python3.12/site-packages/django/template/base.py", line 1008, in render
    return SafeString("".join([node.render_annotated(context) for node in self]))
                               ^^^^^^^^^^^^^^^^^^^^^^^^^^^^^^
  File "/var/www/kalakar/venv/lib/python3.12/site-packages/django/template/base.py", line 969, in render_annotated
    return self.render(context)
           ^^^^^^^^^^^^^^^^^^^^
  File "/var/www/kalakar/venv/lib/python3.12/site-packages/django/template/loader_tags.py", line 210, in render
    return template.render(context)
           ^^^^^^^^^^^^^^^^^^^^^^^^
  File "/var/www/kalakar/venv/lib/python3.12/site-packages/django/template/base.py", line 173, in render
    return self._render(context)
           ^^^^^^^^^^^^^^^^^^^^^
  File "/var/www/kalakar/venv/lib/python3.12/site-packages/django/template/base.py", line 163, in _render
    return self.nodelist.render(context)
           ^^^^^^^^^^^^^^^^^^^^^^^^^^^^^
  File "/var/www/kalakar/venv/lib/python3.12/site-packages/django/template/base.py", line 1008, in render
    return SafeString("".join([node.render_annotated(context) for node in self]))
                               ^^^^^^^^^^^^^^^^^^^^^^^^^^^^^^
  File "/var/www/kalakar/venv/lib/python3.12/site-packages/django/template/base.py", line 969, in render_annotated
    return self.render(context)
           ^^^^^^^^^^^^^^^^^^^^
  File "/var/www/kalakar/venv/lib/python3.12/site-packages/django/template/defaulttags.py", line 480, in render
    url = reverse(view_name, args=args, kwargs=kwargs, current_app=current_app)
          ^^^^^^^^^^^^^^^^^^^^^^^^^^^^^^^^^^^^^^^^^^^^^^^^^^^^^^^^^^^^^^^^^^^^^
  File "/var/www/kalakar/venv/lib/python3.12/site-packages/django/urls/base.py", line 88, in reverse
    return resolver._reverse_with_prefix(view, prefix, *args, **kwargs)
           ^^^^^^^^^^^^^^^^^^^^^^^^^^^^^^^^^^^^^^^^^^^^^^^^^^^^^^^^^^^^
  File "/var/www/kalakar/venv/lib/python3.12/site-packages/django/urls/resolvers.py", line 831, in _reverse_with_prefix
    raise NoReverseMatch(msg)
django.urls.exceptions.NoReverseMatch: Reverse for 'term_and_conditions' not found. 'term_and_conditions' is not a valid view function or pattern name.
[20/Mar/2025 11:20:15] "GET /coupon/coupon/ HTTP/1.0" 500 192874
[20/Mar/2025 11:20:15] "GET /favicon.ico/ HTTP/1.0" 200 48780
Not Found: /coupon/coupon/termandcondition.html
[20/Mar/2025 11:22:11] "GET /coupon/coupon/termandcondition.html HTTP/1.0" 404 5256
[20/Mar/2025 11:22:11] "GET /favicon.ico/ HTTP/1.0" 200 48780
[20/Mar/2025 11:22:16] "GET /coupon/coupon/ HTTP/1.0" 200 40993
[20/Mar/2025 11:22:16] "GET /coupon/check-coupon/?coupon_code= HTTP/1.0" 200 69
[20/Mar/2025 11:22:19] "GET /terms_and_conditions/ HTTP/1.0" 200 48780
/var/www/kalakar/src/pages/urls.py changed, reloading.
Performing system checks...

System check identified no issues (0 silenced).
March 20, 2025 - 11:19:13
Django version 5.1.4, using settings 'root.settings'
Starting development server at http://0.0.0.0:8000/
Quit the server with CONTROL-C.

Watching for file changes with StatReloader
[20/Mar/2025 11:24:12] "GET /coupon/coupon/ HTTP/1.0" 200 40993
[20/Mar/2025 11:24:12] "GET /coupon/check-coupon/?coupon_code= HTTP/1.0" 200 69
[20/Mar/2025 11:24:14] "GET /terms_and_conditions/ HTTP/1.0" 200 48780
Not Found: /pages/terms_and_conditions/
[20/Mar/2025 11:24:35] "GET /pages/terms_and_conditions/ HTTP/1.0" 404 4579
[20/Mar/2025 11:24:35] "GET /favicon.ico/ HTTP/1.0" 200 48780
/var/www/kalakar/src/pages/views.py changed, reloading.
Performing system checks...

System check identified no issues (0 silenced).
March 20, 2025 - 11:24:02
Django version 5.1.4, using settings 'root.settings'
Starting development server at http://0.0.0.0:8000/
Quit the server with CONTROL-C.

Watching for file changes with StatReloader
/var/www/kalakar/src/pages/views.py changed, reloading.
Performing system checks...

System check identified no issues (0 silenced).
March 20, 2025 - 11:25:47
Django version 5.1.4, using settings 'root.settings'
Starting development server at http://0.0.0.0:8000/
Quit the server with CONTROL-C.

Watching for file changes with StatReloader
[20/Mar/2025 11:27:52] "GET /terms_and_conditions/ HTTP/1.0" 200 48780
[20/Mar/2025 11:29:06] "GET /privacy_policy/ HTTP/1.0" 200 39960
[20/Mar/2025 11:33:28] "GET /coupon/coupon/ HTTP/1.0" 200 40993
[20/Mar/2025 11:33:28] "GET /coupon/check-coupon/?coupon_code= HTTP/1.0" 200 69
[20/Mar/2025 11:35:02] "GET / HTTP/1.0" 200 49794
[20/Mar/2025 11:42:10] "GET /admin/ HTTP/1.0" 200 13644
[20/Mar/2025 11:42:10] "GET /favicon.ico/ HTTP/1.0" 200 48780
Watching for file changes with StatReloader
Error: That port is already in use.
[20/Mar/2025 11:48:29] "GET /coupon/coupon/ HTTP/1.0" 200 40993
[20/Mar/2025 11:48:29] "GET /coupon/check-coupon/?coupon_code= HTTP/1.0" 200 69
[20/Mar/2025 11:48:32] "GET /coupon/coupon/ HTTP/1.0" 200 40993
[20/Mar/2025 11:48:33] "GET /coupon/check-coupon/?coupon_code= HTTP/1.0" 200 69
[20/Mar/2025 11:48:38] "GET /admin/ HTTP/1.0" 200 13644
[20/Mar/2025 11:48:39] "GET /favicon.ico/ HTTP/1.0" 200 48780
[20/Mar/2025 11:48:43] "GET /admin/ HTTP/1.0" 200 13644
[20/Mar/2025 11:48:43] "GET /favicon.ico HTTP/1.0" 301 0
[20/Mar/2025 11:48:43] "GET /favicon.ico/ HTTP/1.0" 200 48780
[20/Mar/2025 11:48:45] "GET /admin/ HTTP/1.0" 200 13644
[20/Mar/2025 11:48:45] "GET /favicon.ico HTTP/1.0" 301 0
[20/Mar/2025 11:48:45] "GET /favicon.ico/ HTTP/1.0" 200 48780
[20/Mar/2025 11:48:59] "GET /admin/coupon/coupons/ HTTP/1.0" 200 15343
[20/Mar/2025 11:48:59] "GET /admin/jsi18n/ HTTP/1.0" 200 3342
[20/Mar/2025 11:49:00] "GET /favicon.ico/ HTTP/1.0" 200 48780
[20/Mar/2025 11:49:03] "GET /admin/coupon/coupons/2/change/ HTTP/1.0" 200 16495
[20/Mar/2025 11:49:03] "GET /admin/jsi18n/ HTTP/1.0" 200 3342
[20/Mar/2025 11:49:03] "GET /favicon.ico/ HTTP/1.0" 200 48780
[20/Mar/2025 11:49:32] "POST /admin/coupon/coupons/2/change/ HTTP/1.0" 302 0
[20/Mar/2025 11:49:32] "GET /admin/coupon/coupons/ HTTP/1.0" 200 15582
[20/Mar/2025 11:49:32] "GET /admin/jsi18n/ HTTP/1.0" 200 3342
[20/Mar/2025 11:49:32] "GET /favicon.ico/ HTTP/1.0" 200 48780
[20/Mar/2025 11:50:18] "GET /accounts/login/ HTTP/1.0" 200 49174
Method Not Allowed (GET): /accounts/logout/
Method Not Allowed: /accounts/logout/
[20/Mar/2025 11:50:34] "GET /accounts/logout/ HTTP/1.0" 405 0
[20/Mar/2025 11:50:44] "GET / HTTP/1.0" 200 49794
[20/Mar/2025 11:50:49] "GET /coupon/coupon/ HTTP/1.0" 200 40993
[20/Mar/2025 11:50:50] "GET /coupon/check-coupon/?coupon_code= HTTP/1.0" 200 94
[20/Mar/2025 11:51:29] "GET /admin/ HTTP/1.0" 200 14007
[20/Mar/2025 11:51:29] "GET /favicon.ico/ HTTP/1.0" 200 48780
[20/Mar/2025 11:51:36] "GET /admin/accounts/user/ HTTP/1.0" 200 20107
[20/Mar/2025 11:51:36] "GET /admin/jsi18n/ HTTP/1.0" 200 3342
[20/Mar/2025 11:51:36] "GET /favicon.ico/ HTTP/1.0" 200 48780
/var/www/kalakar/src/payment/views.py changed, reloading.
Performing system checks...

System check identified no issues (0 silenced).
March 20, 2025 - 11:26:01
Django version 5.1.4, using settings 'root.settings'
Starting development server at http://0.0.0.0:8000/
Quit the server with CONTROL-C.

Watching for file changes with StatReloader
[20/Mar/2025 11:52:29] "GET /admin/accounts/user/ HTTP/1.0" 200 20107
[20/Mar/2025 11:52:29] "GET /admin/jsi18n/ HTTP/1.0" 200 3342
[20/Mar/2025 11:52:29] "GET /favicon.ico/ HTTP/1.0" 200 48780
[20/Mar/2025 11:53:09] "GET /admin/accounts/user/ HTTP/1.0" 200 20107
[20/Mar/2025 11:53:09] "GET /admin/jsi18n/ HTTP/1.0" 200 3342
[20/Mar/2025 11:53:10] "GET /favicon.ico/ HTTP/1.0" 200 48780
[20/Mar/2025 11:53:14] "GET /admin/accounts/user/ HTTP/1.0" 200 20107
[20/Mar/2025 11:53:15] "GET /admin/jsi18n/ HTTP/1.0" 200 3342
[20/Mar/2025 11:53:15] "GET /favicon.ico/ HTTP/1.0" 200 48780
[20/Mar/2025 11:53:19] "GET /admin/accounts/user/ HTTP/1.0" 200 20107
[20/Mar/2025 11:53:19] "GET /admin/jsi18n/ HTTP/1.0" 200 3342
[20/Mar/2025 11:53:19] "GET /favicon.ico/ HTTP/1.0" 200 48780
[20/Mar/2025 11:53:26] "GET /admin/accounts/user/ HTTP/1.0" 200 20107
[20/Mar/2025 11:53:26] "GET /admin/jsi18n/ HTTP/1.0" 200 3342
[20/Mar/2025 11:53:26] "GET /favicon.ico/ HTTP/1.0" 200 48780
[20/Mar/2025 11:54:38] "GET /admin/accounts/user/ HTTP/1.0" 200 20107
[20/Mar/2025 11:54:38] "GET /admin/jsi18n/ HTTP/1.0" 200 3342
[20/Mar/2025 11:54:38] "GET /favicon.ico/ HTTP/1.0" 200 48780
[20/Mar/2025 11:57:00] "GET /coupon/coupon/ HTTP/1.0" 200 40993
[20/Mar/2025 11:57:02] "GET /coupon/check-coupon/?coupon_code= HTTP/1.0" 200 94
Internal Server Error: /payment/callback
Traceback (most recent call last):
  File "/var/www/kalakar/venv/lib/python3.12/site-packages/django/core/handlers/exception.py", line 55, in inner
    response = get_response(request)
               ^^^^^^^^^^^^^^^^^^^^^
  File "/var/www/kalakar/venv/lib/python3.12/site-packages/django/utils/deprecation.py", line 131, in __call__
    response = self.process_response(request, response)
               ^^^^^^^^^^^^^^^^^^^^^^^^^^^^^^^^^^^^^^^^
  File "/var/www/kalakar/venv/lib/python3.12/site-packages/django/middleware/common.py", line 108, in process_response
    return self.response_redirect_class(self.get_full_path_with_slash(request))
                                        ^^^^^^^^^^^^^^^^^^^^^^^^^^^^^^^^^^^^^^
  File "/var/www/kalakar/venv/lib/python3.12/site-packages/django/middleware/common.py", line 87, in get_full_path_with_slash
    raise RuntimeError(
RuntimeError: You called this URL via POST, but the URL doesn't end in a slash and you have APPEND_SLASH set. Django can't redirect to the slash URL while maintaining POST data. Change your form to point to kalagurubyirarangoliarts.com/payment/callback/ (note the trailing slash), or set APPEND_SLASH=False in your Django settings.
[20/Mar/2025 11:59:13] "POST /payment/callback HTTP/1.0" 500 66806
Internal Server Error: /payment/callback
Traceback (most recent call last):
  File "/var/www/kalakar/venv/lib/python3.12/site-packages/django/core/handlers/exception.py", line 55, in inner
    response = get_response(request)
               ^^^^^^^^^^^^^^^^^^^^^
  File "/var/www/kalakar/venv/lib/python3.12/site-packages/django/utils/deprecation.py", line 131, in __call__
    response = self.process_response(request, response)
               ^^^^^^^^^^^^^^^^^^^^^^^^^^^^^^^^^^^^^^^^
  File "/var/www/kalakar/venv/lib/python3.12/site-packages/django/middleware/common.py", line 108, in process_response
    return self.response_redirect_class(self.get_full_path_with_slash(request))
                                        ^^^^^^^^^^^^^^^^^^^^^^^^^^^^^^^^^^^^^^
  File "/var/www/kalakar/venv/lib/python3.12/site-packages/django/middleware/common.py", line 87, in get_full_path_with_slash
    raise RuntimeError(
RuntimeError: You called this URL via POST, but the URL doesn't end in a slash and you have APPEND_SLASH set. Django can't redirect to the slash URL while maintaining POST data. Change your form to point to kalagurubyirarangoliarts.com/payment/callback/ (note the trailing slash), or set APPEND_SLASH=False in your Django settings.
[20/Mar/2025 11:59:13] "POST /payment/callback HTTP/1.0" 500 66806
[20/Mar/2025 11:59:32] "GET /admin/accounts/user/ HTTP/1.0" 200 20107
[20/Mar/2025 11:59:32] "GET /admin/jsi18n/ HTTP/1.0" 200 3342
[20/Mar/2025 11:59:32] "GET /favicon.ico/ HTTP/1.0" 200 48780
[20/Mar/2025 11:59:36] "GET /admin/accounts/user/ HTTP/1.0" 200 20107
[20/Mar/2025 11:59:36] "GET /admin/jsi18n/ HTTP/1.0" 200 3342
[20/Mar/2025 11:59:36] "GET /favicon.ico/ HTTP/1.0" 200 48780
/var/www/kalakar/src/root/settings.py changed, reloading.
Performing system checks...

System check identified no issues (0 silenced).
March 20, 2025 - 11:52:23
Django version 5.1.4, using settings 'root.settings'
Starting development server at http://0.0.0.0:8000/
Quit the server with CONTROL-C.

Watching for file changes with StatReloader
[20/Mar/2025 12:01:20] "GET /admin/accounts/user/ HTTP/1.0" 200 20107
[20/Mar/2025 12:01:20] "GET /admin/jsi18n/ HTTP/1.0" 200 3342
[20/Mar/2025 12:01:20] "GET /favicon.ico/ HTTP/1.0" 200 48780
[20/Mar/2025 12:01:39] "GET / HTTP/1.0" 200 49794
Not Found: /payment/callback
[20/Mar/2025 12:02:47] "POST /payment/callback HTTP/1.0" 404 4671
Not Found: /payment/callback
[20/Mar/2025 12:02:47] "POST /payment/callback HTTP/1.0" 404 4671
[20/Mar/2025 12:03:00] "GET /admin/accounts/user/ HTTP/1.0" 200 20107
[20/Mar/2025 12:03:00] "GET /admin/jsi18n/ HTTP/1.0" 200 3342
[20/Mar/2025 12:03:00] "GET /favicon.ico/ HTTP/1.0" 200 48780
/var/www/kalakar/src/root/settings.py changed, reloading.
Performing system checks...

System check identified no issues (0 silenced).
March 20, 2025 - 12:01:16
Django version 5.1.4, using settings 'root.settings'
Starting development server at http://0.0.0.0:8000/
Quit the server with CONTROL-C.

Watching for file changes with StatReloader
[20/Mar/2025 12:05:12] "POST /payment/callback/ HTTP/1.0" 200 54
Performing system checks...

System check identified no issues (0 silenced).
March 20, 2025 - 12:03:53
Django version 5.1.4, using settings 'root.settings'
Starting development server at http://0.0.0.0:8000/
Quit the server with CONTROL-C.

Content-Type: multipart/alternative;
 boundary="===============2698583909646341541=="
MIME-Version: 1.0
Subject: Your Account Credentials - Payment Received
From: webmaster@localhost
To: contact@itdevhub.com
Date: Thu, 20 Mar 2025 12:05:13 -0000
Message-ID: <174247231302.374038.1747597957966245996@ubuntu-24.localhost>

--===============2698583909646341541==
Content-Type: text/plain; charset="utf-8"
MIME-Version: 1.0
Content-Transfer-Encoding: 7bit



    
        Your Account Credentials
        
        body { font-family: Arial, sans-serif; color: #333; }
        .container { padding: 20px; max-width: 600px; margin: auto; border: 1px solid #ddd; border-radius: 10px; }
        .button { background-color: #007bff; color: white; padding: 10px 15px; text-decoration: none; border-radius: 5px; display: inline-block; margin-top: 15px; }
        
    
    
        
            Hello Test User,
            Your account has been created successfully!
            
                Amount of RS10.0 is received
            
            Here is your account credentials !
            
                Username: contact@itdevhub.com
            
            
                Password: H26msNWR
            
            You can log in using the button below:
            Login Now
            If you didn't request this, please ignore this email.
            
                Thanks,
                
                Your Team
            
        
    


--===============2698583909646341541==
Content-Type: text/html; charset="utf-8"
MIME-Version: 1.0
Content-Transfer-Encoding: 7bit

<!DOCTYPE html>
<html>
    <head>
        <title>Your Account Credentials</title>
        <style>
        body { font-family: Arial, sans-serif; color: #333; }
        .container { padding: 20px; max-width: 600px; margin: auto; border: 1px solid #ddd; border-radius: 10px; }
        .button { background-color: #007bff; color: white; padding: 10px 15px; text-decoration: none; border-radius: 5px; display: inline-block; margin-top: 15px; }
        </style>
    </head>
    <body>
        <div class="container">
            <h2>Hello Test User,</h2>
            <p>Your account has been created successfully!</p>
            <p>
                Amount of RS<strong>10.0</strong> is received
            </p>
            <p>Here is your account credentials !</p>
            <p>
                <strong>Username:</strong> contact@itdevhub.com
            </p>
            <p>
                <strong>Password:</strong> H26msNWR
            </p>
            <p>You can log in using the button below:</p>
            <a href="#" class="button">Login Now</a>
            <p>If you didn't request this, please ignore this email.</p>
            <p>
                Thanks,
                <br>
                Your Team
            </p>
        </div>
    </body>
</html>

--===============2698583909646341541==--

-------------------------------------------------------------------------------
[20/Mar/2025 12:05:13] "POST /payment/callback/ HTTP/1.0" 200 97
[20/Mar/2025 12:05:18] "GET /admin/accounts/user/ HTTP/1.0" 200 20961
[20/Mar/2025 12:05:19] "GET /admin/jsi18n/ HTTP/1.0" 200 3342
[20/Mar/2025 12:05:19] "GET /favicon.ico/ HTTP/1.0" 200 48780
[20/Mar/2025 12:05:42] "GET / HTTP/1.0" 200 49794
[20/Mar/2025 12:06:01] "GET /terms_and_conditions/ HTTP/1.0" 302 0
[20/Mar/2025 12:06:01] "GET /accounts/login/?next=/terms_and_conditions/ HTTP/1.0" 200 49196
[20/Mar/2025 12:06:04] "GET /privacy_policy/ HTTP/1.0" 302 0
[20/Mar/2025 12:06:04] "GET /accounts/login/?next=/privacy_policy/ HTTP/1.0" 200 49190
[20/Mar/2025 12:06:08] "GET /terms_and_conditions/ HTTP/1.0" 302 0
[20/Mar/2025 12:06:08] "GET /accounts/login/?next=/terms_and_conditions/ HTTP/1.0" 200 49196
[20/Mar/2025 12:06:10] "GET /privacy_policy/ HTTP/1.0" 302 0
[20/Mar/2025 12:06:10] "GET /accounts/login/?next=/privacy_policy/ HTTP/1.0" 200 49190
/var/www/kalakar/src/pages/views.py changed, reloading.
{"result":true,"phone_number":"918007655524","template_name":"kalaguru_login","parameteres":[{"name":"name","value":"Test User"},{"name":"Login_url","value":"https://kalagurubyirarangoliarts.com/accounts/login/"},{"name":"username","value":"contact@itdevhub.com"},{"name":"password","value":"H26msNWR"},{"name":"faq_link","value":"https://kalagurubyirarangoliarts.com"}],"contact":{"id":"67d17dad8d0632287ca992f6","tenantId":"415778","wAid":"918007655524","firstName":"sachin sir","fullName":"sachin sir","phone":"918007655524","source":"Wati","contactStatus":"VALID","photo":null,"created":"Mar-12-2025","customParams":[{"name":"name","value":"sachin sir"},{"name":"phone","value":"918007655524"}],"optedIn":false,"isDeleted":false,"lastUpdated":"2025-03-12T12:27:25.474Z","allowBroadcast":true,"allowSMS":true,"teamIds":["67cedfa31009e69744dd4b48"],"isInFlow":false,"isInTestFlow":false,"lastFlowId":null,"currentFlowNodeId":null,"selectedHubspotId":null,"channelId":null,"displayId":null,"contactLinkId":null,"waChannelPhone":null,"igPhoneSource":0,"mgPhoneSource":0,"tagName":null,"messengerPageName":"","paylinkSettings":null},"model":{"ids":["67d17dad8d0632287ca992f6"]},"validWhatsAppNumber":true}
Watching for file changes with StatReloader
/var/www/kalakar/src/pages/urls.py changed, reloading.
Performing system checks...

System check identified no issues (0 silenced).
March 20, 2025 - 12:12:41
Django version 5.1.4, using settings 'root.settings'
Starting development server at http://0.0.0.0:8000/
Quit the server with CONTROL-C.

Watching for file changes with StatReloader
[20/Mar/2025 12:12:50] "GET /coupon/coupon/ HTTP/1.0" 200 40978
[20/Mar/2025 12:12:50] "GET /coupon/check-coupon/?coupon_code= HTTP/1.0" 200 94
[20/Mar/2025 12:12:53] "GET /faq/ HTTP/1.0" 200 39936
[20/Mar/2025 12:12:53] "GET /ai_1.jpg HTTP/1.0" 301 0
[20/Mar/2025 12:12:53] "GET /ai_2.jpg HTTP/1.0" 301 0
[20/Mar/2025 12:12:53] "GET /ai_1.jpg/ HTTP/1.0" 200 48780
[20/Mar/2025 12:12:53] "GET /ai_3.jpg HTTP/1.0" 301 0
[20/Mar/2025 12:12:53] "GET /ai_4.jpg HTTP/1.0" 301 0
[20/Mar/2025 12:12:53] "GET /ai_5.jpg HTTP/1.0" 301 0
[20/Mar/2025 12:12:53] "GET /ai_2.jpg/ HTTP/1.0" 200 48780
[20/Mar/2025 12:12:53] "GET /ai_3.jpg/ HTTP/1.0" 200 48780
[20/Mar/2025 12:12:53] "GET /ai_4.jpg/ HTTP/1.0" 200 48780
[20/Mar/2025 12:12:53] "GET /ai_5.jpg/ HTTP/1.0" 200 48780
[20/Mar/2025 12:13:17] "GET /admin HTTP/1.0" 301 0
[20/Mar/2025 12:13:17] "GET /admin/ HTTP/1.0" 200 14007
[20/Mar/2025 12:13:19] "GET /favicon.ico/ HTTP/1.0" 200 48780
[20/Mar/2025 12:14:02] "GET /coupon/coupon/ HTTP/1.0" 200 40978
[20/Mar/2025 12:14:02] "GET /coupon/check-coupon/?coupon_code= HTTP/1.0" 200 94
[20/Mar/2025 12:14:05] "GET /coupon/coupon/ HTTP/1.0" 200 40982
[20/Mar/2025 12:14:05] "GET /coupon/check-coupon/?coupon_code= HTTP/1.0" 200 94
/var/www/kalakar/src/pages/views.py changed, reloading.
Performing system checks...

System check identified no issues (0 silenced).
March 20, 2025 - 12:12:43
Django version 5.1.4, using settings 'root.settings'
Starting development server at http://0.0.0.0:8000/
Quit the server with CONTROL-C.

Watching for file changes with StatReloader
[20/Mar/2025 12:15:03] "GET /coupon/coupon/ HTTP/1.0" 200 40982
[20/Mar/2025 12:15:03] "GET /coupon/check-coupon/?coupon_code= HTTP/1.0" 200 94
[20/Mar/2025 12:15:11] "GET / HTTP/1.0" 200 49783
[20/Mar/2025 12:15:17] "GET /terms_and_conditions/ HTTP/1.0" 200 48780
[20/Mar/2025 12:16:53] "GET /coupon/coupon/ HTTP/1.0" 200 40982
[20/Mar/2025 12:16:54] "GET /coupon/check-coupon/?coupon_code= HTTP/1.0" 200 94
[20/Mar/2025 12:16:55] "GET /admin/ HTTP/1.0" 200 14007
[20/Mar/2025 12:16:56] "GET /privacy_policy/ HTTP/1.0" 200 39949
[20/Mar/2025 12:16:57] "GET /favicon.ico/ HTTP/1.0" 200 48780
[20/Mar/2025 12:17:00] "GET /terms_and_conditions/ HTTP/1.0" 200 48780
[20/Mar/2025 12:18:31] "GET /admin/ HTTP/1.0" 200 14007
[20/Mar/2025 12:18:32] "GET /favicon.ico/ HTTP/1.0" 200 48780
[20/Mar/2025 12:18:34] "GET /admin/ HTTP/1.0" 200 14007
[20/Mar/2025 12:18:35] "GET /favicon.ico/ HTTP/1.0" 200 48780
[20/Mar/2025 12:18:40] "GET /privacy_policy/ HTTP/1.0" 200 39949
[20/Mar/2025 12:18:45] "GET / HTTP/1.0" 200 49783
[20/Mar/2025 12:20:01] "GET /privacy_policy/ HTTP/1.0" 200 39949
[20/Mar/2025 12:20:07] "GET /terms_and_conditions/ HTTP/1.0" 200 48780
[20/Mar/2025 12:20:13] "GET /faq/ HTTP/1.0" 200 39940
[20/Mar/2025 12:20:14] "GET /ai_1.jpg/ HTTP/1.0" 200 48780
[20/Mar/2025 12:20:14] "GET /ai_2.jpg/ HTTP/1.0" 200 48780
[20/Mar/2025 12:20:14] "GET /ai_3.jpg/ HTTP/1.0" 200 48780
[20/Mar/2025 12:20:14] "GET /ai_4.jpg/ HTTP/1.0" 200 48780
[20/Mar/2025 12:20:14] "GET /ai_5.jpg/ HTTP/1.0" 200 48780
[20/Mar/2025 12:21:21] "GET / HTTP/1.0" 200 49783
[20/Mar/2025 12:21:25] "GET /privacy_policy/ HTTP/1.0" 200 39949
[20/Mar/2025 12:29:53] "GET / HTTP/1.0" 200 49783
[20/Mar/2025 12:32:10] "GET /admin/ HTTP/1.0" 200 14007
[20/Mar/2025 12:32:11] "GET /favicon.ico/ HTTP/1.0" 200 48780
[20/Mar/2025 12:32:15] "POST /admin/logout/ HTTP/1.0" 200 3555
[20/Mar/2025 12:32:15] "GET /favicon.ico/ HTTP/1.0" 200 48780
[20/Mar/2025 12:32:22] "GET / HTTP/1.0" 200 49783
[20/Mar/2025 12:32:26] "GET /accounts/login/ HTTP/1.0" 200 49163
[20/Mar/2025 12:32:48] "GET / HTTP/1.0" 200 49783
[20/Mar/2025 12:32:51] "GET /admin/ HTTP/1.0" 302 0
[20/Mar/2025 12:32:51] "GET /admin/login/?next=/admin/ HTTP/1.0" 200 4160
[20/Mar/2025 12:32:52] "GET /accounts/login/ HTTP/1.0" 200 49163
[20/Mar/2025 12:33:14] "POST /accounts/login/ HTTP/1.0" 302 0
[20/Mar/2025 12:33:14] "GET /accounts/dashboard/ HTTP/1.0" 200 38939
[20/Mar/2025 12:33:19] "GET /accounts/profile/ HTTP/1.0" 200 57769
[20/Mar/2025 12:33:29] "GET /student-dashboard/ HTTP/1.0" 200 48780
Internal Server Error: /accounts/profile/
Traceback (most recent call last):
  File "/var/www/kalakar/venv/lib/python3.12/site-packages/django/urls/base.py", line 71, in reverse
    extra, resolver = resolver.namespace_dict[ns]
                      ~~~~~~~~~~~~~~~~~~~~~~~^^^^
KeyError: 'accounts'

During handling of the above exception, another exception occurred:

Traceback (most recent call last):
  File "/var/www/kalakar/venv/lib/python3.12/site-packages/django/core/handlers/exception.py", line 55, in inner
    response = get_response(request)
               ^^^^^^^^^^^^^^^^^^^^^
  File "/var/www/kalakar/venv/lib/python3.12/site-packages/django/core/handlers/base.py", line 197, in _get_response
    response = wrapped_callback(request, *callback_args, **callback_kwargs)
               ^^^^^^^^^^^^^^^^^^^^^^^^^^^^^^^^^^^^^^^^^^^^^^^^^^^^^^^^^^^^
  File "/var/www/kalakar/venv/lib/python3.12/site-packages/django/contrib/auth/decorators.py", line 60, in _view_wrapper
    return view_func(request, *args, **kwargs)
           ^^^^^^^^^^^^^^^^^^^^^^^^^^^^^^^^^^^
  File "/var/www/kalakar/src/accounts/views.py", line 71, in profile
    return render(request, "accounts/profile.html", context)
           ^^^^^^^^^^^^^^^^^^^^^^^^^^^^^^^^^^^^^^^^^^^^^^^^^
  File "/var/www/kalakar/venv/lib/python3.12/site-packages/django/shortcuts.py", line 25, in render
    content = loader.render_to_string(template_name, context, request, using=using)
              ^^^^^^^^^^^^^^^^^^^^^^^^^^^^^^^^^^^^^^^^^^^^^^^^^^^^^^^^^^^^^^^^^^^^^
  File "/var/www/kalakar/venv/lib/python3.12/site-packages/django/template/loader.py", line 62, in render_to_string
    return template.render(context, request)
           ^^^^^^^^^^^^^^^^^^^^^^^^^^^^^^^^^
  File "/var/www/kalakar/venv/lib/python3.12/site-packages/django/template/backends/django.py", line 107, in render
    return self.template.render(context)
           ^^^^^^^^^^^^^^^^^^^^^^^^^^^^^
  File "/var/www/kalakar/venv/lib/python3.12/site-packages/django/template/base.py", line 171, in render
    return self._render(context)
           ^^^^^^^^^^^^^^^^^^^^^
  File "/var/www/kalakar/venv/lib/python3.12/site-packages/django/template/base.py", line 163, in _render
    return self.nodelist.render(context)
           ^^^^^^^^^^^^^^^^^^^^^^^^^^^^^
  File "/var/www/kalakar/venv/lib/python3.12/site-packages/django/template/base.py", line 1008, in render
    return SafeString("".join([node.render_annotated(context) for node in self]))
                               ^^^^^^^^^^^^^^^^^^^^^^^^^^^^^^
  File "/var/www/kalakar/venv/lib/python3.12/site-packages/django/template/base.py", line 969, in render_annotated
    return self.render(context)
           ^^^^^^^^^^^^^^^^^^^^
  File "/var/www/kalakar/venv/lib/python3.12/site-packages/django/template/loader_tags.py", line 159, in render
    return compiled_parent._render(context)
           ^^^^^^^^^^^^^^^^^^^^^^^^^^^^^^^^
  File "/var/www/kalakar/venv/lib/python3.12/site-packages/django/template/base.py", line 163, in _render
    return self.nodelist.render(context)
           ^^^^^^^^^^^^^^^^^^^^^^^^^^^^^
  File "/var/www/kalakar/venv/lib/python3.12/site-packages/django/template/base.py", line 1008, in render
    return SafeString("".join([node.render_annotated(context) for node in self]))
                               ^^^^^^^^^^^^^^^^^^^^^^^^^^^^^^
  File "/var/www/kalakar/venv/lib/python3.12/site-packages/django/template/base.py", line 969, in render_annotated
    return self.render(context)
           ^^^^^^^^^^^^^^^^^^^^
  File "/var/www/kalakar/venv/lib/python3.12/site-packages/django/template/loader_tags.py", line 159, in render
    return compiled_parent._render(context)
           ^^^^^^^^^^^^^^^^^^^^^^^^^^^^^^^^
  File "/var/www/kalakar/venv/lib/python3.12/site-packages/django/template/base.py", line 163, in _render
    return self.nodelist.render(context)
           ^^^^^^^^^^^^^^^^^^^^^^^^^^^^^
  File "/var/www/kalakar/venv/lib/python3.12/site-packages/django/template/base.py", line 1008, in render
    return SafeString("".join([node.render_annotated(context) for node in self]))
                               ^^^^^^^^^^^^^^^^^^^^^^^^^^^^^^
  File "/var/www/kalakar/venv/lib/python3.12/site-packages/django/template/base.py", line 969, in render_annotated
    return self.render(context)
           ^^^^^^^^^^^^^^^^^^^^
  File "/var/www/kalakar/venv/lib/python3.12/site-packages/django/template/loader_tags.py", line 65, in render
    result = block.nodelist.render(context)
             ^^^^^^^^^^^^^^^^^^^^^^^^^^^^^^
  File "/var/www/kalakar/venv/lib/python3.12/site-packages/django/template/base.py", line 1008, in render
    return SafeString("".join([node.render_annotated(context) for node in self]))
                               ^^^^^^^^^^^^^^^^^^^^^^^^^^^^^^
  File "/var/www/kalakar/venv/lib/python3.12/site-packages/django/template/base.py", line 969, in render_annotated
    return self.render(context)
           ^^^^^^^^^^^^^^^^^^^^
  File "/var/www/kalakar/venv/lib/python3.12/site-packages/django/template/loader_tags.py", line 210, in render
    return template.render(context)
           ^^^^^^^^^^^^^^^^^^^^^^^^
  File "/var/www/kalakar/venv/lib/python3.12/site-packages/django/template/base.py", line 173, in render
    return self._render(context)
           ^^^^^^^^^^^^^^^^^^^^^
  File "/var/www/kalakar/venv/lib/python3.12/site-packages/django/template/base.py", line 163, in _render
    return self.nodelist.render(context)
           ^^^^^^^^^^^^^^^^^^^^^^^^^^^^^
  File "/var/www/kalakar/venv/lib/python3.12/site-packages/django/template/base.py", line 1008, in render
    return SafeString("".join([node.render_annotated(context) for node in self]))
                               ^^^^^^^^^^^^^^^^^^^^^^^^^^^^^^
  File "/var/www/kalakar/venv/lib/python3.12/site-packages/django/template/base.py", line 969, in render_annotated
    return self.render(context)
           ^^^^^^^^^^^^^^^^^^^^
  File "/var/www/kalakar/venv/lib/python3.12/site-packages/django/template/defaulttags.py", line 480, in render
    url = reverse(view_name, args=args, kwargs=kwargs, current_app=current_app)
          ^^^^^^^^^^^^^^^^^^^^^^^^^^^^^^^^^^^^^^^^^^^^^^^^^^^^^^^^^^^^^^^^^^^^^
  File "/var/www/kalakar/venv/lib/python3.12/site-packages/django/urls/base.py", line 82, in reverse
    raise NoReverseMatch("%s is not a registered namespace" % key)
django.urls.exceptions.NoReverseMatch: 'accounts' is not a registered namespace
[20/Mar/2025 12:38:13] "GET /accounts/profile/ HTTP/1.0" 500 231287
[20/Mar/2025 12:38:17] "GET /favicon.ico/ HTTP/1.0" 200 48780
[20/Mar/2025 12:38:40] "GET /accounts/profile/ HTTP/1.0" 200 55749
[20/Mar/2025 12:38:43] "GET /accounts/dashboard/ HTTP/1.0" 200 38939
[20/Mar/2025 12:38:44] "GET /accounts/profile/ HTTP/1.0" 200 55749
[20/Mar/2025 12:38:53] "GET /accounts/profile/update/ HTTP/1.0" 200 56953
[20/Mar/2025 12:39:20] "POST /accounts/profile/update/ HTTP/1.0" 302 0
[20/Mar/2025 12:39:20] "GET /accounts/profile/ HTTP/1.0" 200 55775
[20/Mar/2025 12:39:28] "GET / HTTP/1.0" 200 49783
[20/Mar/2025 12:39:42] "GET /admin/ HTTP/1.0" 302 0
[20/Mar/2025 12:39:42] "GET /admin/login/?next=/admin/ HTTP/1.0" 200 3689
[20/Mar/2025 12:39:43] "GET /favicon.ico/ HTTP/1.0" 200 48780
[20/Mar/2025 12:40:15] "POST /admin/login/?next=/admin/ HTTP/1.0" 302 0
[20/Mar/2025 12:40:16] "GET /admin/ HTTP/1.0" 200 14007
[20/Mar/2025 12:40:16] "GET /favicon.ico/ HTTP/1.0" 200 48780
[20/Mar/2025 12:40:18] "GET /admin/accounts/user/ HTTP/1.0" 200 20973
[20/Mar/2025 12:40:18] "GET /admin/jsi18n/ HTTP/1.0" 200 3342
[20/Mar/2025 12:40:19] "GET /favicon.ico/ HTTP/1.0" 200 48780
[20/Mar/2025 12:40:21] "GET /admin/accounts/student/ HTTP/1.0" 200 18043
[20/Mar/2025 12:40:21] "GET /admin/jsi18n/ HTTP/1.0" 200 3342
[20/Mar/2025 12:40:21] "GET /favicon.ico/ HTTP/1.0" 200 48780
/var/www/kalakar/src/accounts/forms.py changed, reloading.
Performing system checks...

System check identified no issues (0 silenced).
March 20, 2025 - 12:15:00
Django version 5.1.4, using settings 'root.settings'
Starting development server at http://0.0.0.0:8000/
Quit the server with CONTROL-C.

Watching for file changes with StatReloader
[20/Mar/2025 12:43:54] "GET /accounts/profile/ HTTP/1.0" 200 55680
[20/Mar/2025 12:44:03] "GET /accounts/profile/update/ HTTP/1.0" 200 54827
/var/www/kalakar/src/accounts/forms.py changed, reloading.
Performing system checks...

System check identified no issues (0 silenced).
March 20, 2025 - 12:43:52
Django version 5.1.4, using settings 'root.settings'
Starting development server at http://0.0.0.0:8000/
Quit the server with CONTROL-C.

Watching for file changes with StatReloader
[20/Mar/2025 12:44:40] "GET /accounts/profile/update/ HTTP/1.0" 200 54827
[20/Mar/2025 12:44:44] "GET /accounts/profile HTTP/1.0" 301 0
[20/Mar/2025 12:44:44] "GET /accounts/profile/ HTTP/1.0" 200 55680
[20/Mar/2025 12:44:46] "GET /accounts/profile/update/ HTTP/1.0" 200 54827
[20/Mar/2025 12:44:58] "GET /accounts/dashboard/ HTTP/1.0" 200 38931
[20/Mar/2025 12:45:04] "GET /admin/ HTTP/1.0" 200 14007
[20/Mar/2025 12:45:06] "GET /accounts/login/ HTTP/1.0" 200 49163
[20/Mar/2025 12:45:20] "POST /accounts/login/ HTTP/1.0" 302 0
[20/Mar/2025 12:45:20] "GET /accounts/dashboard/ HTTP/1.0" 200 38945
[20/Mar/2025 12:45:22] "GET /accounts/profile/ HTTP/1.0" 200 55775
[20/Mar/2025 12:45:24] "GET /accounts/profile/update/ HTTP/1.0" 200 56988
[20/Mar/2025 12:45:41] "POST /accounts/profile/update/ HTTP/1.0" 302 0
[20/Mar/2025 12:45:41] "GET /accounts/profile/ HTTP/1.0" 200 55904
[20/Mar/2025 12:45:53] "GET /accounts/profile/ HTTP/1.0" 200 55904
[20/Mar/2025 12:46:52] "GET / HTTP/1.0" 200 49783
[20/Mar/2025 12:46:55] "GET /admin/ HTTP/1.0" 302 0
[20/Mar/2025 12:46:55] "GET /admin/login/?next=/admin/ HTTP/1.0" 200 4160
[20/Mar/2025 12:46:56] "GET /favicon.ico HTTP/1.0" 301 0
[20/Mar/2025 12:46:56] "GET /favicon.ico/ HTTP/1.0" 200 48780
[20/Mar/2025 12:47:16] "POST /admin/login/?next=/admin/ HTTP/1.0" 302 0
[20/Mar/2025 12:47:16] "GET /admin/ HTTP/1.0" 200 14007
[20/Mar/2025 12:47:16] "GET /favicon.ico/ HTTP/1.0" 200 48780
[20/Mar/2025 12:47:19] "GET /admin/accounts/student/ HTTP/1.0" 200 18055
[20/Mar/2025 12:47:19] "GET /admin/jsi18n/ HTTP/1.0" 200 3342
[20/Mar/2025 12:47:19] "GET /favicon.ico/ HTTP/1.0" 200 48780
[20/Mar/2025 12:47:21] "GET /admin/accounts/student/6/change/ HTTP/1.0" 200 23251
[20/Mar/2025 12:47:21] "GET /admin/jsi18n/ HTTP/1.0" 200 3342
[20/Mar/2025 12:47:21] "GET /favicon.ico/ HTTP/1.0" 200 48780
[20/Mar/2025 12:47:24] "GET /favicon.ico/ HTTP/1.0" 200 48780
[20/Mar/2025 12:47:33] "GET /admin/accounts/student/6/change/ HTTP/1.0" 200 23251
[20/Mar/2025 12:47:33] "GET /favicon.ico/ HTTP/1.0" 200 48780
[20/Mar/2025 12:49:44] "GET /accounts/profile/ HTTP/1.0" 200 55992
[20/Mar/2025 12:50:09] "GET /accounts/profile/update/ HTTP/1.0" 200 57213
[20/Mar/2025 12:50:17] "POST /accounts/profile/update/ HTTP/1.0" 302 0
[20/Mar/2025 12:50:17] "GET /accounts/profile/ HTTP/1.0" 200 55989
[20/Mar/2025 12:50:35] "GET /accounts/profile/ HTTP/1.0" 200 55980
[20/Mar/2025 12:57:34] "GET /accounts/profile/ HTTP/1.0" 200 55896
[20/Mar/2025 12:57:50] "GET /accounts/profile/ HTTP/1.0" 200 55980
/var/www/kalakar/src/root/urls.py changed, reloading.
Performing system checks...

System check identified no issues (0 silenced).
March 20, 2025 - 12:44:36
Django version 5.1.4, using settings 'root.settings'
Starting development server at http://0.0.0.0:8000/
Quit the server with CONTROL-C.

Watching for file changes with StatReloader
[20/Mar/2025 12:58:43] "GET /accounts/profile/ HTTP/1.0" 200 55980
[20/Mar/2025 12:58:46] "GET /accounts/profile/update/ HTTP/1.0" 200 57184
[20/Mar/2025 12:58:53] "POST /accounts/profile/update/ HTTP/1.0" 302 0
[20/Mar/2025 12:58:53] "GET /accounts/profile/ HTTP/1.0" 200 56004
[20/Mar/2025 12:59:28] "GET /admin/accounts/student/ HTTP/1.0" 302 0
[20/Mar/2025 12:59:29] "GET /admin/login/?next=/admin/accounts/student/ HTTP/1.0" 200 3723
[20/Mar/2025 12:59:29] "GET /favicon.ico/ HTTP/1.0" 200 48780
[20/Mar/2025 12:59:38] "GET /admin/accounts/student/6/change/ HTTP/1.0" 200 23259
[20/Mar/2025 12:59:38] "GET /admin/jsi18n/ HTTP/1.0" 200 3342
[20/Mar/2025 12:59:39] "GET /favicon.ico/ HTTP/1.0" 200 48780
[20/Mar/2025 13:01:39] "GET /accounts/profile/ HTTP/1.0" 200 56004
[20/Mar/2025 13:01:57] "GET /accounts/profile/ HTTP/1.0" 200 56004
[20/Mar/2025 13:01:58] "GET / HTTP/1.0" 200 49783
[20/Mar/2025 13:01:58] "GET /favicon.ico HTTP/1.0" 301 0
[20/Mar/2025 13:01:59] "GET /favicon.ico/ HTTP/1.0" 200 48780
[20/Mar/2025 13:01:59] "GET /favicon.png HTTP/1.0" 301 0
[20/Mar/2025 13:02:00] "GET /favicon.png/ HTTP/1.0" 200 48780
[20/Mar/2025 13:02:15] "GET /accounts/profile/ HTTP/1.0" 200 55912
[20/Mar/2025 13:02:21] "GET /accounts/dashboard/ HTTP/1.0" 200 38949
[20/Mar/2025 13:02:25] "GET /accounts/profile/ HTTP/1.0" 200 55912
[20/Mar/2025 13:02:29] "GET /terms_and_conditions/ HTTP/1.0" 200 48780
[20/Mar/2025 13:02:58] "GET /student-profile/ HTTP/1.0" 200 48780
[20/Mar/2025 13:04:38] "GET /accounts/profile/ HTTP/1.0" 200 55914
[20/Mar/2025 13:05:41] "GET /accounts/password-reset/ HTTP/1.0" 200 37442
/var/www/kalakar/src/pages/views.py changed, reloading.
Performing system checks...

System check identified no issues (0 silenced).
March 20, 2025 - 12:58:39
Django version 5.1.4, using settings 'root.settings'
Starting development server at http://0.0.0.0:8000/
Quit the server with CONTROL-C.

Watching for file changes with StatReloader
[20/Mar/2025 13:10:32] "GET /accounts/dashboard HTTP/1.0" 301 0
Internal Server Error: /accounts/dashboard/
Traceback (most recent call last):
  File "/var/www/kalakar/venv/lib/python3.12/site-packages/django/core/handlers/exception.py", line 55, in inner
    response = get_response(request)
               ^^^^^^^^^^^^^^^^^^^^^
  File "/var/www/kalakar/venv/lib/python3.12/site-packages/django/core/handlers/base.py", line 197, in _get_response
    response = wrapped_callback(request, *callback_args, **callback_kwargs)
               ^^^^^^^^^^^^^^^^^^^^^^^^^^^^^^^^^^^^^^^^^^^^^^^^^^^^^^^^^^^^
  File "/var/www/kalakar/venv/lib/python3.12/site-packages/django/contrib/auth/decorators.py", line 60, in _view_wrapper
    return view_func(request, *args, **kwargs)
           ^^^^^^^^^^^^^^^^^^^^^^^^^^^^^^^^^^^
  File "/var/www/kalakar/src/accounts/views.py", line 154, in dashboard
    return render(request, "accounts/dashboard.html")
           ^^^^^^^^^^^^^^^^^^^^^^^^^^^^^^^^^^^^^^^^^^
  File "/var/www/kalakar/venv/lib/python3.12/site-packages/django/shortcuts.py", line 25, in render
    content = loader.render_to_string(template_name, context, request, using=using)
              ^^^^^^^^^^^^^^^^^^^^^^^^^^^^^^^^^^^^^^^^^^^^^^^^^^^^^^^^^^^^^^^^^^^^^
  File "/var/www/kalakar/venv/lib/python3.12/site-packages/django/template/loader.py", line 62, in render_to_string
    return template.render(context, request)
           ^^^^^^^^^^^^^^^^^^^^^^^^^^^^^^^^^
  File "/var/www/kalakar/venv/lib/python3.12/site-packages/django/template/backends/django.py", line 107, in render
    return self.template.render(context)
           ^^^^^^^^^^^^^^^^^^^^^^^^^^^^^
  File "/var/www/kalakar/venv/lib/python3.12/site-packages/django/template/base.py", line 171, in render
    return self._render(context)
           ^^^^^^^^^^^^^^^^^^^^^
  File "/var/www/kalakar/venv/lib/python3.12/site-packages/django/template/base.py", line 163, in _render
    return self.nodelist.render(context)
           ^^^^^^^^^^^^^^^^^^^^^^^^^^^^^
  File "/var/www/kalakar/venv/lib/python3.12/site-packages/django/template/base.py", line 1008, in render
    return SafeString("".join([node.render_annotated(context) for node in self]))
                               ^^^^^^^^^^^^^^^^^^^^^^^^^^^^^^
  File "/var/www/kalakar/venv/lib/python3.12/site-packages/django/template/base.py", line 969, in render_annotated
    return self.render(context)
           ^^^^^^^^^^^^^^^^^^^^
  File "/var/www/kalakar/venv/lib/python3.12/site-packages/django/template/loader_tags.py", line 159, in render
    return compiled_parent._render(context)
           ^^^^^^^^^^^^^^^^^^^^^^^^^^^^^^^^
  File "/var/www/kalakar/venv/lib/python3.12/site-packages/django/template/base.py", line 163, in _render
    return self.nodelist.render(context)
           ^^^^^^^^^^^^^^^^^^^^^^^^^^^^^
  File "/var/www/kalakar/venv/lib/python3.12/site-packages/django/template/base.py", line 1008, in render
    return SafeString("".join([node.render_annotated(context) for node in self]))
                               ^^^^^^^^^^^^^^^^^^^^^^^^^^^^^^
  File "/var/www/kalakar/venv/lib/python3.12/site-packages/django/template/base.py", line 969, in render_annotated
    return self.render(context)
           ^^^^^^^^^^^^^^^^^^^^
  File "/var/www/kalakar/venv/lib/python3.12/site-packages/django/template/loader_tags.py", line 65, in render
    result = block.nodelist.render(context)
             ^^^^^^^^^^^^^^^^^^^^^^^^^^^^^^
  File "/var/www/kalakar/venv/lib/python3.12/site-packages/django/template/base.py", line 1008, in render
    return SafeString("".join([node.render_annotated(context) for node in self]))
                               ^^^^^^^^^^^^^^^^^^^^^^^^^^^^^^
  File "/var/www/kalakar/venv/lib/python3.12/site-packages/django/template/base.py", line 969, in render_annotated
    return self.render(context)
           ^^^^^^^^^^^^^^^^^^^^
  File "/var/www/kalakar/venv/lib/python3.12/site-packages/django/template/loader_tags.py", line 210, in render
    return template.render(context)
           ^^^^^^^^^^^^^^^^^^^^^^^^
  File "/var/www/kalakar/venv/lib/python3.12/site-packages/django/template/base.py", line 173, in render
    return self._render(context)
           ^^^^^^^^^^^^^^^^^^^^^
  File "/var/www/kalakar/venv/lib/python3.12/site-packages/django/template/base.py", line 163, in _render
    return self.nodelist.render(context)
           ^^^^^^^^^^^^^^^^^^^^^^^^^^^^^
  File "/var/www/kalakar/venv/lib/python3.12/site-packages/django/template/base.py", line 1008, in render
    return SafeString("".join([node.render_annotated(context) for node in self]))
                               ^^^^^^^^^^^^^^^^^^^^^^^^^^^^^^
  File "/var/www/kalakar/venv/lib/python3.12/site-packages/django/template/base.py", line 969, in render_annotated
    return self.render(context)
           ^^^^^^^^^^^^^^^^^^^^
  File "/var/www/kalakar/venv/lib/python3.12/site-packages/django/template/defaulttags.py", line 480, in render
    url = reverse(view_name, args=args, kwargs=kwargs, current_app=current_app)
          ^^^^^^^^^^^^^^^^^^^^^^^^^^^^^^^^^^^^^^^^^^^^^^^^^^^^^^^^^^^^^^^^^^^^^
  File "/var/www/kalakar/venv/lib/python3.12/site-packages/django/urls/base.py", line 88, in reverse
    return resolver._reverse_with_prefix(view, prefix, *args, **kwargs)
           ^^^^^^^^^^^^^^^^^^^^^^^^^^^^^^^^^^^^^^^^^^^^^^^^^^^^^^^^^^^^
  File "/var/www/kalakar/venv/lib/python3.12/site-packages/django/urls/resolvers.py", line 831, in _reverse_with_prefix
    raise NoReverseMatch(msg)
django.urls.exceptions.NoReverseMatch: Reverse for 'term_and_conditions' not found. 'term_and_conditions' is not a valid view function or pattern name.
[20/Mar/2025 13:10:32] "GET /accounts/dashboard/ HTTP/1.0" 500 199955
[20/Mar/2025 13:10:33] "GET /favicon.ico/ HTTP/1.0" 200 48780
[20/Mar/2025 13:11:11] "GET /accounts/dashboard/ HTTP/1.0" 200 38944
[20/Mar/2025 13:11:12] "GET /terms_condition/ HTTP/1.0" 200 39433
[20/Mar/2025 13:11:20] "GET /privacy_policy/ HTTP/1.0" 200 39944
[20/Mar/2025 13:11:32] "GET / HTTP/1.0" 200 49778
[20/Mar/2025 13:11:39] "GET /privacy_policy/ HTTP/1.0" 200 39944
[20/Mar/2025 13:11:42] "GET /terms_condition/ HTTP/1.0" 200 39433
[20/Mar/2025 13:11:45] "GET /faq/ HTTP/1.0" 200 39935
[20/Mar/2025 13:11:45] "GET /ai_1.jpg HTTP/1.0" 301 0
[20/Mar/2025 13:11:46] "GET /ai_2.jpg HTTP/1.0" 301 0
[20/Mar/2025 13:11:46] "GET /ai_4.jpg HTTP/1.0" 301 0
[20/Mar/2025 13:11:46] "GET /ai_3.jpg HTTP/1.0" 301 0
[20/Mar/2025 13:11:46] "GET /ai_5.jpg HTTP/1.0" 301 0
[20/Mar/2025 13:11:46] "GET /ai_3.jpg/ HTTP/1.0" 200 48780
[20/Mar/2025 13:11:46] "GET /ai_5.jpg/ HTTP/1.0" 200 48780
[20/Mar/2025 13:11:46] "GET /ai_4.jpg/ HTTP/1.0" 200 48780
[20/Mar/2025 13:11:46] "GET /ai_1.jpg/ HTTP/1.0" 200 48780
[20/Mar/2025 13:11:46] "GET /ai_2.jpg/ HTTP/1.0" 200 48780
/var/www/kalakar/src/root/settings.py changed, reloading.
Performing system checks...

System check identified no issues (0 silenced).
March 20, 2025 - 13:10:27
Django version 5.1.4, using settings 'root.settings'
Starting development server at http://0.0.0.0:8000/
Quit the server with CONTROL-C.

Watching for file changes with StatReloader
/var/www/kalakar/src/accounts/urls.py changed, reloading.
Performing system checks...

System check identified no issues (0 silenced).
March 20, 2025 - 13:15:49
Django version 5.1.4, using settings 'root.settings'
Starting development server at http://0.0.0.0:8000/
Quit the server with CONTROL-C.

Watching for file changes with StatReloader
[20/Mar/2025 13:18:18] "GET /accounts/dashboard/ HTTP/1.0" 200 38963
[20/Mar/2025 13:18:20] "GET /accounts/profile/ HTTP/1.0" 200 55944
Method Not Allowed (GET): /accounts/logout/
Method Not Allowed: /accounts/logout/
[20/Mar/2025 13:18:21] "GET /accounts/logout/ HTTP/1.0" 405 0
Method Not Allowed (GET): /accounts/logout/
Method Not Allowed: /accounts/logout/
[20/Mar/2025 13:19:19] "GET /accounts/logout/ HTTP/1.0" 405 0
[20/Mar/2025 13:19:23] "GET /accounts/profile/ HTTP/1.0" 200 55944
Method Not Allowed (GET): /accounts/logout/
Method Not Allowed: /accounts/logout/
[20/Mar/2025 13:19:25] "GET /accounts/logout/ HTTP/1.0" 405 0
[20/Mar/2025 13:20:03] "GET /.env HTTP/1.0" 301 0
/var/www/kalakar/src/accounts/urls.py changed, reloading.
Performing system checks...

System check identified no issues (0 silenced).
March 20, 2025 - 13:17:08
Django version 5.1.4, using settings 'root.settings'
Starting development server at http://0.0.0.0:8000/
Quit the server with CONTROL-C.

Watching for file changes with StatReloader
[20/Mar/2025 13:20:48] "GET /accounts/profile/ HTTP/1.0" 200 55944
Method Not Allowed (GET): /accounts/logout/
Method Not Allowed: /accounts/logout/
[20/Mar/2025 13:20:49] "GET /accounts/logout/ HTTP/1.0" 405 0
/var/www/kalakar/src/root/settings.py changed, reloading.
Performing system checks...

System check identified no issues (0 silenced).
March 20, 2025 - 13:20:44
Django version 5.1.4, using settings 'root.settings'
Starting development server at http://0.0.0.0:8000/
Quit the server with CONTROL-C.

Watching for file changes with StatReloader
[20/Mar/2025 13:21:32] "GET /accounts/profile/ HTTP/1.0" 200 55944
Method Not Allowed (GET): /accounts/logout/
Method Not Allowed: /accounts/logout/
[20/Mar/2025 13:21:33] "GET /accounts/logout/ HTTP/1.0" 405 0
[20/Mar/2025 13:23:18] "GET / HTTP/1.0" 200 49797
/var/www/kalakar/src/accounts/views.py changed, reloading.
Performing system checks...

System check identified no issues (0 silenced).
March 20, 2025 - 13:21:28
Django version 5.1.4, using settings 'root.settings'
Starting development server at http://0.0.0.0:8000/
Quit the server with CONTROL-C.

Watching for file changes with StatReloader
/var/www/kalakar/src/accounts/urls.py changed, reloading.
Performing system checks...

System check identified no issues (0 silenced).
March 20, 2025 - 13:27:03
Django version 5.1.4, using settings 'root.settings'
Starting development server at http://0.0.0.0:8000/
Quit the server with CONTROL-C.

Watching for file changes with StatReloader
Internal Server Error: /accounts/profile/
Traceback (most recent call last):
  File "/var/www/kalakar/venv/lib/python3.12/site-packages/django/core/handlers/exception.py", line 55, in inner
    response = get_response(request)
               ^^^^^^^^^^^^^^^^^^^^^
  File "/var/www/kalakar/venv/lib/python3.12/site-packages/django/core/handlers/base.py", line 197, in _get_response
    response = wrapped_callback(request, *callback_args, **callback_kwargs)
               ^^^^^^^^^^^^^^^^^^^^^^^^^^^^^^^^^^^^^^^^^^^^^^^^^^^^^^^^^^^^
  File "/var/www/kalakar/venv/lib/python3.12/site-packages/django/contrib/auth/decorators.py", line 60, in _view_wrapper
    return view_func(request, *args, **kwargs)
           ^^^^^^^^^^^^^^^^^^^^^^^^^^^^^^^^^^^
  File "/var/www/kalakar/src/accounts/views.py", line 71, in profile
    return render(request, "accounts/profile.html", context)
           ^^^^^^^^^^^^^^^^^^^^^^^^^^^^^^^^^^^^^^^^^^^^^^^^^
  File "/var/www/kalakar/venv/lib/python3.12/site-packages/django/shortcuts.py", line 25, in render
    content = loader.render_to_string(template_name, context, request, using=using)
              ^^^^^^^^^^^^^^^^^^^^^^^^^^^^^^^^^^^^^^^^^^^^^^^^^^^^^^^^^^^^^^^^^^^^^
  File "/var/www/kalakar/venv/lib/python3.12/site-packages/django/template/loader.py", line 62, in render_to_string
    return template.render(context, request)
           ^^^^^^^^^^^^^^^^^^^^^^^^^^^^^^^^^
  File "/var/www/kalakar/venv/lib/python3.12/site-packages/django/template/backends/django.py", line 107, in render
    return self.template.render(context)
           ^^^^^^^^^^^^^^^^^^^^^^^^^^^^^
  File "/var/www/kalakar/venv/lib/python3.12/site-packages/django/template/base.py", line 171, in render
    return self._render(context)
           ^^^^^^^^^^^^^^^^^^^^^
  File "/var/www/kalakar/venv/lib/python3.12/site-packages/django/template/base.py", line 163, in _render
    return self.nodelist.render(context)
           ^^^^^^^^^^^^^^^^^^^^^^^^^^^^^
  File "/var/www/kalakar/venv/lib/python3.12/site-packages/django/template/base.py", line 1008, in render
    return SafeString("".join([node.render_annotated(context) for node in self]))
                               ^^^^^^^^^^^^^^^^^^^^^^^^^^^^^^
  File "/var/www/kalakar/venv/lib/python3.12/site-packages/django/template/base.py", line 969, in render_annotated
    return self.render(context)
           ^^^^^^^^^^^^^^^^^^^^
  File "/var/www/kalakar/venv/lib/python3.12/site-packages/django/template/loader_tags.py", line 159, in render
    return compiled_parent._render(context)
           ^^^^^^^^^^^^^^^^^^^^^^^^^^^^^^^^
  File "/var/www/kalakar/venv/lib/python3.12/site-packages/django/template/base.py", line 163, in _render
    return self.nodelist.render(context)
           ^^^^^^^^^^^^^^^^^^^^^^^^^^^^^
  File "/var/www/kalakar/venv/lib/python3.12/site-packages/django/template/base.py", line 1008, in render
    return SafeString("".join([node.render_annotated(context) for node in self]))
                               ^^^^^^^^^^^^^^^^^^^^^^^^^^^^^^
  File "/var/www/kalakar/venv/lib/python3.12/site-packages/django/template/base.py", line 969, in render_annotated
    return self.render(context)
           ^^^^^^^^^^^^^^^^^^^^
  File "/var/www/kalakar/venv/lib/python3.12/site-packages/django/template/loader_tags.py", line 159, in render
    return compiled_parent._render(context)
           ^^^^^^^^^^^^^^^^^^^^^^^^^^^^^^^^
  File "/var/www/kalakar/venv/lib/python3.12/site-packages/django/template/base.py", line 163, in _render
    return self.nodelist.render(context)
           ^^^^^^^^^^^^^^^^^^^^^^^^^^^^^
  File "/var/www/kalakar/venv/lib/python3.12/site-packages/django/template/base.py", line 1008, in render
    return SafeString("".join([node.render_annotated(context) for node in self]))
                               ^^^^^^^^^^^^^^^^^^^^^^^^^^^^^^
  File "/var/www/kalakar/venv/lib/python3.12/site-packages/django/template/base.py", line 969, in render_annotated
    return self.render(context)
           ^^^^^^^^^^^^^^^^^^^^
  File "/var/www/kalakar/venv/lib/python3.12/site-packages/django/template/loader_tags.py", line 65, in render
    result = block.nodelist.render(context)
             ^^^^^^^^^^^^^^^^^^^^^^^^^^^^^^
  File "/var/www/kalakar/venv/lib/python3.12/site-packages/django/template/base.py", line 1008, in render
    return SafeString("".join([node.render_annotated(context) for node in self]))
                               ^^^^^^^^^^^^^^^^^^^^^^^^^^^^^^
  File "/var/www/kalakar/venv/lib/python3.12/site-packages/django/template/base.py", line 969, in render_annotated
    return self.render(context)
           ^^^^^^^^^^^^^^^^^^^^
  File "/var/www/kalakar/venv/lib/python3.12/site-packages/django/template/loader_tags.py", line 210, in render
    return template.render(context)
           ^^^^^^^^^^^^^^^^^^^^^^^^
  File "/var/www/kalakar/venv/lib/python3.12/site-packages/django/template/base.py", line 173, in render
    return self._render(context)
           ^^^^^^^^^^^^^^^^^^^^^
  File "/var/www/kalakar/venv/lib/python3.12/site-packages/django/template/base.py", line 163, in _render
    return self.nodelist.render(context)
           ^^^^^^^^^^^^^^^^^^^^^^^^^^^^^
  File "/var/www/kalakar/venv/lib/python3.12/site-packages/django/template/base.py", line 1008, in render
    return SafeString("".join([node.render_annotated(context) for node in self]))
                               ^^^^^^^^^^^^^^^^^^^^^^^^^^^^^^
  File "/var/www/kalakar/venv/lib/python3.12/site-packages/django/template/base.py", line 969, in render_annotated
    return self.render(context)
           ^^^^^^^^^^^^^^^^^^^^
  File "/var/www/kalakar/venv/lib/python3.12/site-packages/django/template/defaulttags.py", line 480, in render
    url = reverse(view_name, args=args, kwargs=kwargs, current_app=current_app)
          ^^^^^^^^^^^^^^^^^^^^^^^^^^^^^^^^^^^^^^^^^^^^^^^^^^^^^^^^^^^^^^^^^^^^^
  File "/var/www/kalakar/venv/lib/python3.12/site-packages/django/urls/base.py", line 88, in reverse
    return resolver._reverse_with_prefix(view, prefix, *args, **kwargs)
           ^^^^^^^^^^^^^^^^^^^^^^^^^^^^^^^^^^^^^^^^^^^^^^^^^^^^^^^^^^^^
  File "/var/www/kalakar/venv/lib/python3.12/site-packages/django/urls/resolvers.py", line 831, in _reverse_with_prefix
    raise NoReverseMatch(msg)
django.urls.exceptions.NoReverseMatch: Reverse for 'dashboard' not found. 'dashboard' is not a valid view function or pattern name.
[20/Mar/2025 13:29:12] "GET /accounts/profile/ HTTP/1.0" 500 229739
[20/Mar/2025 13:29:12] "GET /favicon.ico/ HTTP/1.0" 200 48780
Internal Server Error: /accounts/profile/
Traceback (most recent call last):
  File "/var/www/kalakar/venv/lib/python3.12/site-packages/django/core/handlers/exception.py", line 55, in inner
    response = get_response(request)
               ^^^^^^^^^^^^^^^^^^^^^
  File "/var/www/kalakar/venv/lib/python3.12/site-packages/django/core/handlers/base.py", line 197, in _get_response
    response = wrapped_callback(request, *callback_args, **callback_kwargs)
               ^^^^^^^^^^^^^^^^^^^^^^^^^^^^^^^^^^^^^^^^^^^^^^^^^^^^^^^^^^^^
  File "/var/www/kalakar/venv/lib/python3.12/site-packages/django/contrib/auth/decorators.py", line 60, in _view_wrapper
    return view_func(request, *args, **kwargs)
           ^^^^^^^^^^^^^^^^^^^^^^^^^^^^^^^^^^^
  File "/var/www/kalakar/src/accounts/views.py", line 71, in profile
    return render(request, "accounts/profile.html", context)
           ^^^^^^^^^^^^^^^^^^^^^^^^^^^^^^^^^^^^^^^^^^^^^^^^^
  File "/var/www/kalakar/venv/lib/python3.12/site-packages/django/shortcuts.py", line 25, in render
    content = loader.render_to_string(template_name, context, request, using=using)
              ^^^^^^^^^^^^^^^^^^^^^^^^^^^^^^^^^^^^^^^^^^^^^^^^^^^^^^^^^^^^^^^^^^^^^
  File "/var/www/kalakar/venv/lib/python3.12/site-packages/django/template/loader.py", line 62, in render_to_string
    return template.render(context, request)
           ^^^^^^^^^^^^^^^^^^^^^^^^^^^^^^^^^
  File "/var/www/kalakar/venv/lib/python3.12/site-packages/django/template/backends/django.py", line 107, in render
    return self.template.render(context)
           ^^^^^^^^^^^^^^^^^^^^^^^^^^^^^
  File "/var/www/kalakar/venv/lib/python3.12/site-packages/django/template/base.py", line 171, in render
    return self._render(context)
           ^^^^^^^^^^^^^^^^^^^^^
  File "/var/www/kalakar/venv/lib/python3.12/site-packages/django/template/base.py", line 163, in _render
    return self.nodelist.render(context)
           ^^^^^^^^^^^^^^^^^^^^^^^^^^^^^
  File "/var/www/kalakar/venv/lib/python3.12/site-packages/django/template/base.py", line 1008, in render
    return SafeString("".join([node.render_annotated(context) for node in self]))
                               ^^^^^^^^^^^^^^^^^^^^^^^^^^^^^^
  File "/var/www/kalakar/venv/lib/python3.12/site-packages/django/template/base.py", line 969, in render_annotated
    return self.render(context)
           ^^^^^^^^^^^^^^^^^^^^
  File "/var/www/kalakar/venv/lib/python3.12/site-packages/django/template/loader_tags.py", line 159, in render
    return compiled_parent._render(context)
           ^^^^^^^^^^^^^^^^^^^^^^^^^^^^^^^^
  File "/var/www/kalakar/venv/lib/python3.12/site-packages/django/template/base.py", line 163, in _render
    return self.nodelist.render(context)
           ^^^^^^^^^^^^^^^^^^^^^^^^^^^^^
  File "/var/www/kalakar/venv/lib/python3.12/site-packages/django/template/base.py", line 1008, in render
    return SafeString("".join([node.render_annotated(context) for node in self]))
                               ^^^^^^^^^^^^^^^^^^^^^^^^^^^^^^
  File "/var/www/kalakar/venv/lib/python3.12/site-packages/django/template/base.py", line 969, in render_annotated
    return self.render(context)
           ^^^^^^^^^^^^^^^^^^^^
  File "/var/www/kalakar/venv/lib/python3.12/site-packages/django/template/loader_tags.py", line 159, in render
    return compiled_parent._render(context)
           ^^^^^^^^^^^^^^^^^^^^^^^^^^^^^^^^
  File "/var/www/kalakar/venv/lib/python3.12/site-packages/django/template/base.py", line 163, in _render
    return self.nodelist.render(context)
           ^^^^^^^^^^^^^^^^^^^^^^^^^^^^^
  File "/var/www/kalakar/venv/lib/python3.12/site-packages/django/template/base.py", line 1008, in render
    return SafeString("".join([node.render_annotated(context) for node in self]))
                               ^^^^^^^^^^^^^^^^^^^^^^^^^^^^^^
  File "/var/www/kalakar/venv/lib/python3.12/site-packages/django/template/base.py", line 969, in render_annotated
    return self.render(context)
           ^^^^^^^^^^^^^^^^^^^^
  File "/var/www/kalakar/venv/lib/python3.12/site-packages/django/template/loader_tags.py", line 65, in render
    result = block.nodelist.render(context)
             ^^^^^^^^^^^^^^^^^^^^^^^^^^^^^^
  File "/var/www/kalakar/venv/lib/python3.12/site-packages/django/template/base.py", line 1008, in render
    return SafeString("".join([node.render_annotated(context) for node in self]))
                               ^^^^^^^^^^^^^^^^^^^^^^^^^^^^^^
  File "/var/www/kalakar/venv/lib/python3.12/site-packages/django/template/base.py", line 969, in render_annotated
    return self.render(context)
           ^^^^^^^^^^^^^^^^^^^^
  File "/var/www/kalakar/venv/lib/python3.12/site-packages/django/template/loader_tags.py", line 65, in render
    result = block.nodelist.render(context)
             ^^^^^^^^^^^^^^^^^^^^^^^^^^^^^^
  File "/var/www/kalakar/venv/lib/python3.12/site-packages/django/template/base.py", line 1008, in render
    return SafeString("".join([node.render_annotated(context) for node in self]))
                               ^^^^^^^^^^^^^^^^^^^^^^^^^^^^^^
  File "/var/www/kalakar/venv/lib/python3.12/site-packages/django/template/base.py", line 969, in render_annotated
    return self.render(context)
           ^^^^^^^^^^^^^^^^^^^^
  File "/var/www/kalakar/venv/lib/python3.12/site-packages/django/template/defaulttags.py", line 480, in render
    url = reverse(view_name, args=args, kwargs=kwargs, current_app=current_app)
          ^^^^^^^^^^^^^^^^^^^^^^^^^^^^^^^^^^^^^^^^^^^^^^^^^^^^^^^^^^^^^^^^^^^^^
  File "/var/www/kalakar/venv/lib/python3.12/site-packages/django/urls/base.py", line 88, in reverse
    return resolver._reverse_with_prefix(view, prefix, *args, **kwargs)
           ^^^^^^^^^^^^^^^^^^^^^^^^^^^^^^^^^^^^^^^^^^^^^^^^^^^^^^^^^^^^
  File "/var/www/kalakar/venv/lib/python3.12/site-packages/django/urls/resolvers.py", line 831, in _reverse_with_prefix
    raise NoReverseMatch(msg)
django.urls.exceptions.NoReverseMatch: Reverse for 'password_reset' not found. 'password_reset' is not a valid view function or pattern name.
[20/Mar/2025 13:29:52] "GET /accounts/profile/ HTTP/1.0" 500 231935
[20/Mar/2025 13:29:52] "GET /favicon.ico/ HTTP/1.0" 200 48780
[20/Mar/2025 13:30:34] "GET /accounts/profile/ HTTP/1.0" 200 55944
Method Not Allowed (GET): /accounts/logout/
Method Not Allowed: /accounts/logout/
[20/Mar/2025 13:30:37] "GET /accounts/logout/ HTTP/1.0" 405 0
Internal Server Error: /accounts/dashboard/
Traceback (most recent call last):
  File "/var/www/kalakar/venv/lib/python3.12/site-packages/django/core/handlers/exception.py", line 55, in inner
    response = get_response(request)
               ^^^^^^^^^^^^^^^^^^^^^
  File "/var/www/kalakar/venv/lib/python3.12/site-packages/django/core/handlers/base.py", line 197, in _get_response
    response = wrapped_callback(request, *callback_args, **callback_kwargs)
               ^^^^^^^^^^^^^^^^^^^^^^^^^^^^^^^^^^^^^^^^^^^^^^^^^^^^^^^^^^^^
  File "/var/www/kalakar/venv/lib/python3.12/site-packages/django/contrib/auth/decorators.py", line 60, in _view_wrapper
    return view_func(request, *args, **kwargs)
           ^^^^^^^^^^^^^^^^^^^^^^^^^^^^^^^^^^^
  File "/var/www/kalakar/src/accounts/views.py", line 154, in dashboard
    return render(request, "accounts/dashboard.html")
           ^^^^^^^^^^^^^^^^^^^^^^^^^^^^^^^^^^^^^^^^^^
  File "/var/www/kalakar/venv/lib/python3.12/site-packages/django/shortcuts.py", line 25, in render
    content = loader.render_to_string(template_name, context, request, using=using)
              ^^^^^^^^^^^^^^^^^^^^^^^^^^^^^^^^^^^^^^^^^^^^^^^^^^^^^^^^^^^^^^^^^^^^^
  File "/var/www/kalakar/venv/lib/python3.12/site-packages/django/template/loader.py", line 62, in render_to_string
    return template.render(context, request)
           ^^^^^^^^^^^^^^^^^^^^^^^^^^^^^^^^^
  File "/var/www/kalakar/venv/lib/python3.12/site-packages/django/template/backends/django.py", line 107, in render
    return self.template.render(context)
           ^^^^^^^^^^^^^^^^^^^^^^^^^^^^^
  File "/var/www/kalakar/venv/lib/python3.12/site-packages/django/template/base.py", line 171, in render
    return self._render(context)
           ^^^^^^^^^^^^^^^^^^^^^
  File "/var/www/kalakar/venv/lib/python3.12/site-packages/django/template/base.py", line 163, in _render
    return self.nodelist.render(context)
           ^^^^^^^^^^^^^^^^^^^^^^^^^^^^^
  File "/var/www/kalakar/venv/lib/python3.12/site-packages/django/template/base.py", line 1008, in render
    return SafeString("".join([node.render_annotated(context) for node in self]))
                               ^^^^^^^^^^^^^^^^^^^^^^^^^^^^^^
  File "/var/www/kalakar/venv/lib/python3.12/site-packages/django/template/base.py", line 969, in render_annotated
    return self.render(context)
           ^^^^^^^^^^^^^^^^^^^^
  File "/var/www/kalakar/venv/lib/python3.12/site-packages/django/template/loader_tags.py", line 159, in render
    return compiled_parent._render(context)
           ^^^^^^^^^^^^^^^^^^^^^^^^^^^^^^^^
  File "/var/www/kalakar/venv/lib/python3.12/site-packages/django/template/base.py", line 163, in _render
    return self.nodelist.render(context)
           ^^^^^^^^^^^^^^^^^^^^^^^^^^^^^
  File "/var/www/kalakar/venv/lib/python3.12/site-packages/django/template/base.py", line 1008, in render
    return SafeString("".join([node.render_annotated(context) for node in self]))
                               ^^^^^^^^^^^^^^^^^^^^^^^^^^^^^^
  File "/var/www/kalakar/venv/lib/python3.12/site-packages/django/template/base.py", line 969, in render_annotated
    return self.render(context)
           ^^^^^^^^^^^^^^^^^^^^
  File "/var/www/kalakar/venv/lib/python3.12/site-packages/django/template/loader_tags.py", line 65, in render
    result = block.nodelist.render(context)
             ^^^^^^^^^^^^^^^^^^^^^^^^^^^^^^
  File "/var/www/kalakar/venv/lib/python3.12/site-packages/django/template/base.py", line 1008, in render
    return SafeString("".join([node.render_annotated(context) for node in self]))
                               ^^^^^^^^^^^^^^^^^^^^^^^^^^^^^^
  File "/var/www/kalakar/venv/lib/python3.12/site-packages/django/template/base.py", line 969, in render_annotated
    return self.render(context)
           ^^^^^^^^^^^^^^^^^^^^
  File "/var/www/kalakar/venv/lib/python3.12/site-packages/django/template/defaulttags.py", line 480, in render
    url = reverse(view_name, args=args, kwargs=kwargs, current_app=current_app)
          ^^^^^^^^^^^^^^^^^^^^^^^^^^^^^^^^^^^^^^^^^^^^^^^^^^^^^^^^^^^^^^^^^^^^^
  File "/var/www/kalakar/venv/lib/python3.12/site-packages/django/urls/base.py", line 88, in reverse
    return resolver._reverse_with_prefix(view, prefix, *args, **kwargs)
           ^^^^^^^^^^^^^^^^^^^^^^^^^^^^^^^^^^^^^^^^^^^^^^^^^^^^^^^^^^^^
  File "/var/www/kalakar/venv/lib/python3.12/site-packages/django/urls/resolvers.py", line 831, in _reverse_with_prefix
    raise NoReverseMatch(msg)
django.urls.exceptions.NoReverseMatch: Reverse for 'profile' not found. 'profile' is not a valid view function or pattern name.
[20/Mar/2025 13:30:45] "GET /accounts/dashboard/ HTTP/1.0" 500 176905
[20/Mar/2025 13:30:45] "GET /favicon.ico/ HTTP/1.0" 200 48780
/var/www/kalakar/src/accounts/urls.py changed, reloading.
Performing system checks...

System check identified no issues (0 silenced).
March 20, 2025 - 13:29:07
Django version 5.1.4, using settings 'root.settings'
Starting development server at http://0.0.0.0:8000/
Quit the server with CONTROL-C.

Watching for file changes with StatReloader
[20/Mar/2025 13:31:10] "GET /accounts/dashboard/ HTTP/1.0" 200 38963
[20/Mar/2025 13:31:12] "GET /accounts/profile/ HTTP/1.0" 200 55944
[20/Mar/2025 13:35:16] "GET /accounts/profile/ HTTP/1.0" 200 55944
Method Not Allowed (GET): /accounts/logout/
Method Not Allowed: /accounts/logout/
[20/Mar/2025 13:35:18] "GET /accounts/logout/ HTTP/1.0" 405 0
Method Not Allowed (GET): /accounts/logout/
Method Not Allowed: /accounts/logout/
[20/Mar/2025 13:35:26] "GET /accounts/logout/ HTTP/1.0" 405 0
/var/www/kalakar/src/accounts/views.py changed, reloading.
Performing system checks...

System check identified no issues (0 silenced).
March 20, 2025 - 13:31:07
Django version 5.1.4, using settings 'root.settings'
Starting development server at http://0.0.0.0:8000/
Quit the server with CONTROL-C.

Watching for file changes with StatReloader
Exception in thread django-main-thread:
Traceback (most recent call last):
  File "/usr/lib/python3.12/threading.py", line 1073, in _bootstrap_inner
    self.run()
  File "/usr/lib/python3.12/threading.py", line 1010, in run
    self._target(*self._args, **self._kwargs)
  File "/var/www/kalakar/venv/lib/python3.12/site-packages/django/utils/autoreload.py", line 64, in wrapper
    fn(*args, **kwargs)
  File "/var/www/kalakar/venv/lib/python3.12/site-packages/django/core/management/commands/runserver.py", line 134, in inner_run
    self.check(display_num_errors=True)
  File "/var/www/kalakar/venv/lib/python3.12/site-packages/django/core/management/base.py", line 486, in check
    all_issues = checks.run_checks(
                 ^^^^^^^^^^^^^^^^^^
  File "/var/www/kalakar/venv/lib/python3.12/site-packages/django/core/checks/registry.py", line 88, in run_checks
    new_errors = check(app_configs=app_configs, databases=databases)
                 ^^^^^^^^^^^^^^^^^^^^^^^^^^^^^^^^^^^^^^^^^^^^^^^^^^^
  File "/var/www/kalakar/venv/lib/python3.12/site-packages/django/core/checks/urls.py", line 44, in check_url_namespaces_unique
    all_namespaces = _load_all_namespaces(resolver)
                     ^^^^^^^^^^^^^^^^^^^^^^^^^^^^^^
  File "/var/www/kalakar/venv/lib/python3.12/site-packages/django/core/checks/urls.py", line 63, in _load_all_namespaces
    url_patterns = getattr(resolver, "url_patterns", [])
                   ^^^^^^^^^^^^^^^^^^^^^^^^^^^^^^^^^^^^^
  File "/var/www/kalakar/venv/lib/python3.12/site-packages/django/utils/functional.py", line 47, in __get__
    res = instance.__dict__[self.name] = self.func(instance)
                                         ^^^^^^^^^^^^^^^^^^^
  File "/var/www/kalakar/venv/lib/python3.12/site-packages/django/urls/resolvers.py", line 718, in url_patterns
    patterns = getattr(self.urlconf_module, "urlpatterns", self.urlconf_module)
                       ^^^^^^^^^^^^^^^^^^^
  File "/var/www/kalakar/venv/lib/python3.12/site-packages/django/utils/functional.py", line 47, in __get__
    res = instance.__dict__[self.name] = self.func(instance)
                                         ^^^^^^^^^^^^^^^^^^^
  File "/var/www/kalakar/venv/lib/python3.12/site-packages/django/urls/resolvers.py", line 711, in urlconf_module
    return import_module(self.urlconf_name)
           ^^^^^^^^^^^^^^^^^^^^^^^^^^^^^^^^
  File "/usr/lib/python3.12/importlib/__init__.py", line 90, in import_module
    return _bootstrap._gcd_import(name[level:], package, level)
           ^^^^^^^^^^^^^^^^^^^^^^^^^^^^^^^^^^^^^^^^^^^^^^^^^^^^
  File "<frozen importlib._bootstrap>", line 1387, in _gcd_import
  File "<frozen importlib._bootstrap>", line 1360, in _find_and_load
  File "<frozen importlib._bootstrap>", line 1331, in _find_and_load_unlocked
  File "<frozen importlib._bootstrap>", line 935, in _load_unlocked
  File "<frozen importlib._bootstrap_external>", line 995, in exec_module
  File "<frozen importlib._bootstrap>", line 488, in _call_with_frames_removed
  File "/var/www/kalakar/src/root/urls.py", line 24, in <module>
    path("accounts/", include("accounts.urls")),
                      ^^^^^^^^^^^^^^^^^^^^^^^^
  File "/var/www/kalakar/venv/lib/python3.12/site-packages/django/urls/conf.py", line 39, in include
    urlconf_module = import_module(urlconf_module)
                     ^^^^^^^^^^^^^^^^^^^^^^^^^^^^^
  File "/usr/lib/python3.12/importlib/__init__.py", line 90, in import_module
    return _bootstrap._gcd_import(name[level:], package, level)
           ^^^^^^^^^^^^^^^^^^^^^^^^^^^^^^^^^^^^^^^^^^^^^^^^^^^^
  File "<frozen importlib._bootstrap>", line 1387, in _gcd_import
  File "<frozen importlib._bootstrap>", line 1360, in _find_and_load
  File "<frozen importlib._bootstrap>", line 1331, in _find_and_load_unlocked
  File "<frozen importlib._bootstrap>", line 935, in _load_unlocked
  File "<frozen importlib._bootstrap_external>", line 995, in exec_module
  File "<frozen importlib._bootstrap>", line 488, in _call_with_frames_removed
  File "/var/www/kalakar/src/accounts/urls.py", line 4, in <module>
    from accounts.views import (
ImportError: cannot import name 'logout_view' from 'accounts.views' (/var/www/kalakar/src/accounts/views.py)
/var/www/kalakar/src/accounts/views.py changed, reloading.
Performing system checks...

Watching for file changes with StatReloader
Exception in thread django-main-thread:
Traceback (most recent call last):
  File "/usr/lib/python3.12/threading.py", line 1073, in _bootstrap_inner
    self.run()
  File "/usr/lib/python3.12/threading.py", line 1010, in run
    self._target(*self._args, **self._kwargs)
  File "/var/www/kalakar/venv/lib/python3.12/site-packages/django/utils/autoreload.py", line 64, in wrapper
    fn(*args, **kwargs)
  File "/var/www/kalakar/venv/lib/python3.12/site-packages/django/core/management/commands/runserver.py", line 134, in inner_run
    self.check(display_num_errors=True)
  File "/var/www/kalakar/venv/lib/python3.12/site-packages/django/core/management/base.py", line 486, in check
    all_issues = checks.run_checks(
                 ^^^^^^^^^^^^^^^^^^
  File "/var/www/kalakar/venv/lib/python3.12/site-packages/django/core/checks/registry.py", line 88, in run_checks
    new_errors = check(app_configs=app_configs, databases=databases)
                 ^^^^^^^^^^^^^^^^^^^^^^^^^^^^^^^^^^^^^^^^^^^^^^^^^^^
  File "/var/www/kalakar/venv/lib/python3.12/site-packages/django/core/checks/urls.py", line 44, in check_url_namespaces_unique
    all_namespaces = _load_all_namespaces(resolver)
                     ^^^^^^^^^^^^^^^^^^^^^^^^^^^^^^
  File "/var/www/kalakar/venv/lib/python3.12/site-packages/django/core/checks/urls.py", line 63, in _load_all_namespaces
    url_patterns = getattr(resolver, "url_patterns", [])
                   ^^^^^^^^^^^^^^^^^^^^^^^^^^^^^^^^^^^^^
  File "/var/www/kalakar/venv/lib/python3.12/site-packages/django/utils/functional.py", line 47, in __get__
    res = instance.__dict__[self.name] = self.func(instance)
                                         ^^^^^^^^^^^^^^^^^^^
  File "/var/www/kalakar/venv/lib/python3.12/site-packages/django/urls/resolvers.py", line 718, in url_patterns
    patterns = getattr(self.urlconf_module, "urlpatterns", self.urlconf_module)
                       ^^^^^^^^^^^^^^^^^^^
  File "/var/www/kalakar/venv/lib/python3.12/site-packages/django/utils/functional.py", line 47, in __get__
    res = instance.__dict__[self.name] = self.func(instance)
                                         ^^^^^^^^^^^^^^^^^^^
  File "/var/www/kalakar/venv/lib/python3.12/site-packages/django/urls/resolvers.py", line 711, in urlconf_module
    return import_module(self.urlconf_name)
           ^^^^^^^^^^^^^^^^^^^^^^^^^^^^^^^^
  File "/usr/lib/python3.12/importlib/__init__.py", line 90, in import_module
    return _bootstrap._gcd_import(name[level:], package, level)
           ^^^^^^^^^^^^^^^^^^^^^^^^^^^^^^^^^^^^^^^^^^^^^^^^^^^^
  File "<frozen importlib._bootstrap>", line 1387, in _gcd_import
  File "<frozen importlib._bootstrap>", line 1360, in _find_and_load
  File "<frozen importlib._bootstrap>", line 1331, in _find_and_load_unlocked
  File "<frozen importlib._bootstrap>", line 935, in _load_unlocked
  File "<frozen importlib._bootstrap_external>", line 995, in exec_module
  File "<frozen importlib._bootstrap>", line 488, in _call_with_frames_removed
  File "/var/www/kalakar/src/root/urls.py", line 24, in <module>
    path("accounts/", include("accounts.urls")),
                      ^^^^^^^^^^^^^^^^^^^^^^^^
  File "/var/www/kalakar/venv/lib/python3.12/site-packages/django/urls/conf.py", line 39, in include
    urlconf_module = import_module(urlconf_module)
                     ^^^^^^^^^^^^^^^^^^^^^^^^^^^^^
  File "/usr/lib/python3.12/importlib/__init__.py", line 90, in import_module
    return _bootstrap._gcd_import(name[level:], package, level)
           ^^^^^^^^^^^^^^^^^^^^^^^^^^^^^^^^^^^^^^^^^^^^^^^^^^^^
  File "<frozen importlib._bootstrap>", line 1387, in _gcd_import
  File "<frozen importlib._bootstrap>", line 1360, in _find_and_load
  File "<frozen importlib._bootstrap>", line 1331, in _find_and_load_unlocked
  File "<frozen importlib._bootstrap>", line 935, in _load_unlocked
  File "<frozen importlib._bootstrap_external>", line 995, in exec_module
  File "<frozen importlib._bootstrap>", line 488, in _call_with_frames_removed
  File "/var/www/kalakar/src/accounts/urls.py", line 4, in <module>
    from accounts.views import (
ImportError: cannot import name 'logout_view' from 'accounts.views' (/var/www/kalakar/src/accounts/views.py)
/var/www/kalakar/src/accounts/urls.py changed, reloading.
Performing system checks...

Watching for file changes with StatReloader
[20/Mar/2025 13:39:08] "GET /accounts/profile/ HTTP/1.0" 200 55944
Method Not Allowed (GET): /accounts/logout/
Method Not Allowed: /accounts/logout/
[20/Mar/2025 13:39:14] "GET /accounts/logout/ HTTP/1.0" 405 0
/var/www/kalakar/src/accounts/urls.py changed, reloading.
Performing system checks...

System check identified no issues (0 silenced).
March 20, 2025 - 13:39:02
Django version 5.1.4, using settings 'root.settings'
Starting development server at http://0.0.0.0:8000/
Quit the server with CONTROL-C.

Watching for file changes with StatReloader
[20/Mar/2025 13:40:38] "GET /accounts/profile/ HTTP/1.0" 200 55944
Method Not Allowed (GET): /accounts/logout/
Method Not Allowed: /accounts/logout/
[20/Mar/2025 13:40:40] "GET /accounts/logout/ HTTP/1.0" 405 0
[20/Mar/2025 13:44:55] "GET /accounts/dashboard/ HTTP/1.0" 200 38963
[20/Mar/2025 13:44:58] "GET /accounts/password-reset/ HTTP/1.0" 200 37456
[20/Mar/2025 13:48:52] code 400, message Bad HTTP/0.9 request type ('\x16\x03\x01\x00{\x01\x00\x00w\x03\x03í\x88¸L<\x90¢HîoÁH½Ê¬+Z\x01þ»\x11?~=²_ÿA<Fr\x98\x00\x00\x1aÀ/À+À\x11À\x07À\x13À')
[20/Mar/2025 13:48:52] You're accessing the development server over HTTPS, but it only supports HTTP.
[20/Mar/2025 13:48:52] code 400, message Bad request version ('À\x14À')
[20/Mar/2025 13:48:52] You're accessing the development server over HTTPS, but it only supports HTTP.
[20/Mar/2025 13:48:53] "GET / HTTP/1.1" 200 49797
[20/Mar/2025 13:48:54] "GET /login HTTP/1.1" 301 0
[20/Mar/2025 13:48:54] "GET /login/ HTTP/1.1" 200 48780
/var/www/kalakar/src/root/settings.py changed, reloading.
Performing system checks...

System check identified no issues (0 silenced).
March 20, 2025 - 13:40:34
Django version 5.1.4, using settings 'root.settings'
Starting development server at http://0.0.0.0:8000/
Quit the server with CONTROL-C.

Watching for file changes with StatReloader
[20/Mar/2025 13:52:12] "GET /admin/accounts/user/ HTTP/1.0" 200 20981
[20/Mar/2025 13:52:12] "GET /admin/jsi18n/ HTTP/1.0" 200 3342
[20/Mar/2025 13:52:12] "GET /favicon.ico/ HTTP/1.0" 200 48780
Failed to send password reset email to 6
Traceback (most recent call last):
  File "/var/www/kalakar/venv/lib/python3.12/site-packages/django/contrib/auth/forms.py", line 424, in send_mail
    email_message.send()
  File "/var/www/kalakar/venv/lib/python3.12/site-packages/django/core/mail/message.py", line 301, in send
    return self.get_connection(fail_silently).send_messages([self])
           ^^^^^^^^^^^^^^^^^^^^^^^^^^^^^^^^^^^^^^^^^^^^^^^^^^^^^^^^
  File "/var/www/kalakar/venv/lib/python3.12/site-packages/django/core/mail/backends/smtp.py", line 136, in send_messages
    sent = self._send(message)
           ^^^^^^^^^^^^^^^^^^^
  File "/var/www/kalakar/venv/lib/python3.12/site-packages/django/core/mail/backends/smtp.py", line 155, in _send
    self.connection.sendmail(
  File "/usr/lib/python3.12/smtplib.py", line 890, in sendmail
    raise SMTPRecipientsRefused(senderrs)
smtplib.SMTPRecipientsRefused: {'handifodvishal@mailinator.com': (553, b'5.7.1 <webmaster@localhost>: Sender address rejected: not owned by user info@kalagurubyirarangoliarts.com')}
[20/Mar/2025 13:52:44] "POST /accounts/password-reset/ HTTP/1.0" 302 0
[20/Mar/2025 13:52:44] "GET /accounts/password-reset/done/ HTTP/1.0" 200 36872
/var/www/kalakar/src/root/settings.py changed, reloading.
Performing system checks...

System check identified no issues (0 silenced).
March 20, 2025 - 13:51:35
Django version 5.1.4, using settings 'root.settings'
Starting development server at http://0.0.0.0:8000/
Quit the server with CONTROL-C.

Watching for file changes with StatReloader
Failed to send password reset email to 6
Traceback (most recent call last):
  File "/var/www/kalakar/venv/lib/python3.12/site-packages/django/contrib/auth/forms.py", line 424, in send_mail
    email_message.send()
  File "/var/www/kalakar/venv/lib/python3.12/site-packages/django/core/mail/message.py", line 301, in send
    return self.get_connection(fail_silently).send_messages([self])
           ^^^^^^^^^^^^^^^^^^^^^^^^^^^^^^^^^^^^^^^^^^^^^^^^^^^^^^^^
  File "/var/www/kalakar/venv/lib/python3.12/site-packages/django/core/mail/backends/smtp.py", line 136, in send_messages
    sent = self._send(message)
           ^^^^^^^^^^^^^^^^^^^
  File "/var/www/kalakar/venv/lib/python3.12/site-packages/django/core/mail/backends/smtp.py", line 155, in _send
    self.connection.sendmail(
  File "/usr/lib/python3.12/smtplib.py", line 890, in sendmail
    raise SMTPRecipientsRefused(senderrs)
smtplib.SMTPRecipientsRefused: {'handifodvishal@mailinator.com': (553, b'5.7.1 <webmaster@localhost>: Sender address rejected: not owned by user info@kalagurubyirarangoliarts.com')}
[20/Mar/2025 13:54:56] "POST /accounts/password-reset/ HTTP/1.0" 302 0
[20/Mar/2025 13:54:57] "GET /accounts/password-reset/done/ HTTP/1.0" 200 36872
[20/Mar/2025 13:55:50] "GET / HTTP/1.0" 200 49797
/var/www/kalakar/src/root/settings.py changed, reloading.
Performing system checks...

System check identified no issues (0 silenced).
March 20, 2025 - 13:54:47
Django version 5.1.4, using settings 'root.settings'
Starting development server at http://0.0.0.0:8000/
Quit the server with CONTROL-C.

Watching for file changes with StatReloader
[20/Mar/2025 13:59:25] "GET /accounts/password-reset/ HTTP/1.0" 200 37456
[20/Mar/2025 13:59:28] "GET /accounts/password-reset/ HTTP/1.0" 200 37456
[20/Mar/2025 14:00:31] "POST /accounts/password-reset/ HTTP/1.0" 302 0
[20/Mar/2025 14:00:31] "GET /accounts/password-reset/done/ HTTP/1.0" 200 36872
Internal Server Error: /payment/callback
Traceback (most recent call last):
  File "/var/www/kalakar/venv/lib/python3.12/site-packages/django/core/handlers/exception.py", line 55, in inner
    response = get_response(request)
               ^^^^^^^^^^^^^^^^^^^^^
  File "/var/www/kalakar/venv/lib/python3.12/site-packages/django/utils/deprecation.py", line 131, in __call__
    response = self.process_response(request, response)
               ^^^^^^^^^^^^^^^^^^^^^^^^^^^^^^^^^^^^^^^^
  File "/var/www/kalakar/venv/lib/python3.12/site-packages/django/middleware/common.py", line 108, in process_response
    return self.response_redirect_class(self.get_full_path_with_slash(request))
                                        ^^^^^^^^^^^^^^^^^^^^^^^^^^^^^^^^^^^^^^
  File "/var/www/kalakar/venv/lib/python3.12/site-packages/django/middleware/common.py", line 87, in get_full_path_with_slash
    raise RuntimeError(
RuntimeError: You called this URL via POST, but the URL doesn't end in a slash and you have APPEND_SLASH set. Django can't redirect to the slash URL while maintaining POST data. Change your form to point to kalagurubyirarangoliarts.com/payment/callback/ (note the trailing slash), or set APPEND_SLASH=False in your Django settings.
[20/Mar/2025 14:02:04] "POST /payment/callback HTTP/1.0" 500 66852
Internal Server Error: /payment/callback
Traceback (most recent call last):
  File "/var/www/kalakar/venv/lib/python3.12/site-packages/django/core/handlers/exception.py", line 55, in inner
    response = get_response(request)
               ^^^^^^^^^^^^^^^^^^^^^
  File "/var/www/kalakar/venv/lib/python3.12/site-packages/django/utils/deprecation.py", line 131, in __call__
    response = self.process_response(request, response)
               ^^^^^^^^^^^^^^^^^^^^^^^^^^^^^^^^^^^^^^^^
  File "/var/www/kalakar/venv/lib/python3.12/site-packages/django/middleware/common.py", line 108, in process_response
    return self.response_redirect_class(self.get_full_path_with_slash(request))
                                        ^^^^^^^^^^^^^^^^^^^^^^^^^^^^^^^^^^^^^^
  File "/var/www/kalakar/venv/lib/python3.12/site-packages/django/middleware/common.py", line 87, in get_full_path_with_slash
    raise RuntimeError(
RuntimeError: You called this URL via POST, but the URL doesn't end in a slash and you have APPEND_SLASH set. Django can't redirect to the slash URL while maintaining POST data. Change your form to point to kalagurubyirarangoliarts.com/payment/callback/ (note the trailing slash), or set APPEND_SLASH=False in your Django settings.
[20/Mar/2025 14:02:05] "POST /payment/callback HTTP/1.0" 500 66852
/var/www/kalakar/src/root/settings.py changed, reloading.
Performing system checks...

System check identified no issues (0 silenced).
March 20, 2025 - 13:59:23
Django version 5.1.4, using settings 'root.settings'
Starting development server at http://0.0.0.0:8000/
Quit the server with CONTROL-C.

Watching for file changes with StatReloader
[20/Mar/2025 14:02:15] "POST /accounts/password-reset/ HTTP/1.0" 302 0
[20/Mar/2025 14:02:15] "GET /accounts/password-reset/done/ HTTP/1.0" 200 36872
/var/www/kalakar/src/root/settings.py changed, reloading.
Performing system checks...

System check identified no issues (0 silenced).
March 20, 2025 - 14:02:07
Django version 5.1.4, using settings 'root.settings'
Starting development server at http://0.0.0.0:8000/
Quit the server with CONTROL-C.

Watching for file changes with StatReloader
[20/Mar/2025 14:05:07] "GET /accounts/password-reset/ HTTP/1.0" 200 37456
[20/Mar/2025 14:06:12] "GET /favicon.ico/ HTTP/1.0" 200 48780
[20/Mar/2025 14:06:50] "GET /accounts/password-reset/ HTTP/1.0" 200 37456
[20/Mar/2025 14:06:58] "POST /accounts/password-reset/ HTTP/1.0" 302 0
[20/Mar/2025 14:06:58] "GET /accounts/password-reset/done/ HTTP/1.0" 200 36872
Internal Server Error: /payment/callback
Traceback (most recent call last):
  File "/var/www/kalakar/venv/lib/python3.12/site-packages/django/core/handlers/exception.py", line 55, in inner
    response = get_response(request)
               ^^^^^^^^^^^^^^^^^^^^^
  File "/var/www/kalakar/venv/lib/python3.12/site-packages/django/utils/deprecation.py", line 131, in __call__
    response = self.process_response(request, response)
               ^^^^^^^^^^^^^^^^^^^^^^^^^^^^^^^^^^^^^^^^
  File "/var/www/kalakar/venv/lib/python3.12/site-packages/django/middleware/common.py", line 108, in process_response
    return self.response_redirect_class(self.get_full_path_with_slash(request))
                                        ^^^^^^^^^^^^^^^^^^^^^^^^^^^^^^^^^^^^^^
  File "/var/www/kalakar/venv/lib/python3.12/site-packages/django/middleware/common.py", line 87, in get_full_path_with_slash
    raise RuntimeError(
RuntimeError: You called this URL via POST, but the URL doesn't end in a slash and you have APPEND_SLASH set. Django can't redirect to the slash URL while maintaining POST data. Change your form to point to kalagurubyirarangoliarts.com/payment/callback/ (note the trailing slash), or set APPEND_SLASH=False in your Django settings.
[20/Mar/2025 14:07:22] "POST /payment/callback HTTP/1.0" 500 66869
Internal Server Error: /payment/callback
Traceback (most recent call last):
  File "/var/www/kalakar/venv/lib/python3.12/site-packages/django/core/handlers/exception.py", line 55, in inner
    response = get_response(request)
               ^^^^^^^^^^^^^^^^^^^^^
  File "/var/www/kalakar/venv/lib/python3.12/site-packages/django/utils/deprecation.py", line 131, in __call__
    response = self.process_response(request, response)
               ^^^^^^^^^^^^^^^^^^^^^^^^^^^^^^^^^^^^^^^^
  File "/var/www/kalakar/venv/lib/python3.12/site-packages/django/middleware/common.py", line 108, in process_response
    return self.response_redirect_class(self.get_full_path_with_slash(request))
                                        ^^^^^^^^^^^^^^^^^^^^^^^^^^^^^^^^^^^^^^
  File "/var/www/kalakar/venv/lib/python3.12/site-packages/django/middleware/common.py", line 87, in get_full_path_with_slash
    raise RuntimeError(
RuntimeError: You called this URL via POST, but the URL doesn't end in a slash and you have APPEND_SLASH set. Django can't redirect to the slash URL while maintaining POST data. Change your form to point to kalagurubyirarangoliarts.com/payment/callback/ (note the trailing slash), or set APPEND_SLASH=False in your Django settings.
[20/Mar/2025 14:07:22] "POST /payment/callback HTTP/1.0" 500 66871
/var/www/kalakar/src/root/settings.py changed, reloading.
Performing system checks...

System check identified no issues (0 silenced).
March 20, 2025 - 14:05:00
Django version 5.1.4, using settings 'root.settings'
Starting development server at http://0.0.0.0:8000/
Quit the server with CONTROL-C.

Watching for file changes with StatReloader
[20/Mar/2025 14:09:21] "GET /accounts/password-reset/ HTTP/1.0" 200 37456
[20/Mar/2025 14:09:27] "POST /accounts/password-reset/ HTTP/1.0" 200 37612
[20/Mar/2025 14:09:39] "GET /admin/accounts/user/ HTTP/1.0" 200 20981
[20/Mar/2025 14:09:39] "GET /admin/jsi18n/ HTTP/1.0" 200 3342
[20/Mar/2025 14:09:39] "GET /favicon.ico/ HTTP/1.0" 200 48780
[20/Mar/2025 14:09:42] "GET /admin/accounts/user/add/ HTTP/1.0" 200 32238
[20/Mar/2025 14:09:42] "GET /admin/jsi18n/ HTTP/1.0" 200 3342
[20/Mar/2025 14:09:42] "GET /favicon.ico/ HTTP/1.0" 200 48780
[20/Mar/2025 14:09:57] "POST /admin/accounts/user/add/ HTTP/1.0" 302 0
[20/Mar/2025 14:09:57] "GET /admin/accounts/user/ HTTP/1.0" 200 22052
[20/Mar/2025 14:09:57] "GET /admin/jsi18n/ HTTP/1.0" 200 3342
[20/Mar/2025 14:09:57] "GET /favicon.ico/ HTTP/1.0" 200 48780
[20/Mar/2025 14:10:14] "POST /accounts/password-reset/ HTTP/1.0" 302 0
[20/Mar/2025 14:10:14] "GET /accounts/password-reset/done/ HTTP/1.0" 200 36872
[20/Mar/2025 14:12:15] "GET /accounts/password-reset/OA/cmyvcw-5ab1c13a4a2ff3695b31d4bd4424cee1/ HTTP/1.0" 302 0
[20/Mar/2025 14:12:15] "GET /accounts/password-reset/OA/set-password/ HTTP/1.0" 200 38125
[20/Mar/2025 14:12:31] "POST /accounts/password-reset/OA/set-password/ HTTP/1.0" 200 38254
[20/Mar/2025 14:12:44] "POST /accounts/password-reset/OA/set-password/ HTTP/1.0" 200 38254
[20/Mar/2025 14:12:58] "POST /accounts/password-reset/OA/set-password/ HTTP/1.0" 200 38247
[20/Mar/2025 14:13:09] "POST /accounts/password-reset/OA/set-password/ HTTP/1.0" 302 0
[20/Mar/2025 14:13:09] "GET /accounts/reset_complete/done/ HTTP/1.0" 200 36940
[20/Mar/2025 14:13:11] "GET /accounts/login/ HTTP/1.0" 200 49177
[20/Mar/2025 14:13:25] "POST /accounts/login/ HTTP/1.0" 200 49395
[20/Mar/2025 14:13:35] "POST /accounts/login/ HTTP/1.0" 200 49395
/var/www/kalakar/src/accounts/views.py changed, reloading.
Performing system checks...

System check identified no issues (0 silenced).
March 20, 2025 - 14:08:06
Django version 5.1.4, using settings 'root.settings'
Starting development server at http://0.0.0.0:8000/
Quit the server with CONTROL-C.

Watching for file changes with StatReloader
[20/Mar/2025 14:16:27] "GET /accounts/password-reset/ HTTP/1.0" 200 37456
[20/Mar/2025 14:16:31] "POST /accounts/password-reset/ HTTP/1.0" 302 0
[20/Mar/2025 14:16:31] "GET /accounts/password-reset/done/ HTTP/1.0" 200 36872
[20/Mar/2025 14:16:45] "GET /accounts/password-reset/OA/cmyvnh-a7dec371b04e9bb3ff859b4040ebbce3/ HTTP/1.0" 302 0
[20/Mar/2025 14:16:46] "GET /accounts/password-reset/OA/set-password/ HTTP/1.0" 200 38125
[20/Mar/2025 14:17:22] "POST /accounts/password-reset/OA/set-password/ HTTP/1.0" 302 0
[20/Mar/2025 14:17:22] "GET /accounts/reset_complete/done/ HTTP/1.0" 200 36940
[20/Mar/2025 14:17:23] "GET /accounts/login/ HTTP/1.0" 200 49177
[20/Mar/2025 14:17:29] "POST /accounts/login/ HTTP/1.0" 200 49395
[20/Mar/2025 14:17:37] "POST /accounts/login/ HTTP/1.0" 200 49395
[20/Mar/2025 14:18:01] "POST /accounts/login/ HTTP/1.0" 200 49395
[20/Mar/2025 14:30:34] "GET / HTTP/1.0" 200 49797
[20/Mar/2025 14:30:53] "GET /coupon/coupon/ HTTP/1.0" 200 40996
[20/Mar/2025 14:30:54] "GET /coupon/check-coupon/?coupon_code= HTTP/1.0" 200 94
[20/Mar/2025 14:30:59] "GET /coupon/check-coupon/?coupon_code=A HTTP/1.0" 200 94
[20/Mar/2025 14:30:59] "GET /coupon/check-coupon/?coupon_code=AB HTTP/1.0" 200 94
[20/Mar/2025 14:31:00] "GET /coupon/check-coupon/?coupon_code=ABC HTTP/1.0" 200 94
[20/Mar/2025 14:31:02] "GET /coupon/check-coupon/?coupon_code=ABC2 HTTP/1.0" 200 94
[20/Mar/2025 14:31:02] "GET /coupon/check-coupon/?coupon_code=ABC20 HTTP/1.0" 200 94
[20/Mar/2025 14:31:02] "GET /coupon/check-coupon/?coupon_code=ABC202 HTTP/1.0" 200 94
[20/Mar/2025 14:31:02] "GET /coupon/check-coupon/?coupon_code=ABC2025 HTTP/1.0" 200 96
[20/Mar/2025 14:31:13] "GET /coupon/check-coupon/?coupon_code=ABC202 HTTP/1.0" 200 94
[20/Mar/2025 14:31:13] "GET /coupon/check-coupon/?coupon_code=ABC20 HTTP/1.0" 200 94
[20/Mar/2025 14:31:14] "GET /coupon/check-coupon/?coupon_code=ABC2 HTTP/1.0" 200 94
[20/Mar/2025 14:31:14] "GET /coupon/check-coupon/?coupon_code=ABC HTTP/1.0" 200 94
[20/Mar/2025 14:31:14] "GET /coupon/check-coupon/?coupon_code=AB HTTP/1.0" 200 94
[20/Mar/2025 14:31:14] "GET /coupon/check-coupon/?coupon_code=A HTTP/1.0" 200 94
[20/Mar/2025 14:31:14] "GET /coupon/check-coupon/?coupon_code= HTTP/1.0" 200 94
[20/Mar/2025 14:32:32] "POST /payment/callback/ HTTP/1.0" 200 54
[20/Mar/2025 14:32:34] "POST /payment/callback/ HTTP/1.0" 200 95
[20/Mar/2025 14:33:18] "GET /accounts/login/ HTTP/1.0" 200 49177
[20/Mar/2025 14:33:32] "POST /accounts/login/ HTTP/1.0" 302 0
[20/Mar/2025 14:33:32] "GET /accounts/dashboard/ HTTP/1.0" 200 38959
[20/Mar/2025 14:33:39] "GET /accounts/profile/ HTTP/1.0" 200 55796
[20/Mar/2025 14:33:44] "GET /accounts/profile/update/ HTTP/1.0" 200 57001
[20/Mar/2025 14:33:59] "POST /accounts/profile/update/ HTTP/1.0" 302 0
[20/Mar/2025 14:33:59] "GET /accounts/profile/ HTTP/1.0" 200 55936
[20/Mar/2025 14:34:08] "GET /accounts/dashboard/ HTTP/1.0" 200 38959
[20/Mar/2025 14:34:11] "GET /accounts/profile/update/ HTTP/1.0" 200 57160
[20/Mar/2025 14:34:15] "GET /terms_condition/ HTTP/1.0" 200 39452
[20/Mar/2025 14:34:22] "GET /accounts/profile/update/ HTTP/1.0" 200 57160
[20/Mar/2025 14:34:26] "GET /accounts/profile/ HTTP/1.0" 200 55936
[20/Mar/2025 14:34:34] "GET /accounts/dashboard/ HTTP/1.0" 200 38959
[20/Mar/2025 14:35:54] "GET /admin/ HTTP/1.0" 302 0
[20/Mar/2025 14:35:54] "GET /admin/login/?next=/admin/ HTTP/1.0" 200 4160
[20/Mar/2025 14:35:54] "GET /favicon.ico/ HTTP/1.0" 200 48780
[20/Mar/2025 14:36:18] "GET /coupon/coupon/ HTTP/1.0" 200 40996
[20/Mar/2025 14:36:19] "GET /coupon/check-coupon/?coupon_code= HTTP/1.0" 200 94
[20/Mar/2025 14:37:46] "POST /payment/callback/ HTTP/1.0" 200 54
[20/Mar/2025 14:37:49] "POST /payment/callback/ HTTP/1.0" 200 103
[20/Mar/2025 14:38:40] "GET /accounts/login HTTP/1.0" 301 0
[20/Mar/2025 14:38:40] "GET /accounts/login/ HTTP/1.0" 200 49177
[20/Mar/2025 14:38:59] "GET /accounts/login/ HTTP/1.0" 200 49177
[20/Mar/2025 14:39:57] "POST /accounts/login/ HTTP/1.0" 200 49394
[20/Mar/2025 14:40:51] "POST /accounts/login/ HTTP/1.0" 200 49394
[20/Mar/2025 14:41:24] "POST /accounts/login/ HTTP/1.0" 200 49394
[20/Mar/2025 14:41:41] "GET / HTTP/1.0" 200 49797
[20/Mar/2025 14:41:51] "GET /accounts/login/ HTTP/1.0" 200 49177
[20/Mar/2025 14:42:14] "POST /accounts/login/ HTTP/1.0" 302 0
[20/Mar/2025 14:42:14] "GET /accounts/dashboard/ HTTP/1.0" 200 38960
[20/Mar/2025 14:42:30] "GET /accounts/login/ HTTP/1.0" 200 49177
[20/Mar/2025 14:43:31] "POST /accounts/login/ HTTP/1.0" 200 49394
[20/Mar/2025 14:43:46] "POST /accounts/login/ HTTP/1.0" 200 49394
[20/Mar/2025 14:44:35] "POST /accounts/login/ HTTP/1.0" 200 49394
[20/Mar/2025 14:45:04] "GET /coupon/coupon/ HTTP/1.0" 200 40996
[20/Mar/2025 14:45:50] "GET / HTTP/1.0" 200 49797
[20/Mar/2025 14:45:56] "GET /coupon/coupon/ HTTP/1.0" 200 40996
[20/Mar/2025 14:45:56] "GET /coupon/check-coupon/?coupon_code= HTTP/1.0" 200 94
[20/Mar/2025 14:46:03] "GET /coupon/check-coupon/?coupon_code= HTTP/1.0" 200 94
[20/Mar/2025 14:47:11] "POST /payment/callback/ HTTP/1.0" 200 54
[20/Mar/2025 14:47:29] "GET /admin/accounts/user/ HTTP/1.0" 302 0
[20/Mar/2025 14:47:29] "GET /admin/login/?next=/admin/accounts/user/ HTTP/1.0" 200 3723
[20/Mar/2025 14:47:29] "GET /favicon.ico/ HTTP/1.0" 200 48780
[20/Mar/2025 14:47:46] "POST /admin/login/?next=/admin/accounts/user/ HTTP/1.0" 302 0
[20/Mar/2025 14:47:46] "GET /admin/accounts/user/ HTTP/1.0" 200 23586
[20/Mar/2025 14:47:46] "GET /admin/jsi18n/ HTTP/1.0" 200 3342
[20/Mar/2025 14:47:46] "GET /favicon.ico/ HTTP/1.0" 200 48780
[20/Mar/2025 14:47:51] "POST /payment/callback/ HTTP/1.0" 200 54
[20/Mar/2025 14:47:56] "GET /admin/accounts/user/ HTTP/1.0" 200 24481
[20/Mar/2025 14:47:56] "GET /admin/jsi18n/ HTTP/1.0" 200 3342
[20/Mar/2025 14:47:56] "GET /favicon.ico/ HTTP/1.0" 200 48780
[20/Mar/2025 14:48:30] "GET /accounts/login/ HTTP/1.0" 200 49177
[20/Mar/2025 14:49:19] "POST /accounts/login/ HTTP/1.0" 302 0
[20/Mar/2025 14:49:19] "GET /accounts/dashboard/ HTTP/1.0" 200 38960
[20/Mar/2025 14:49:34] "GET /accounts/login/ HTTP/1.0" 200 49177
/var/www/kalakar/src/accounts/utils.py changed, reloading.
Performing system checks...

System check identified no issues (0 silenced).
March 20, 2025 - 14:16:22
Django version 5.1.4, using settings 'root.settings'
Starting development server at http://0.0.0.0:8000/
Quit the server with CONTROL-C.

{"result":true,"phone_number":"919021836157","template_name":"kalaguru_login","parameteres":[{"name":"name","value":"vishal handifod"},{"name":"Login_url","value":"https://kalagurubyirarangoliarts.com/accounts/login/"},{"name":"username","value":"zxy@mailinator.com"},{"name":"password","value":"M3Gn6SqQ"},{"name":"faq_link","value":"https://kalagurubyirarangoliarts.com"}],"contact":{"id":"67d81f686c22c33a01a2df8e","tenantId":"415778","wAid":"919021836157","firstName":"Vishal","fullName":"Vishal","phone":"919021836157","source":null,"contactStatus":"VALID","photo":null,"created":"Mar-17-2025","customParams":[{"name":"name","value":"Vishal"},{"name":"phone","value":"919021836157"},{"name":"login_url","value":"https://kalagurubyirarangoliarts.com/accounts/login/"},{"name":"username","value":"handifodvishal@mailinator.com"},{"name":"password","value":"zWpwvG0!"},{"name":"faq_link","value":"https://kalagurubyirarangoliarts.com"}],"optedIn":false,"isDeleted":false,"lastUpdated":"2025-03-20T09:08:45.664Z","allowBroadcast":true,"allowSMS":true,"teamIds":["67cedfa31009e69744dd4b48"],"isInFlow":false,"isInTestFlow":false,"lastFlowId":null,"currentFlowNodeId":null,"selectedHubspotId":"","channelId":null,"displayId":null,"contactLinkId":null,"waChannelPhone":null,"igPhoneSource":0,"mgPhoneSource":0,"tagName":null,"messengerPageName":"","paylinkSettings":null},"model":{"ids":["67d81f686c22c33a01a2df8e"]},"validWhatsAppNumber":true}
{"result":true,"phone_number":"918983623472","template_name":"kalaguru_login","parameteres":[{"name":"name","value":"Nilesh Raokhande"},{"name":"Login_url","value":"https://kalagurubyirarangoliarts.com/accounts/login/"},{"name":"username","value":"nilesh.raokhande@gmail.com"},{"name":"password","value":"jXLbXl(h"},{"name":"faq_link","value":"https://kalagurubyirarangoliarts.com"}],"contact":{"id":"67d17d8fc16d9ff96047236c","tenantId":"415778","wAid":"918983623472","firstName":"ira rangoli arts class","fullName":"ira rangoli arts class","phone":"918983623472","source":"Wati","contactStatus":"UNCONFIRMED","photo":null,"created":"Mar-12-2025","customParams":[{"name":"name","value":"ira rangoli arts class"},{"name":"phone","value":"918983623472"}],"optedIn":false,"isDeleted":false,"lastUpdated":"2025-03-12T12:26:55.243Z","allowBroadcast":true,"allowSMS":true,"teamIds":["67cedfa31009e69744dd4b48"],"isInFlow":false,"isInTestFlow":false,"lastFlowId":null,"currentFlowNodeId":null,"selectedHubspotId":null,"channelId":null,"displayId":null,"contactLinkId":null,"waChannelPhone":null,"igPhoneSource":0,"mgPhoneSource":0,"tagName":null,"messengerPageName":"","paylinkSettings":null},"model":{"ids":["67d17d8fc16d9ff96047236c"]},"validWhatsAppNumber":false}
{"result":true,"phone_number":"918983623472","template_name":"kalaguru_login","parameteres":[{"name":"name","value":"Nilesh Raokhande"},{"name":"Login_url","value":"https://kalagurubyirarangoliarts.com/accounts/login/"},{"name":"username","value":"nilesh.raokhande+1@gmail.com"},{"name":"password","value":"D9!lu5s9"},{"name":"faq_link","value":"https://kalagurubyirarangoliarts.com"}],"contact":{"id":"67d17d8fc16d9ff96047236c","tenantId":"415778","wAid":"918983623472","firstName":"ira rangoli arts class","fullName":"ira rangoli arts class","phone":"918983623472","source":"Wati","contactStatus":"VALID","photo":null,"created":"Mar-12-2025","customParams":[{"name":"name","value":"ira rangoli arts class"},{"name":"phone","value":"918983623472"},{"name":"login_url","value":"https://kalagurubyirarangoliarts.com/accounts/login/"},{"name":"username","value":"nilesh.raokhande@gmail.com"},{"name":"password","value":"jXLbXl(h"},{"name":"faq_link","value":"https://kalagurubyirarangoliarts.com"}],"optedIn":false,"isDeleted":false,"lastUpdated":"2025-03-20T14:37:49.097Z","allowBroadcast":true,"allowSMS":true,"teamIds":["67cedfa31009e69744dd4b48"],"isInFlow":false,"isInTestFlow":false,"lastFlowId":null,"currentFlowNodeId":null,"selectedHubspotId":null,"channelId":null,"displayId":null,"contactLinkId":null,"waChannelPhone":null,"igPhoneSource":0,"mgPhoneSource":0,"tagName":null,"messengerPageName":"","paylinkSettings":null},"model":{"ids":["67d17d8fc16d9ff96047236c"]},"validWhatsAppNumber":true}
Watching for file changes with StatReloader
[20/Mar/2025 14:52:46] "GET / HTTP/1.0" 200 49797
[20/Mar/2025 14:52:57] "GET /coupon/coupon/ HTTP/1.0" 200 40996
[20/Mar/2025 14:52:57] "GET /coupon/check-coupon/?coupon_code= HTTP/1.0" 200 94
[20/Mar/2025 14:54:15] "GET /accounts/login/ HTTP/1.0" 200 49177
[20/Mar/2025 14:54:15] "POST /payment/callback/ HTTP/1.0" 200 54
[20/Mar/2025 14:54:18] "POST /payment/callback/ HTTP/1.0" 200 105
[20/Mar/2025 14:54:35] "GET /accounts/login/ HTTP/1.0" 200 49177
[20/Mar/2025 14:54:45] "POST /accounts/login/ HTTP/1.0" 302 0
[20/Mar/2025 14:54:45] "GET /accounts/dashboard/ HTTP/1.0" 200 38960
[20/Mar/2025 14:55:54] "GET /admin/accounts/student/ HTTP/1.0" 200 21015
[20/Mar/2025 14:55:54] "GET /admin/jsi18n/ HTTP/1.0" 200 3342
[20/Mar/2025 14:55:54] "GET /favicon.ico/ HTTP/1.0" 200 48780
[20/Mar/2025 14:55:58] "GET /admin/accounts/user/ HTTP/1.0" 200 25376
[20/Mar/2025 14:55:58] "GET /admin/jsi18n/ HTTP/1.0" 200 3342
[20/Mar/2025 14:55:58] "GET /favicon.ico/ HTTP/1.0" 200 48780
[20/Mar/2025 14:56:12] "GET /admin/accounts/teacher/ HTTP/1.0" 200 12898
[20/Mar/2025 14:56:12] "GET /admin/jsi18n/ HTTP/1.0" 200 3342
[20/Mar/2025 14:56:12] "GET /favicon.ico/ HTTP/1.0" 200 48780
[20/Mar/2025 14:56:13] "GET /admin/accounts/user/ HTTP/1.0" 200 25376
[20/Mar/2025 14:56:13] "GET /admin/jsi18n/ HTTP/1.0" 200 3342
[20/Mar/2025 14:56:13] "GET /favicon.ico/ HTTP/1.0" 200 48780
[20/Mar/2025 14:56:15] "GET /admin/accounts/user/add/ HTTP/1.0" 200 32238
[20/Mar/2025 14:56:15] "GET /admin/jsi18n/ HTTP/1.0" 200 3342
[20/Mar/2025 14:56:15] "GET /favicon.ico/ HTTP/1.0" 200 48780
[20/Mar/2025 14:56:52] "GET /admin/accounts/teacher/ HTTP/1.0" 200 12898
[20/Mar/2025 14:56:52] "GET /admin/jsi18n/ HTTP/1.0" 200 3342
[20/Mar/2025 14:56:52] "GET /favicon.ico/ HTTP/1.0" 200 48780
[20/Mar/2025 14:56:54] "GET /admin/accounts/student/ HTTP/1.0" 200 21015
[20/Mar/2025 14:56:54] "GET /admin/jsi18n/ HTTP/1.0" 200 3342
[20/Mar/2025 14:56:54] "GET /favicon.ico/ HTTP/1.0" 200 48780
[20/Mar/2025 14:56:55] "GET /admin/accounts/student/11/change/ HTTP/1.0" 200 23548
[20/Mar/2025 14:56:55] "GET /admin/jsi18n/ HTTP/1.0" 200 3342
[20/Mar/2025 14:56:55] "GET /favicon.ico/ HTTP/1.0" 200 48780
[20/Mar/2025 14:58:39] "GET /accounts/login HTTP/1.0" 301 0
[20/Mar/2025 14:58:39] "GET /accounts/login/ HTTP/1.0" 200 49201
[20/Mar/2025 14:58:41] "GET /accounts/password-reset/ HTTP/1.0" 200 37456
[20/Mar/2025 14:58:46] "GET /accounts/password-reset/ HTTP/1.0" 200 37456
[20/Mar/2025 15:12:27] "GET /accounts/password-reset/ HTTP/1.0" 200 37456
[20/Mar/2025 15:12:33] "POST /accounts/password-reset/ HTTP/1.0" 302 0
[20/Mar/2025 15:12:33] "GET /accounts/password-reset/done/ HTTP/1.0" 200 36872
[20/Mar/2025 15:12:44] "GET /accounts/password-reset/OA/cmyy8v-ca018ce1290619c325361051fae55a5a/ HTTP/1.0" 302 0
[20/Mar/2025 15:12:45] "GET /accounts/password-reset/OA/set-password/ HTTP/1.0" 200 38125
[20/Mar/2025 15:13:05] "POST /accounts/password-reset/OA/set-password/ HTTP/1.0" 200 38344
[20/Mar/2025 15:13:22] "POST /accounts/password-reset/OA/set-password/ HTTP/1.0" 200 38247
[20/Mar/2025 15:13:37] "POST /accounts/password-reset/OA/set-password/ HTTP/1.0" 302 0
[20/Mar/2025 15:13:37] "GET /accounts/reset_complete/done/ HTTP/1.0" 200 36940
[20/Mar/2025 15:13:40] "GET /accounts/login/ HTTP/1.0" 200 49201
[20/Mar/2025 15:13:51] "POST /accounts/login/ HTTP/1.0" 200 49419
[20/Mar/2025 15:14:37] "GET /accounts/login/ HTTP/1.0" 200 49246
[20/Mar/2025 15:14:39] "GET /accounts/password-reset/ HTTP/1.0" 200 37456
[20/Mar/2025 15:14:53] "POST /accounts/password-reset/ HTTP/1.0" 302 0
[20/Mar/2025 15:14:53] "GET /accounts/password-reset/done/ HTTP/1.0" 200 36872
[20/Mar/2025 15:19:45] "GET /accounts/login/ HTTP/1.0" 200 49298
[20/Mar/2025 15:19:46] "GET /accounts/password-reset/ HTTP/1.0" 200 37508
[20/Mar/2025 15:20:00] "POST /accounts/password-reset/ HTTP/1.0" 302 0
[20/Mar/2025 15:20:00] "GET /accounts/password-reset/done/ HTTP/1.0" 200 36924
[20/Mar/2025 15:20:11] "GET /accounts/password-reset/Nw/cmyyla-764f00e1386c9586b088f227f41bfa84/ HTTP/1.0" 302 0
[20/Mar/2025 15:20:11] "GET /accounts/password-reset/Nw/set-password/ HTTP/1.0" 200 38177
[20/Mar/2025 15:21:42] "POST /accounts/password-reset/Nw/set-password/ HTTP/1.0" 302 0
[20/Mar/2025 15:21:42] "GET /accounts/reset_complete/done/ HTTP/1.0" 200 36992
[20/Mar/2025 15:21:44] "GET /accounts/login/ HTTP/1.0" 200 49298
[20/Mar/2025 15:21:58] "POST /accounts/login/ HTTP/1.0" 200 49509
[20/Mar/2025 15:22:01] "GET /accounts/password-reset/ HTTP/1.0" 200 37508
[20/Mar/2025 15:22:15] "POST /accounts/password-reset/ HTTP/1.0" 302 0
[20/Mar/2025 15:22:15] "GET /accounts/password-reset/done/ HTTP/1.0" 200 36924
[20/Mar/2025 15:22:26] "GET /accounts/password-reset/Nw/cmyyox-071ae15dcb54941e246c5499e13f4b68/ HTTP/1.0" 302 0
[20/Mar/2025 15:22:26] "GET /accounts/password-reset/Nw/set-password/ HTTP/1.0" 200 38177
[20/Mar/2025 15:22:39] "POST /accounts/password-reset/Nw/set-password/ HTTP/1.0" 302 0
[20/Mar/2025 15:22:40] "GET /accounts/reset_complete/done/ HTTP/1.0" 200 36992
[20/Mar/2025 15:22:41] "GET /accounts/login/ HTTP/1.0" 200 49298
[20/Mar/2025 15:22:56] "POST /accounts/login/ HTTP/1.0" 302 0
[20/Mar/2025 15:22:56] "GET /accounts/dashboard/ HTTP/1.0" 200 39015
[20/Mar/2025 15:24:13] "HEAD / HTTP/1.0" 200 0
[20/Mar/2025 15:24:23] "GET /accounts/profile/update/ HTTP/1.0" 200 57216
[20/Mar/2025 15:24:27] "GET /accounts/profile/ HTTP/1.0" 200 55996
[20/Mar/2025 15:25:58] "GET / HTTP/1.0" 200 49850
[20/Mar/2025 15:26:44] "GET /coupon/coupon/ HTTP/1.0" 200 41048
[20/Mar/2025 15:26:44] "GET /coupon/check-coupon/?coupon_code= HTTP/1.0" 200 94
[20/Mar/2025 15:34:08] "GET /admin/accounts/user/ HTTP/1.0" 200 25376
[20/Mar/2025 15:34:08] "GET /admin/jsi18n/ HTTP/1.0" 200 3342
[20/Mar/2025 15:34:08] "GET /favicon.ico/ HTTP/1.0" 200 48780
[20/Mar/2025 15:35:46] "GET /admin/accounts/user/ HTTP/1.0" 200 25376
[20/Mar/2025 15:35:46] "GET /admin/jsi18n/ HTTP/1.0" 200 3342
[20/Mar/2025 15:35:47] "GET /favicon.ico/ HTTP/1.0" 200 48780
[20/Mar/2025 15:36:46] "GET /admin/accounts/user/add/ HTTP/1.0" 200 32238
[20/Mar/2025 15:36:46] "GET /admin/jsi18n/ HTTP/1.0" 200 3342
[20/Mar/2025 15:36:46] "GET /favicon.ico/ HTTP/1.0" 200 48780
[20/Mar/2025 15:37:12] "GET /admin/accounts/user/ HTTP/1.0" 200 25376
[20/Mar/2025 15:37:12] "GET /admin/jsi18n/ HTTP/1.0" 200 3342
[20/Mar/2025 15:37:12] "GET /favicon.ico/ HTTP/1.0" 200 48780
[20/Mar/2025 15:37:15] "GET /admin/accounts/user/add/ HTTP/1.0" 200 32238
[20/Mar/2025 15:37:15] "GET /admin/jsi18n/ HTTP/1.0" 200 3342
[20/Mar/2025 15:37:15] "GET /favicon.ico/ HTTP/1.0" 200 48780
[20/Mar/2025 15:37:46] "GET /admin/auth/group/add/?_to_field=id&_popup=1 HTTP/1.0" 200 13324
[20/Mar/2025 15:37:46] "GET /admin/jsi18n/ HTTP/1.0" 200 3342
[20/Mar/2025 15:37:46] "GET /favicon.ico/ HTTP/1.0" 200 48780
[20/Mar/2025 15:38:20] "POST /admin/accounts/user/add/ HTTP/1.0" 302 0
[20/Mar/2025 15:38:20] "GET /admin/accounts/user/ HTTP/1.0" 200 26476
[20/Mar/2025 15:38:20] "GET /admin/jsi18n/ HTTP/1.0" 200 3342
[20/Mar/2025 15:38:20] "GET /favicon.ico/ HTTP/1.0" 200 48780
[20/Mar/2025 15:38:26] "GET /admin/coupon/coupons/ HTTP/1.0" 200 15368
[20/Mar/2025 15:38:26] "GET /admin/jsi18n/ HTTP/1.0" 200 3342
[20/Mar/2025 15:38:26] "GET /favicon.ico/ HTTP/1.0" 200 48780
[20/Mar/2025 15:38:29] "GET /admin/coupon/coupons/add/ HTTP/1.0" 200 16630
[20/Mar/2025 15:38:29] "GET /admin/jsi18n/ HTTP/1.0" 200 3342
[20/Mar/2025 15:38:29] "GET /favicon.ico/ HTTP/1.0" 200 48780
[20/Mar/2025 15:38:57] "POST /admin/coupon/coupons/add/ HTTP/1.0" 302 0
[20/Mar/2025 15:38:57] "GET /admin/coupon/coupons/ HTTP/1.0" 200 16116
[20/Mar/2025 15:38:58] "GET /admin/jsi18n/ HTTP/1.0" 200 3342
[20/Mar/2025 15:38:58] "GET /favicon.ico/ HTTP/1.0" 200 48780
[20/Mar/2025 15:39:07] "GET /coupon/coupon/ HTTP/1.0" 200 41049
[20/Mar/2025 15:39:07] "GET /coupon/check-coupon/?coupon_code= HTTP/1.0" 200 94
[20/Mar/2025 15:39:10] "GET /coupon/check-coupon/?coupon_code=7BMPHRINKU HTTP/1.0" 200 99
/var/www/kalakar/src/coupon/views.py changed, reloading.
Performing system checks...

System check identified no issues (0 silenced).
March 20, 2025 - 14:51:46
Django version 5.1.4, using settings 'root.settings'
Starting development server at http://0.0.0.0:8000/
Quit the server with CONTROL-C.

{"result":true,"phone_number":"918983623472","template_name":"kalaguru_login","parameteres":[{"name":"name","value":"Nilesh Raokhande"},{"name":"Login_url","value":"https://kalagurubyirarangoliarts.com/accounts/login/"},{"name":"username","value":"nilesh.raokhande+2@gmail.com"},{"name":"password","value":"1494815"},{"name":"faq_link","value":"https://kalagurubyirarangoliarts.com"}],"contact":{"id":"67d17d8fc16d9ff96047236c","tenantId":"415778","wAid":"918983623472","firstName":"ira rangoli arts class","fullName":"ira rangoli arts class","phone":"918983623472","source":"Wati","contactStatus":"VALID","photo":null,"created":"Mar-12-2025","customParams":[{"name":"name","value":"ira rangoli arts class"},{"name":"phone","value":"918983623472"},{"name":"login_url","value":"https://kalagurubyirarangoliarts.com/accounts/login/"},{"name":"username","value":"nilesh.raokhande@gmail.com"},{"name":"password","value":"jXLbXl(h"},{"name":"faq_link","value":"https://kalagurubyirarangoliarts.com"}],"optedIn":false,"isDeleted":false,"lastUpdated":"2025-03-20T14:37:49.097Z","allowBroadcast":true,"allowSMS":true,"teamIds":["67cedfa31009e69744dd4b48"],"isInFlow":false,"isInTestFlow":false,"lastFlowId":null,"currentFlowNodeId":null,"selectedHubspotId":null,"channelId":null,"displayId":null,"contactLinkId":null,"waChannelPhone":null,"igPhoneSource":0,"mgPhoneSource":0,"tagName":null,"messengerPageName":"","paylinkSettings":null},"model":{"ids":["67d17d8fc16d9ff96047236c"]},"validWhatsAppNumber":true}
Watching for file changes with StatReloader
[20/Mar/2025 15:48:13] code 400, message Bad HTTP/0.9 request type ('\x00\x00\x00')
[20/Mar/2025 15:48:13] "    c                           " 400 -
/var/www/kalakar/src/accounts/urls.py changed, reloading.
Performing system checks...

System check identified no issues (0 silenced).
March 20, 2025 - 15:43:05
Django version 5.1.4, using settings 'root.settings'
Starting development server at http://0.0.0.0:8000/
Quit the server with CONTROL-C.

Watching for file changes with StatReloader
Exception in thread django-main-thread:
Traceback (most recent call last):
  File "/usr/lib/python3.12/threading.py", line 1073, in _bootstrap_inner
    self.run()
  File "/usr/lib/python3.12/threading.py", line 1010, in run
    self._target(*self._args, **self._kwargs)
  File "/var/www/kalakar/venv/lib/python3.12/site-packages/django/utils/autoreload.py", line 64, in wrapper
    fn(*args, **kwargs)
  File "/var/www/kalakar/venv/lib/python3.12/site-packages/django/core/management/commands/runserver.py", line 134, in inner_run
    self.check(display_num_errors=True)
  File "/var/www/kalakar/venv/lib/python3.12/site-packages/django/core/management/base.py", line 486, in check
    all_issues = checks.run_checks(
                 ^^^^^^^^^^^^^^^^^^
  File "/var/www/kalakar/venv/lib/python3.12/site-packages/django/core/checks/registry.py", line 88, in run_checks
    new_errors = check(app_configs=app_configs, databases=databases)
                 ^^^^^^^^^^^^^^^^^^^^^^^^^^^^^^^^^^^^^^^^^^^^^^^^^^^
  File "/var/www/kalakar/venv/lib/python3.12/site-packages/django/core/checks/urls.py", line 44, in check_url_namespaces_unique
    all_namespaces = _load_all_namespaces(resolver)
                     ^^^^^^^^^^^^^^^^^^^^^^^^^^^^^^
  File "/var/www/kalakar/venv/lib/python3.12/site-packages/django/core/checks/urls.py", line 63, in _load_all_namespaces
    url_patterns = getattr(resolver, "url_patterns", [])
                   ^^^^^^^^^^^^^^^^^^^^^^^^^^^^^^^^^^^^^
  File "/var/www/kalakar/venv/lib/python3.12/site-packages/django/utils/functional.py", line 47, in __get__
    res = instance.__dict__[self.name] = self.func(instance)
                                         ^^^^^^^^^^^^^^^^^^^
  File "/var/www/kalakar/venv/lib/python3.12/site-packages/django/urls/resolvers.py", line 718, in url_patterns
    patterns = getattr(self.urlconf_module, "urlpatterns", self.urlconf_module)
                       ^^^^^^^^^^^^^^^^^^^
  File "/var/www/kalakar/venv/lib/python3.12/site-packages/django/utils/functional.py", line 47, in __get__
    res = instance.__dict__[self.name] = self.func(instance)
                                         ^^^^^^^^^^^^^^^^^^^
  File "/var/www/kalakar/venv/lib/python3.12/site-packages/django/urls/resolvers.py", line 711, in urlconf_module
    return import_module(self.urlconf_name)
           ^^^^^^^^^^^^^^^^^^^^^^^^^^^^^^^^
  File "/usr/lib/python3.12/importlib/__init__.py", line 90, in import_module
    return _bootstrap._gcd_import(name[level:], package, level)
           ^^^^^^^^^^^^^^^^^^^^^^^^^^^^^^^^^^^^^^^^^^^^^^^^^^^^
  File "<frozen importlib._bootstrap>", line 1387, in _gcd_import
  File "<frozen importlib._bootstrap>", line 1360, in _find_and_load
  File "<frozen importlib._bootstrap>", line 1331, in _find_and_load_unlocked
  File "<frozen importlib._bootstrap>", line 935, in _load_unlocked
  File "<frozen importlib._bootstrap_external>", line 995, in exec_module
  File "<frozen importlib._bootstrap>", line 488, in _call_with_frames_removed
  File "/var/www/kalakar/src/root/urls.py", line 24, in <module>
    path("accounts/", include("accounts.urls")),
                      ^^^^^^^^^^^^^^^^^^^^^^^^
  File "/var/www/kalakar/venv/lib/python3.12/site-packages/django/urls/conf.py", line 39, in include
    urlconf_module = import_module(urlconf_module)
                     ^^^^^^^^^^^^^^^^^^^^^^^^^^^^^
  File "/usr/lib/python3.12/importlib/__init__.py", line 90, in import_module
    return _bootstrap._gcd_import(name[level:], package, level)
           ^^^^^^^^^^^^^^^^^^^^^^^^^^^^^^^^^^^^^^^^^^^^^^^^^^^^
  File "<frozen importlib._bootstrap>", line 1387, in _gcd_import
  File "<frozen importlib._bootstrap>", line 1360, in _find_and_load
  File "<frozen importlib._bootstrap>", line 1331, in _find_and_load_unlocked
  File "<frozen importlib._bootstrap>", line 935, in _load_unlocked
  File "<frozen importlib._bootstrap_external>", line 995, in exec_module
  File "<frozen importlib._bootstrap>", line 488, in _call_with_frames_removed
  File "/var/www/kalakar/src/accounts/urls.py", line 4, in <module>
    from accounts.views import (
ImportError: cannot import name 'custom_logout' from 'accounts.views' (/var/www/kalakar/src/accounts/views.py)
/var/www/kalakar/src/accounts/urls.py changed, reloading.
Performing system checks...

Watching for file changes with StatReloader
Exception in thread django-main-thread:
Traceback (most recent call last):
  File "/usr/lib/python3.12/threading.py", line 1073, in _bootstrap_inner
    self.run()
  File "/usr/lib/python3.12/threading.py", line 1010, in run
    self._target(*self._args, **self._kwargs)
  File "/var/www/kalakar/venv/lib/python3.12/site-packages/django/utils/autoreload.py", line 64, in wrapper
    fn(*args, **kwargs)
  File "/var/www/kalakar/venv/lib/python3.12/site-packages/django/core/management/commands/runserver.py", line 134, in inner_run
    self.check(display_num_errors=True)
  File "/var/www/kalakar/venv/lib/python3.12/site-packages/django/core/management/base.py", line 486, in check
    all_issues = checks.run_checks(
                 ^^^^^^^^^^^^^^^^^^
  File "/var/www/kalakar/venv/lib/python3.12/site-packages/django/core/checks/registry.py", line 88, in run_checks
    new_errors = check(app_configs=app_configs, databases=databases)
                 ^^^^^^^^^^^^^^^^^^^^^^^^^^^^^^^^^^^^^^^^^^^^^^^^^^^
  File "/var/www/kalakar/venv/lib/python3.12/site-packages/django/core/checks/urls.py", line 44, in check_url_namespaces_unique
    all_namespaces = _load_all_namespaces(resolver)
                     ^^^^^^^^^^^^^^^^^^^^^^^^^^^^^^
  File "/var/www/kalakar/venv/lib/python3.12/site-packages/django/core/checks/urls.py", line 63, in _load_all_namespaces
    url_patterns = getattr(resolver, "url_patterns", [])
                   ^^^^^^^^^^^^^^^^^^^^^^^^^^^^^^^^^^^^^
  File "/var/www/kalakar/venv/lib/python3.12/site-packages/django/utils/functional.py", line 47, in __get__
    res = instance.__dict__[self.name] = self.func(instance)
                                         ^^^^^^^^^^^^^^^^^^^
  File "/var/www/kalakar/venv/lib/python3.12/site-packages/django/urls/resolvers.py", line 718, in url_patterns
    patterns = getattr(self.urlconf_module, "urlpatterns", self.urlconf_module)
                       ^^^^^^^^^^^^^^^^^^^
  File "/var/www/kalakar/venv/lib/python3.12/site-packages/django/utils/functional.py", line 47, in __get__
    res = instance.__dict__[self.name] = self.func(instance)
                                         ^^^^^^^^^^^^^^^^^^^
  File "/var/www/kalakar/venv/lib/python3.12/site-packages/django/urls/resolvers.py", line 711, in urlconf_module
    return import_module(self.urlconf_name)
           ^^^^^^^^^^^^^^^^^^^^^^^^^^^^^^^^
  File "/usr/lib/python3.12/importlib/__init__.py", line 90, in import_module
    return _bootstrap._gcd_import(name[level:], package, level)
           ^^^^^^^^^^^^^^^^^^^^^^^^^^^^^^^^^^^^^^^^^^^^^^^^^^^^
  File "<frozen importlib._bootstrap>", line 1387, in _gcd_import
  File "<frozen importlib._bootstrap>", line 1360, in _find_and_load
  File "<frozen importlib._bootstrap>", line 1331, in _find_and_load_unlocked
  File "<frozen importlib._bootstrap>", line 935, in _load_unlocked
  File "<frozen importlib._bootstrap_external>", line 995, in exec_module
  File "<frozen importlib._bootstrap>", line 488, in _call_with_frames_removed
  File "/var/www/kalakar/src/root/urls.py", line 24, in <module>
    path("accounts/", include("accounts.urls")),
                      ^^^^^^^^^^^^^^^^^^^^^^^^
  File "/var/www/kalakar/venv/lib/python3.12/site-packages/django/urls/conf.py", line 39, in include
    urlconf_module = import_module(urlconf_module)
                     ^^^^^^^^^^^^^^^^^^^^^^^^^^^^^
  File "/usr/lib/python3.12/importlib/__init__.py", line 90, in import_module
    return _bootstrap._gcd_import(name[level:], package, level)
           ^^^^^^^^^^^^^^^^^^^^^^^^^^^^^^^^^^^^^^^^^^^^^^^^^^^^
  File "<frozen importlib._bootstrap>", line 1387, in _gcd_import
  File "<frozen importlib._bootstrap>", line 1360, in _find_and_load
  File "<frozen importlib._bootstrap>", line 1331, in _find_and_load_unlocked
  File "<frozen importlib._bootstrap>", line 935, in _load_unlocked
  File "<frozen importlib._bootstrap_external>", line 995, in exec_module
  File "<frozen importlib._bootstrap>", line 488, in _call_with_frames_removed
  File "/var/www/kalakar/src/accounts/urls.py", line 4, in <module>
    from accounts.views import (
ImportError: cannot import name 'custom_logout' from 'accounts.views' (/var/www/kalakar/src/accounts/views.py)
/var/www/kalakar/src/accounts/urls.py changed, reloading.
Performing system checks...

Watching for file changes with StatReloader
Exception in thread django-main-thread:
Traceback (most recent call last):
  File "/usr/lib/python3.12/threading.py", line 1073, in _bootstrap_inner
    self.run()
  File "/usr/lib/python3.12/threading.py", line 1010, in run
    self._target(*self._args, **self._kwargs)
  File "/var/www/kalakar/venv/lib/python3.12/site-packages/django/utils/autoreload.py", line 64, in wrapper
    fn(*args, **kwargs)
  File "/var/www/kalakar/venv/lib/python3.12/site-packages/django/core/management/commands/runserver.py", line 134, in inner_run
    self.check(display_num_errors=True)
  File "/var/www/kalakar/venv/lib/python3.12/site-packages/django/core/management/base.py", line 486, in check
    all_issues = checks.run_checks(
                 ^^^^^^^^^^^^^^^^^^
  File "/var/www/kalakar/venv/lib/python3.12/site-packages/django/core/checks/registry.py", line 88, in run_checks
    new_errors = check(app_configs=app_configs, databases=databases)
                 ^^^^^^^^^^^^^^^^^^^^^^^^^^^^^^^^^^^^^^^^^^^^^^^^^^^
  File "/var/www/kalakar/venv/lib/python3.12/site-packages/django/core/checks/urls.py", line 44, in check_url_namespaces_unique
    all_namespaces = _load_all_namespaces(resolver)
                     ^^^^^^^^^^^^^^^^^^^^^^^^^^^^^^
  File "/var/www/kalakar/venv/lib/python3.12/site-packages/django/core/checks/urls.py", line 63, in _load_all_namespaces
    url_patterns = getattr(resolver, "url_patterns", [])
                   ^^^^^^^^^^^^^^^^^^^^^^^^^^^^^^^^^^^^^
  File "/var/www/kalakar/venv/lib/python3.12/site-packages/django/utils/functional.py", line 47, in __get__
    res = instance.__dict__[self.name] = self.func(instance)
                                         ^^^^^^^^^^^^^^^^^^^
  File "/var/www/kalakar/venv/lib/python3.12/site-packages/django/urls/resolvers.py", line 718, in url_patterns
    patterns = getattr(self.urlconf_module, "urlpatterns", self.urlconf_module)
                       ^^^^^^^^^^^^^^^^^^^
  File "/var/www/kalakar/venv/lib/python3.12/site-packages/django/utils/functional.py", line 47, in __get__
    res = instance.__dict__[self.name] = self.func(instance)
                                         ^^^^^^^^^^^^^^^^^^^
  File "/var/www/kalakar/venv/lib/python3.12/site-packages/django/urls/resolvers.py", line 711, in urlconf_module
    return import_module(self.urlconf_name)
           ^^^^^^^^^^^^^^^^^^^^^^^^^^^^^^^^
  File "/usr/lib/python3.12/importlib/__init__.py", line 90, in import_module
    return _bootstrap._gcd_import(name[level:], package, level)
           ^^^^^^^^^^^^^^^^^^^^^^^^^^^^^^^^^^^^^^^^^^^^^^^^^^^^
  File "<frozen importlib._bootstrap>", line 1387, in _gcd_import
  File "<frozen importlib._bootstrap>", line 1360, in _find_and_load
  File "<frozen importlib._bootstrap>", line 1331, in _find_and_load_unlocked
  File "<frozen importlib._bootstrap>", line 935, in _load_unlocked
  File "<frozen importlib._bootstrap_external>", line 995, in exec_module
  File "<frozen importlib._bootstrap>", line 488, in _call_with_frames_removed
  File "/var/www/kalakar/src/root/urls.py", line 24, in <module>
    path("accounts/", include("accounts.urls")),
                      ^^^^^^^^^^^^^^^^^^^^^^^^
  File "/var/www/kalakar/venv/lib/python3.12/site-packages/django/urls/conf.py", line 39, in include
    urlconf_module = import_module(urlconf_module)
                     ^^^^^^^^^^^^^^^^^^^^^^^^^^^^^
  File "/usr/lib/python3.12/importlib/__init__.py", line 90, in import_module
    return _bootstrap._gcd_import(name[level:], package, level)
           ^^^^^^^^^^^^^^^^^^^^^^^^^^^^^^^^^^^^^^^^^^^^^^^^^^^^
  File "<frozen importlib._bootstrap>", line 1387, in _gcd_import
  File "<frozen importlib._bootstrap>", line 1360, in _find_and_load
  File "<frozen importlib._bootstrap>", line 1331, in _find_and_load_unlocked
  File "<frozen importlib._bootstrap>", line 935, in _load_unlocked
  File "<frozen importlib._bootstrap_external>", line 995, in exec_module
  File "<frozen importlib._bootstrap>", line 488, in _call_with_frames_removed
  File "/var/www/kalakar/src/accounts/urls.py", line 4, in <module>
    from accounts.views import (
ImportError: cannot import name 'custom_logout' from 'accounts.views' (/var/www/kalakar/src/accounts/views.py)
/var/www/kalakar/src/accounts/urls.py changed, reloading.
Performing system checks...

Watching for file changes with StatReloader
[20/Mar/2025 15:57:31] "GET /accounts/login/ HTTP/1.0" 200 49298
[20/Mar/2025 15:59:46,838] - Broken pipe from ('104.152.52.20', 50014)
Invalid HTTP_HOST header: 'ubuntu-24.localhost:8000'. You may need to add 'ubuntu-24.localhost' to ALLOWED_HOSTS.
Traceback (most recent call last):
  File "/var/www/kalakar/venv/lib/python3.12/site-packages/django/core/handlers/exception.py", line 55, in inner
    response = get_response(request)
               ^^^^^^^^^^^^^^^^^^^^^
  File "/var/www/kalakar/venv/lib/python3.12/site-packages/django/utils/deprecation.py", line 128, in __call__
    response = self.process_request(request)
               ^^^^^^^^^^^^^^^^^^^^^^^^^^^^^
  File "/var/www/kalakar/venv/lib/python3.12/site-packages/django/middleware/common.py", line 48, in process_request
    host = request.get_host()
           ^^^^^^^^^^^^^^^^^^
  File "/var/www/kalakar/venv/lib/python3.12/site-packages/django/http/request.py", line 151, in get_host
    raise DisallowedHost(msg)
django.core.exceptions.DisallowedHost: Invalid HTTP_HOST header: 'ubuntu-24.localhost:8000'. You may need to add 'ubuntu-24.localhost' to ALLOWED_HOSTS.
Bad Request: /
[20/Mar/2025 15:59:55] "GET / HTTP/1.0" 400 64763
[20/Mar/2025 16:00:01] code 400, message Bad HTTP/0.9 request type ('l\x00')
[20/Mar/2025 16:00:01] "l          " 400 -
Invalid HTTP_HOST header: 'ubuntu-24.localhost:8000'. You may need to add 'ubuntu-24.localhost' to ALLOWED_HOSTS.
Traceback (most recent call last):
  File "/var/www/kalakar/venv/lib/python3.12/site-packages/django/core/handlers/exception.py", line 55, in inner
    response = get_response(request)
               ^^^^^^^^^^^^^^^^^^^^^
  File "/var/www/kalakar/venv/lib/python3.12/site-packages/django/utils/deprecation.py", line 128, in __call__
    response = self.process_request(request)
               ^^^^^^^^^^^^^^^^^^^^^^^^^^^^^
  File "/var/www/kalakar/venv/lib/python3.12/site-packages/django/middleware/common.py", line 48, in process_request
    host = request.get_host()
           ^^^^^^^^^^^^^^^^^^
  File "/var/www/kalakar/venv/lib/python3.12/site-packages/django/http/request.py", line 151, in get_host
    raise DisallowedHost(msg)
django.core.exceptions.DisallowedHost: Invalid HTTP_HOST header: 'ubuntu-24.localhost:8000'. You may need to add 'ubuntu-24.localhost' to ALLOWED_HOSTS.
Bad Request: /nice ports,/Trinity.txt.bak
[20/Mar/2025 16:00:01] "GET /nice%20ports%2C/Tri%6Eity.txt%2ebak HTTP/1.0" 400 64967
[20/Mar/2025 16:00:01] code 400, message Bad request syntax ('\x05\x04\x00\x01\x02\x80\x05\x01\x00\x03')
[20/Mar/2025 16:00:01] "  " 400 -
[20/Mar/2025 16:00:01] "GET / HTTP/1.0" 200 49842
[20/Mar/2025 16:00:07] code 400, message Bad request syntax ('\x04\x01\x00\x16\x7f\x00\x00\x01root\x00')
[20/Mar/2025 16:00:07] "   root " 400 -
Invalid HTTP_HOST header: 'ubuntu-24.localhost:8000'. You may need to add 'ubuntu-24.localhost' to ALLOWED_HOSTS.
Traceback (most recent call last):
  File "/var/www/kalakar/venv/lib/python3.12/site-packages/django/core/handlers/exception.py", line 55, in inner
    response = get_response(request)
               ^^^^^^^^^^^^^^^^^^^^^
  File "/var/www/kalakar/venv/lib/python3.12/site-packages/django/utils/deprecation.py", line 128, in __call__
    response = self.process_request(request)
               ^^^^^^^^^^^^^^^^^^^^^^^^^^^^^
  File "/var/www/kalakar/venv/lib/python3.12/site-packages/django/middleware/common.py", line 48, in process_request
    host = request.get_host()
           ^^^^^^^^^^^^^^^^^^
  File "/var/www/kalakar/venv/lib/python3.12/site-packages/django/http/request.py", line 151, in get_host
    raise DisallowedHost(msg)
django.core.exceptions.DisallowedHost: Invalid HTTP_HOST header: 'ubuntu-24.localhost:8000'. You may need to add 'ubuntu-24.localhost' to ALLOWED_HOSTS.
Bad Request: /
[20/Mar/2025 16:00:07] "OPTIONS / HTTP/1.0" 400 64791
[20/Mar/2025 16:00:07] code 400, message Bad request version ('RTSP/1.0')
[20/Mar/2025 16:00:07] "OPTIONS / RTSP/1.0" 400 -
[20/Mar/2025 16:00:13] code 400, message Bad request version ('\x00\x01\x97|\x00\x00\x00\x00\x00\x00\x00\x00\x00\x00\x00\x00\x00\x00\x00\x00\x00\x00\x00\x00')
[20/Mar/2025 16:00:13] "  (rþ          |                    " 400 -
[20/Mar/2025 16:00:18] code 400, message Bad HTTP/0.9 request type ('\x00')
[20/Mar/2025 16:00:18] "          versionbind   " 400 -
[20/Mar/2025 16:00:23] code 400, message Bad HTTP/0.9 request type ('\x00')
[20/Mar/2025 16:00:23] "            " 400 -
[20/Mar/2025 16:00:23] code 400, message Bad request syntax ('HELP')
[20/Mar/2025 16:00:23] "HELP" 400 -
[20/Mar/2025 16:00:24] code 400, message Bad request syntax ('\x16\x03\x00\x00S\x01\x00\x00O\x03\x00?G×÷º,îê²`~ó\x00ý\x82{¹Õ\x96Èw\x9bæÄÛ<=Ûoï\x10n\x00\x00(\x00\x16\x00\x13\x00')
[20/Mar/2025 16:00:24] You're accessing the development server over HTTPS, but it only supports HTTP.
[20/Mar/2025 16:00:24] code 400, message Bad HTTP/0.9 request type ('\x03\x00\x00*%à\x00\x00\x00\x00\x00Cookie:')
[20/Mar/2025 16:00:24] "  *%à     Cookie: mstshash=nmap" 400 -
[20/Mar/2025 16:00:24] code 400, message Bad request version ('\x00/\x00')
[20/Mar/2025 16:00:24] You're accessing the development server over HTTPS, but it only supports HTTP.
[20/Mar/2025 16:00:25] code 400, message Bad request syntax ('\x00\x00\x00qj\x81n0\x81k¡\x03\x02\x01\x05¢\x03\x02\x01')
[20/Mar/2025 16:00:25] "   qjn0k¡¢" 400 -
[20/Mar/2025 16:00:30] code 400, message Bad request version ('0.12\x00')
[20/Mar/2025 16:00:30] "   ¤ÿSMBr    @              @     PC NETWORK PROGRAM 1.0 MICROSOFT NETWORKS 1.03 MICROSOFT NETWORKS 3.0 LANMAN1.0 LM1.2X002 Samba NT LANMAN 1.0 NT LM 0.12 " 400 -
/var/www/kalakar/src/accounts/views.py changed, reloading.
Performing system checks...

System check identified no issues (0 silenced).
March 20, 2025 - 15:57:29
Django version 5.1.4, using settings 'root.settings'
Starting development server at http://0.0.0.0:8000/
Quit the server with CONTROL-C.

Watching for file changes with StatReloader
[20/Mar/2025 16:02:43] "GET / HTTP/1.0" 200 49842
[20/Mar/2025 16:02:52] "GET /accounts/login/ HTTP/1.0" 200 49298
[20/Mar/2025 16:03:03] "POST /accounts/login/ HTTP/1.0" 200 49509
[20/Mar/2025 16:03:07] "POST /accounts/login/ HTTP/1.0" 302 0
[20/Mar/2025 16:03:07] "GET /accounts/dashboard/ HTTP/1.0" 200 39063
Method Not Allowed (GET): /accounts/logout/
Method Not Allowed: /accounts/logout/
[20/Mar/2025 16:03:25] "GET /accounts/logout/ HTTP/1.0" 405 0
[20/Mar/2025 16:03:25] "GET /favicon.ico/ HTTP/1.0" 200 48780
Method Not Allowed (GET): /accounts/logout/
Method Not Allowed: /accounts/logout/
[20/Mar/2025 16:03:30] "GET /accounts/logout/ HTTP/1.0" 405 0
[20/Mar/2025 16:03:38] "GET / HTTP/1.0" 200 49842
[20/Mar/2025 16:03:44] "GET /accounts/dashboard/ HTTP/1.0" 200 39063
Method Not Allowed (GET): /accounts/logout/
Method Not Allowed: /accounts/logout/
[20/Mar/2025 16:04:02] "GET /accounts/logout/ HTTP/1.0" 405 0
/var/www/kalakar/src/accounts/urls.py changed, reloading.
Performing system checks...

System check identified no issues (0 silenced).
March 20, 2025 - 16:01:14
Django version 5.1.4, using settings 'root.settings'
Starting development server at http://0.0.0.0:8000/
Quit the server with CONTROL-C.

Watching for file changes with StatReloader
[20/Mar/2025 16:05:42] "GET /accounts/dashboard/ HTTP/1.0" 200 39063
Method Not Allowed (GET): /accounts/logout/
Method Not Allowed: /accounts/logout/
[20/Mar/2025 16:05:47] "GET /accounts/logout/ HTTP/1.0" 405 0
[20/Mar/2025 16:06:00] "GET / HTTP/1.1" 200 49842
Method Not Allowed (GET): /accounts/logout/
Method Not Allowed: /accounts/logout/
[20/Mar/2025 16:06:10] "GET /accounts/logout/ HTTP/1.0" 405 0
/var/www/kalakar/src/accounts/views.py changed, reloading.
Performing system checks...

System check identified no issues (0 silenced).
March 20, 2025 - 16:05:32
Django version 5.1.4, using settings 'root.settings'
Starting development server at http://0.0.0.0:8000/
Quit the server with CONTROL-C.

Watching for file changes with StatReloader
[20/Mar/2025 16:08:41] "GET /accounts/dashboard/ HTTP/1.0" 302 0
[20/Mar/2025 16:08:41] "GET /accounts/login/?next=/accounts/dashboard/ HTTP/1.0" 200 49318
[20/Mar/2025 16:08:42] "GET /accounts/dashboard/ HTTP/1.0" 200 39063
Method Not Allowed (GET): /accounts/logout/
Method Not Allowed: /accounts/logout/
[20/Mar/2025 16:08:45] "GET /accounts/logout/ HTTP/1.0" 405 0
[20/Mar/2025 16:08:45] "GET /favicon.ico HTTP/1.0" 301 0
[20/Mar/2025 16:08:53] "GET /logout/ HTTP/1.0" 200 48780
[20/Mar/2025 16:08:56] "GET / HTTP/1.0" 200 49842
[20/Mar/2025 16:09:01] "GET /accounts/dashboard/ HTTP/1.0" 200 39063
Method Not Allowed (GET): /accounts/logout/
Method Not Allowed: /accounts/logout/
[20/Mar/2025 16:09:04] "GET /accounts/logout/ HTTP/1.0" 405 0
/var/www/kalakar/src/accounts/urls.py changed, reloading.
Performing system checks...

System check identified no issues (0 silenced).
March 20, 2025 - 16:07:48
Django version 5.1.4, using settings 'root.settings'
Starting development server at http://0.0.0.0:8000/
Quit the server with CONTROL-C.

Watching for file changes with StatReloader
[20/Mar/2025 16:09:35] "GET /accounts/dashboard/ HTTP/1.0" 200 39063
Method Not Allowed (GET): /accounts/logout/
Method Not Allowed: /accounts/logout/
[20/Mar/2025 16:09:37] "GET /accounts/logout/ HTTP/1.0" 405 0
/var/www/kalakar/src/accounts/urls.py changed, reloading.
Performing system checks...

System check identified no issues (0 silenced).
March 20, 2025 - 16:09:31
Django version 5.1.4, using settings 'root.settings'
Starting development server at http://0.0.0.0:8000/
Quit the server with CONTROL-C.

Watching for file changes with StatReloader
/var/www/kalakar/src/accounts/urls.py changed, reloading.
Performing system checks...

System check identified no issues (0 silenced).
March 20, 2025 - 16:10:11
Django version 5.1.4, using settings 'root.settings'
Starting development server at http://0.0.0.0:8000/
Quit the server with CONTROL-C.

Watching for file changes with StatReloader
Exception in thread django-main-thread:
Traceback (most recent call last):
  File "/usr/lib/python3.12/threading.py", line 1073, in _bootstrap_inner
    self.run()
  File "/usr/lib/python3.12/threading.py", line 1010, in run
    self._target(*self._args, **self._kwargs)
  File "/var/www/kalakar/venv/lib/python3.12/site-packages/django/utils/autoreload.py", line 64, in wrapper
    fn(*args, **kwargs)
  File "/var/www/kalakar/venv/lib/python3.12/site-packages/django/core/management/commands/runserver.py", line 134, in inner_run
    self.check(display_num_errors=True)
  File "/var/www/kalakar/venv/lib/python3.12/site-packages/django/core/management/base.py", line 486, in check
    all_issues = checks.run_checks(
                 ^^^^^^^^^^^^^^^^^^
  File "/var/www/kalakar/venv/lib/python3.12/site-packages/django/core/checks/registry.py", line 88, in run_checks
    new_errors = check(app_configs=app_configs, databases=databases)
                 ^^^^^^^^^^^^^^^^^^^^^^^^^^^^^^^^^^^^^^^^^^^^^^^^^^^
  File "/var/www/kalakar/venv/lib/python3.12/site-packages/django/core/checks/urls.py", line 44, in check_url_namespaces_unique
    all_namespaces = _load_all_namespaces(resolver)
                     ^^^^^^^^^^^^^^^^^^^^^^^^^^^^^^
  File "/var/www/kalakar/venv/lib/python3.12/site-packages/django/core/checks/urls.py", line 63, in _load_all_namespaces
    url_patterns = getattr(resolver, "url_patterns", [])
                   ^^^^^^^^^^^^^^^^^^^^^^^^^^^^^^^^^^^^^
  File "/var/www/kalakar/venv/lib/python3.12/site-packages/django/utils/functional.py", line 47, in __get__
    res = instance.__dict__[self.name] = self.func(instance)
                                         ^^^^^^^^^^^^^^^^^^^
  File "/var/www/kalakar/venv/lib/python3.12/site-packages/django/urls/resolvers.py", line 718, in url_patterns
    patterns = getattr(self.urlconf_module, "urlpatterns", self.urlconf_module)
                       ^^^^^^^^^^^^^^^^^^^
  File "/var/www/kalakar/venv/lib/python3.12/site-packages/django/utils/functional.py", line 47, in __get__
    res = instance.__dict__[self.name] = self.func(instance)
                                         ^^^^^^^^^^^^^^^^^^^
  File "/var/www/kalakar/venv/lib/python3.12/site-packages/django/urls/resolvers.py", line 711, in urlconf_module
    return import_module(self.urlconf_name)
           ^^^^^^^^^^^^^^^^^^^^^^^^^^^^^^^^
  File "/usr/lib/python3.12/importlib/__init__.py", line 90, in import_module
    return _bootstrap._gcd_import(name[level:], package, level)
           ^^^^^^^^^^^^^^^^^^^^^^^^^^^^^^^^^^^^^^^^^^^^^^^^^^^^
  File "<frozen importlib._bootstrap>", line 1387, in _gcd_import
  File "<frozen importlib._bootstrap>", line 1360, in _find_and_load
  File "<frozen importlib._bootstrap>", line 1331, in _find_and_load_unlocked
  File "<frozen importlib._bootstrap>", line 935, in _load_unlocked
  File "<frozen importlib._bootstrap_external>", line 995, in exec_module
  File "<frozen importlib._bootstrap>", line 488, in _call_with_frames_removed
  File "/var/www/kalakar/src/root/urls.py", line 24, in <module>
    path("accounts/", include("accounts.urls")),
                      ^^^^^^^^^^^^^^^^^^^^^^^^
  File "/var/www/kalakar/venv/lib/python3.12/site-packages/django/urls/conf.py", line 39, in include
    urlconf_module = import_module(urlconf_module)
                     ^^^^^^^^^^^^^^^^^^^^^^^^^^^^^
  File "/usr/lib/python3.12/importlib/__init__.py", line 90, in import_module
    return _bootstrap._gcd_import(name[level:], package, level)
           ^^^^^^^^^^^^^^^^^^^^^^^^^^^^^^^^^^^^^^^^^^^^^^^^^^^^
  File "<frozen importlib._bootstrap>", line 1387, in _gcd_import
  File "<frozen importlib._bootstrap>", line 1360, in _find_and_load
  File "<frozen importlib._bootstrap>", line 1331, in _find_and_load_unlocked
  File "<frozen importlib._bootstrap>", line 935, in _load_unlocked
  File "<frozen importlib._bootstrap_external>", line 991, in exec_module
  File "<frozen importlib._bootstrap_external>", line 1129, in get_code
  File "<frozen importlib._bootstrap_external>", line 1059, in source_to_code
  File "<frozen importlib._bootstrap>", line 488, in _call_with_frames_removed
  File "/var/www/kalakar/src/accounts/urls.py", line 46
    path("logout/", LogoutView.as_view(template_name="accounts/logged_out.html"), name="logout")
                                                                                 ^
SyntaxError: invalid non-printable character U+00A0
/var/www/kalakar/src/accounts/urls.py changed, reloading.
Performing system checks...

Watching for file changes with StatReloader
[20/Mar/2025 16:16:09] "GET /accounts/dashboard/ HTTP/1.0" 200 39063
Method Not Allowed (GET): /accounts/logout/
Method Not Allowed: /accounts/logout/
[20/Mar/2025 16:16:12] "GET /accounts/logout/ HTTP/1.0" 405 0
Method Not Allowed (GET): /accounts/logout/
Method Not Allowed: /accounts/logout/
[20/Mar/2025 16:16:16] "GET /accounts/logout/ HTTP/1.0" 405 0
Method Not Allowed (GET): /accounts/logout/
Method Not Allowed: /accounts/logout/
[20/Mar/2025 16:16:19] "GET /accounts/logout/ HTTP/1.0" 405 0
[20/Mar/2025 16:16:19] "GET /favicon.ico HTTP/1.0" 301 0
[20/Mar/2025 16:16:19] "GET /favicon.ico/ HTTP/1.0" 200 48780
[20/Mar/2025 16:18:19] "GET /accounts/dashboard/ HTTP/1.0" 200 39063
Method Not Allowed (GET): /accounts/logout/
Method Not Allowed: /accounts/logout/
[20/Mar/2025 16:18:23] "GET /accounts/logout/ HTTP/1.0" 405 0
Internal Server Error: /payment/callback
Traceback (most recent call last):
  File "/var/www/kalakar/venv/lib/python3.12/site-packages/django/core/handlers/exception.py", line 55, in inner
    response = get_response(request)
               ^^^^^^^^^^^^^^^^^^^^^
  File "/var/www/kalakar/venv/lib/python3.12/site-packages/django/utils/deprecation.py", line 131, in __call__
    response = self.process_response(request, response)
               ^^^^^^^^^^^^^^^^^^^^^^^^^^^^^^^^^^^^^^^^
  File "/var/www/kalakar/venv/lib/python3.12/site-packages/django/middleware/common.py", line 108, in process_response
    return self.response_redirect_class(self.get_full_path_with_slash(request))
                                        ^^^^^^^^^^^^^^^^^^^^^^^^^^^^^^^^^^^^^^
  File "/var/www/kalakar/venv/lib/python3.12/site-packages/django/middleware/common.py", line 87, in get_full_path_with_slash
    raise RuntimeError(
RuntimeError: You called this URL via POST, but the URL doesn't end in a slash and you have APPEND_SLASH set. Django can't redirect to the slash URL while maintaining POST data. Change your form to point to kalagurubyirarangoliarts.com/payment/callback/ (note the trailing slash), or set APPEND_SLASH=False in your Django settings.
Internal Server Error: /payment/callback
Traceback (most recent call last):
  File "/var/www/kalakar/venv/lib/python3.12/site-packages/django/core/handlers/exception.py", line 55, in inner
    response = get_response(request)
               ^^^^^^^^^^^^^^^^^^^^^
  File "/var/www/kalakar/venv/lib/python3.12/site-packages/django/utils/deprecation.py", line 131, in __call__
    response = self.process_response(request, response)
               ^^^^^^^^^^^^^^^^^^^^^^^^^^^^^^^^^^^^^^^^
  File "/var/www/kalakar/venv/lib/python3.12/site-packages/django/middleware/common.py", line 108, in process_response
    return self.response_redirect_class(self.get_full_path_with_slash(request))
                                        ^^^^^^^^^^^^^^^^^^^^^^^^^^^^^^^^^^^^^^
  File "/var/www/kalakar/venv/lib/python3.12/site-packages/django/middleware/common.py", line 87, in get_full_path_with_slash
    raise RuntimeError(
RuntimeError: You called this URL via POST, but the URL doesn't end in a slash and you have APPEND_SLASH set. Django can't redirect to the slash URL while maintaining POST data. Change your form to point to kalagurubyirarangoliarts.com/payment/callback/ (note the trailing slash), or set APPEND_SLASH=False in your Django settings.
[20/Mar/2025 16:19:56] "POST /payment/callback HTTP/1.0" 500 66852
[20/Mar/2025 16:19:56] "POST /payment/callback HTTP/1.0" 500 66854
/var/www/kalakar/src/accounts/urls.py changed, reloading.
Performing system checks...

System check identified no issues (0 silenced).
March 20, 2025 - 16:16:02
Django version 5.1.4, using settings 'root.settings'
Starting development server at http://0.0.0.0:8000/
Quit the server with CONTROL-C.

Watching for file changes with StatReloader
Watching for file changes with StatReloader
Error: That port is already in use.
[20/Mar/2025 16:20:34] "GET /accounts/dashboard/ HTTP/1.0" 200 39269
[20/Mar/2025 16:20:37] "POST /accounts/accounts/logout/ HTTP/1.0" 302 0
[20/Mar/2025 16:20:37] "GET /accounts/login/ HTTP/1.0" 200 49298
[20/Mar/2025 16:54:38] "POST /payment/callback/ HTTP/1.0" 200 55
[20/Mar/2025 17:17:40] "GET / HTTP/1.0" 200 49842
[20/Mar/2025 17:17:41] "GET / HTTP/1.0" 200 49842
[20/Mar/2025 17:18:19] "GET /coupon/coupon/ HTTP/1.0" 200 41049
[20/Mar/2025 17:18:19] "GET /coupon/check-coupon/?coupon_code= HTTP/1.0" 200 94
[20/Mar/2025 17:18:38] "GET /coupon/coupon/ HTTP/1.0" 200 41049
[20/Mar/2025 17:18:38] "GET /coupon/check-coupon/?coupon_code= HTTP/1.0" 200 94
[20/Mar/2025 17:20:21] "POST /payment/callback/ HTTP/1.0" 200 54
[20/Mar/2025 17:20:24] "POST /payment/callback/ HTTP/1.0" 200 102
[20/Mar/2025 17:23:10] "GET /accounts/login/ HTTP/1.0" 200 49298
[20/Mar/2025 17:23:42] "POST /accounts/login/ HTTP/1.0" 302 0
[20/Mar/2025 17:23:42] "GET /accounts/dashboard/ HTTP/1.0" 200 39384
[20/Mar/2025 17:23:56] "GET /accounts/profile/ HTTP/1.0" 200 55824
Not Found: /owa/auth/x.js
[20/Mar/2025 18:18:27] "GET /owa/auth/x.js HTTP/1.0" 404 4593
Internal Server Error: /payment/callback
Traceback (most recent call last):
  File "/var/www/kalakar/venv/lib/python3.12/site-packages/django/core/handlers/exception.py", line 55, in inner
    response = get_response(request)
               ^^^^^^^^^^^^^^^^^^^^^
  File "/var/www/kalakar/venv/lib/python3.12/site-packages/django/utils/deprecation.py", line 131, in __call__
    response = self.process_response(request, response)
               ^^^^^^^^^^^^^^^^^^^^^^^^^^^^^^^^^^^^^^^^
  File "/var/www/kalakar/venv/lib/python3.12/site-packages/django/middleware/common.py", line 108, in process_response
    return self.response_redirect_class(self.get_full_path_with_slash(request))
                                        ^^^^^^^^^^^^^^^^^^^^^^^^^^^^^^^^^^^^^^
  File "/var/www/kalakar/venv/lib/python3.12/site-packages/django/middleware/common.py", line 87, in get_full_path_with_slash
    raise RuntimeError(
RuntimeError: You called this URL via POST, but the URL doesn't end in a slash and you have APPEND_SLASH set. Django can't redirect to the slash URL while maintaining POST data. Change your form to point to kalagurubyirarangoliarts.com/payment/callback/ (note the trailing slash), or set APPEND_SLASH=False in your Django settings.
[20/Mar/2025 18:36:48] "POST /payment/callback HTTP/1.0" 500 66854
Internal Server Error: /payment/callback
Traceback (most recent call last):
  File "/var/www/kalakar/venv/lib/python3.12/site-packages/django/core/handlers/exception.py", line 55, in inner
    response = get_response(request)
               ^^^^^^^^^^^^^^^^^^^^^
  File "/var/www/kalakar/venv/lib/python3.12/site-packages/django/utils/deprecation.py", line 131, in __call__
    response = self.process_response(request, response)
               ^^^^^^^^^^^^^^^^^^^^^^^^^^^^^^^^^^^^^^^^
  File "/var/www/kalakar/venv/lib/python3.12/site-packages/django/middleware/common.py", line 108, in process_response
    return self.response_redirect_class(self.get_full_path_with_slash(request))
                                        ^^^^^^^^^^^^^^^^^^^^^^^^^^^^^^^^^^^^^^
  File "/var/www/kalakar/venv/lib/python3.12/site-packages/django/middleware/common.py", line 87, in get_full_path_with_slash
    raise RuntimeError(
RuntimeError: You called this URL via POST, but the URL doesn't end in a slash and you have APPEND_SLASH set. Django can't redirect to the slash URL while maintaining POST data. Change your form to point to kalagurubyirarangoliarts.com/payment/callback/ (note the trailing slash), or set APPEND_SLASH=False in your Django settings.
[20/Mar/2025 18:36:50] "POST /payment/callback HTTP/1.0" 500 66854
Internal Server Error: /payment/callback
Traceback (most recent call last):
  File "/var/www/kalakar/venv/lib/python3.12/site-packages/django/core/handlers/exception.py", line 55, in inner
    response = get_response(request)
               ^^^^^^^^^^^^^^^^^^^^^
  File "/var/www/kalakar/venv/lib/python3.12/site-packages/django/utils/deprecation.py", line 131, in __call__
    response = self.process_response(request, response)
               ^^^^^^^^^^^^^^^^^^^^^^^^^^^^^^^^^^^^^^^^
  File "/var/www/kalakar/venv/lib/python3.12/site-packages/django/middleware/common.py", line 108, in process_response
    return self.response_redirect_class(self.get_full_path_with_slash(request))
                                        ^^^^^^^^^^^^^^^^^^^^^^^^^^^^^^^^^^^^^^
  File "/var/www/kalakar/venv/lib/python3.12/site-packages/django/middleware/common.py", line 87, in get_full_path_with_slash
    raise RuntimeError(
RuntimeError: You called this URL via POST, but the URL doesn't end in a slash and you have APPEND_SLASH set. Django can't redirect to the slash URL while maintaining POST data. Change your form to point to kalagurubyirarangoliarts.com/payment/callback/ (note the trailing slash), or set APPEND_SLASH=False in your Django settings.
[20/Mar/2025 18:40:43] "POST /payment/callback HTTP/1.0" 500 66852
Internal Server Error: /payment/callback
Traceback (most recent call last):
  File "/var/www/kalakar/venv/lib/python3.12/site-packages/django/core/handlers/exception.py", line 55, in inner
    response = get_response(request)
               ^^^^^^^^^^^^^^^^^^^^^
  File "/var/www/kalakar/venv/lib/python3.12/site-packages/django/utils/deprecation.py", line 131, in __call__
    response = self.process_response(request, response)
               ^^^^^^^^^^^^^^^^^^^^^^^^^^^^^^^^^^^^^^^^
  File "/var/www/kalakar/venv/lib/python3.12/site-packages/django/middleware/common.py", line 108, in process_response
    return self.response_redirect_class(self.get_full_path_with_slash(request))
                                        ^^^^^^^^^^^^^^^^^^^^^^^^^^^^^^^^^^^^^^
  File "/var/www/kalakar/venv/lib/python3.12/site-packages/django/middleware/common.py", line 87, in get_full_path_with_slash
    raise RuntimeError(
RuntimeError: You called this URL via POST, but the URL doesn't end in a slash and you have APPEND_SLASH set. Django can't redirect to the slash URL while maintaining POST data. Change your form to point to kalagurubyirarangoliarts.com/payment/callback/ (note the trailing slash), or set APPEND_SLASH=False in your Django settings.
[20/Mar/2025 18:40:43] "POST /payment/callback HTTP/1.0" 500 66852
[20/Mar/2025 18:49:08] "GET / HTTP/1.0" 200 49842
[20/Mar/2025 18:59:18] "GET / HTTP/1.0" 200 49842
[20/Mar/2025 19:09:15] "POST /payment/callback/ HTTP/1.0" 200 54
Invalid HTTP_HOST header: 'www.kalagurubyirarangoliarts.com'. You may need to add 'www.kalagurubyirarangoliarts.com' to ALLOWED_HOSTS.
Traceback (most recent call last):
  File "/var/www/kalakar/venv/lib/python3.12/site-packages/django/core/handlers/exception.py", line 55, in inner
    response = get_response(request)
               ^^^^^^^^^^^^^^^^^^^^^
  File "/var/www/kalakar/venv/lib/python3.12/site-packages/django/utils/deprecation.py", line 128, in __call__
    response = self.process_request(request)
               ^^^^^^^^^^^^^^^^^^^^^^^^^^^^^
  File "/var/www/kalakar/venv/lib/python3.12/site-packages/django/middleware/common.py", line 48, in process_request
    host = request.get_host()
           ^^^^^^^^^^^^^^^^^^
  File "/var/www/kalakar/venv/lib/python3.12/site-packages/django/http/request.py", line 151, in get_host
    raise DisallowedHost(msg)
django.core.exceptions.DisallowedHost: Invalid HTTP_HOST header: 'www.kalagurubyirarangoliarts.com'. You may need to add 'www.kalagurubyirarangoliarts.com' to ALLOWED_HOSTS.
Bad Request: /robots.txt
[20/Mar/2025 19:30:19] "GET /robots.txt HTTP/1.0" 400 66169
[20/Mar/2025 19:30:31] "GET /.env HTTP/1.0" 301 0
[20/Mar/2025 19:36:20] "POST /payment/callback/ HTTP/1.0" 200 54
[20/Mar/2025 19:38:55] "POST /payment/callback/ HTTP/1.0" 200 54
[20/Mar/2025 19:46:49] "POST /payment/callback/ HTTP/1.0" 200 54
[20/Mar/2025 19:50:01] "POST /payment/callback/ HTTP/1.0" 200 54
[20/Mar/2025 19:52:29] "POST /payment/callback/ HTTP/1.0" 200 54
[20/Mar/2025 19:55:54] "POST /payment/callback/ HTTP/1.0" 200 54
[20/Mar/2025 19:58:26] "POST /payment/callback/ HTTP/1.0" 200 54
[20/Mar/2025 20:01:06] "POST /payment/callback/ HTTP/1.0" 200 54
[20/Mar/2025 20:03:46] "POST /payment/callback/ HTTP/1.0" 200 54
[20/Mar/2025 20:06:18] "POST /payment/callback/ HTTP/1.0" 200 54
[20/Mar/2025 20:08:16] code 400, message Bad HTTP/0.9 request type ('\x00\x00\x00')
[20/Mar/2025 20:08:16] "    c                           " 400 -
[20/Mar/2025 20:08:38] "POST /payment/callback/ HTTP/1.0" 200 54
[20/Mar/2025 20:11:19] "POST /payment/callback/ HTTP/1.0" 200 54
Internal Server Error: /payment/callback
Traceback (most recent call last):
  File "/var/www/kalakar/venv/lib/python3.12/site-packages/django/core/handlers/exception.py", line 55, in inner
    response = get_response(request)
               ^^^^^^^^^^^^^^^^^^^^^
  File "/var/www/kalakar/venv/lib/python3.12/site-packages/django/utils/deprecation.py", line 131, in __call__
    response = self.process_response(request, response)
               ^^^^^^^^^^^^^^^^^^^^^^^^^^^^^^^^^^^^^^^^
  File "/var/www/kalakar/venv/lib/python3.12/site-packages/django/middleware/common.py", line 108, in process_response
    return self.response_redirect_class(self.get_full_path_with_slash(request))
                                        ^^^^^^^^^^^^^^^^^^^^^^^^^^^^^^^^^^^^^^
  File "/var/www/kalakar/venv/lib/python3.12/site-packages/django/middleware/common.py", line 87, in get_full_path_with_slash
    raise RuntimeError(
RuntimeError: You called this URL via POST, but the URL doesn't end in a slash and you have APPEND_SLASH set. Django can't redirect to the slash URL while maintaining POST data. Change your form to point to kalagurubyirarangoliarts.com/payment/callback/ (note the trailing slash), or set APPEND_SLASH=False in your Django settings.
[20/Mar/2025 20:13:48] "POST /payment/callback HTTP/1.0" 500 66854
Internal Server Error: /payment/callback
Traceback (most recent call last):
  File "/var/www/kalakar/venv/lib/python3.12/site-packages/django/core/handlers/exception.py", line 55, in inner
    response = get_response(request)
               ^^^^^^^^^^^^^^^^^^^^^
  File "/var/www/kalakar/venv/lib/python3.12/site-packages/django/utils/deprecation.py", line 131, in __call__
    response = self.process_response(request, response)
               ^^^^^^^^^^^^^^^^^^^^^^^^^^^^^^^^^^^^^^^^
  File "/var/www/kalakar/venv/lib/python3.12/site-packages/django/middleware/common.py", line 108, in process_response
    return self.response_redirect_class(self.get_full_path_with_slash(request))
                                        ^^^^^^^^^^^^^^^^^^^^^^^^^^^^^^^^^^^^^^
  File "/var/www/kalakar/venv/lib/python3.12/site-packages/django/middleware/common.py", line 87, in get_full_path_with_slash
    raise RuntimeError(
RuntimeError: You called this URL via POST, but the URL doesn't end in a slash and you have APPEND_SLASH set. Django can't redirect to the slash URL while maintaining POST data. Change your form to point to kalagurubyirarangoliarts.com/payment/callback/ (note the trailing slash), or set APPEND_SLASH=False in your Django settings.
[20/Mar/2025 20:13:53] "POST /payment/callback HTTP/1.0" 500 66852
Internal Server Error: /payment/callback
Traceback (most recent call last):
  File "/var/www/kalakar/venv/lib/python3.12/site-packages/django/core/handlers/exception.py", line 55, in inner
    response = get_response(request)
               ^^^^^^^^^^^^^^^^^^^^^
  File "/var/www/kalakar/venv/lib/python3.12/site-packages/django/utils/deprecation.py", line 131, in __call__
    response = self.process_response(request, response)
               ^^^^^^^^^^^^^^^^^^^^^^^^^^^^^^^^^^^^^^^^
  File "/var/www/kalakar/venv/lib/python3.12/site-packages/django/middleware/common.py", line 108, in process_response
    return self.response_redirect_class(self.get_full_path_with_slash(request))
                                        ^^^^^^^^^^^^^^^^^^^^^^^^^^^^^^^^^^^^^^
  File "/var/www/kalakar/venv/lib/python3.12/site-packages/django/middleware/common.py", line 87, in get_full_path_with_slash
    raise RuntimeError(
RuntimeError: You called this URL via POST, but the URL doesn't end in a slash and you have APPEND_SLASH set. Django can't redirect to the slash URL while maintaining POST data. Change your form to point to kalagurubyirarangoliarts.com/payment/callback/ (note the trailing slash), or set APPEND_SLASH=False in your Django settings.
[20/Mar/2025 20:21:42] "POST /payment/callback HTTP/1.0" 500 66852
Internal Server Error: /payment/callback
Traceback (most recent call last):
  File "/var/www/kalakar/venv/lib/python3.12/site-packages/django/core/handlers/exception.py", line 55, in inner
    response = get_response(request)
               ^^^^^^^^^^^^^^^^^^^^^
  File "/var/www/kalakar/venv/lib/python3.12/site-packages/django/utils/deprecation.py", line 131, in __call__
    response = self.process_response(request, response)
               ^^^^^^^^^^^^^^^^^^^^^^^^^^^^^^^^^^^^^^^^
  File "/var/www/kalakar/venv/lib/python3.12/site-packages/django/middleware/common.py", line 108, in process_response
    return self.response_redirect_class(self.get_full_path_with_slash(request))
                                        ^^^^^^^^^^^^^^^^^^^^^^^^^^^^^^^^^^^^^^
  File "/var/www/kalakar/venv/lib/python3.12/site-packages/django/middleware/common.py", line 87, in get_full_path_with_slash
    raise RuntimeError(
RuntimeError: You called this URL via POST, but the URL doesn't end in a slash and you have APPEND_SLASH set. Django can't redirect to the slash URL while maintaining POST data. Change your form to point to kalagurubyirarangoliarts.com/payment/callback/ (note the trailing slash), or set APPEND_SLASH=False in your Django settings.
[20/Mar/2025 20:21:46] "POST /payment/callback HTTP/1.0" 500 66854
[20/Mar/2025 20:22:29] "POST /payment/callback/ HTTP/1.0" 200 54
Not Found: /.git/config
[20/Mar/2025 20:27:13] "GET /.git/config HTTP/1.0" 404 4587
[20/Mar/2025 20:29:39] "POST /payment/callback/ HTTP/1.0" 200 54
[20/Mar/2025 20:42:24] "POST /payment/callback/ HTTP/1.0" 200 54
[20/Mar/2025 20:44:55] "POST /payment/callback/ HTTP/1.0" 200 54
[20/Mar/2025 20:53:35] code 400, message Bad HTTP/0.9 request type ('\x00\x00\x00')
[20/Mar/2025 20:53:35] "    c                           " 400 -
[20/Mar/2025 21:39:17] "GET / HTTP/1.0" 200 49842
Not Found: /wp-includes/wlwmanifest.xml
[20/Mar/2025 21:39:18] "GET //wp-includes/wlwmanifest.xml HTTP/1.0" 404 4650
[20/Mar/2025 21:39:18] "GET //xmlrpc.php?rsd HTTP/1.0" 301 0
[20/Mar/2025 21:39:18] "GET / HTTP/1.0" 200 49842
Not Found: /blog/wp-includes/wlwmanifest.xml
[20/Mar/2025 21:39:18] "GET //blog/wp-includes/wlwmanifest.xml HTTP/1.0" 404 4665
Not Found: /web/wp-includes/wlwmanifest.xml
[20/Mar/2025 21:39:19] "GET //web/wp-includes/wlwmanifest.xml HTTP/1.0" 404 4662
Not Found: /wordpress/wp-includes/wlwmanifest.xml
[20/Mar/2025 21:39:19] "GET //wordpress/wp-includes/wlwmanifest.xml HTTP/1.0" 404 4680
Not Found: /website/wp-includes/wlwmanifest.xml
[20/Mar/2025 21:39:19] "GET //website/wp-includes/wlwmanifest.xml HTTP/1.0" 404 4674
Not Found: /wp/wp-includes/wlwmanifest.xml
[20/Mar/2025 21:39:19] "GET //wp/wp-includes/wlwmanifest.xml HTTP/1.0" 404 4659
Not Found: /news/wp-includes/wlwmanifest.xml
[20/Mar/2025 21:39:19] "GET //news/wp-includes/wlwmanifest.xml HTTP/1.0" 404 4665
Not Found: /2018/wp-includes/wlwmanifest.xml
[20/Mar/2025 21:39:19] "GET //2018/wp-includes/wlwmanifest.xml HTTP/1.0" 404 4665
Not Found: /2019/wp-includes/wlwmanifest.xml
[20/Mar/2025 21:39:19] "GET //2019/wp-includes/wlwmanifest.xml HTTP/1.0" 404 4665
Not Found: /shop/wp-includes/wlwmanifest.xml
[20/Mar/2025 21:39:20] "GET //shop/wp-includes/wlwmanifest.xml HTTP/1.0" 404 4665
Not Found: /wp1/wp-includes/wlwmanifest.xml
[20/Mar/2025 21:39:20] "GET //wp1/wp-includes/wlwmanifest.xml HTTP/1.0" 404 4662
Not Found: /test/wp-includes/wlwmanifest.xml
[20/Mar/2025 21:39:20] "GET //test/wp-includes/wlwmanifest.xml HTTP/1.0" 404 4665
Not Found: /wp2/wp-includes/wlwmanifest.xml
[20/Mar/2025 21:39:20] "GET //wp2/wp-includes/wlwmanifest.xml HTTP/1.0" 404 4662
Not Found: /site/wp-includes/wlwmanifest.xml
[20/Mar/2025 21:39:20] "GET //site/wp-includes/wlwmanifest.xml HTTP/1.0" 404 4665
Not Found: /cms/wp-includes/wlwmanifest.xml
[20/Mar/2025 21:39:20] "GET //cms/wp-includes/wlwmanifest.xml HTTP/1.0" 404 4662
Not Found: /sito/wp-includes/wlwmanifest.xml
[20/Mar/2025 21:39:20] "GET //sito/wp-includes/wlwmanifest.xml HTTP/1.0" 404 4665
[20/Mar/2025 21:46:10] code 400, message Bad HTTP/0.9 request type ('\x00\x00\x00')
[20/Mar/2025 21:46:10] "    c                           " 400 -
Internal Server Error: /payment/callback
Traceback (most recent call last):
  File "/var/www/kalakar/venv/lib/python3.12/site-packages/django/core/handlers/exception.py", line 55, in inner
    response = get_response(request)
               ^^^^^^^^^^^^^^^^^^^^^
  File "/var/www/kalakar/venv/lib/python3.12/site-packages/django/utils/deprecation.py", line 131, in __call__
    response = self.process_response(request, response)
               ^^^^^^^^^^^^^^^^^^^^^^^^^^^^^^^^^^^^^^^^
  File "/var/www/kalakar/venv/lib/python3.12/site-packages/django/middleware/common.py", line 108, in process_response
    return self.response_redirect_class(self.get_full_path_with_slash(request))
                                        ^^^^^^^^^^^^^^^^^^^^^^^^^^^^^^^^^^^^^^
  File "/var/www/kalakar/venv/lib/python3.12/site-packages/django/middleware/common.py", line 87, in get_full_path_with_slash
    raise RuntimeError(
RuntimeError: You called this URL via POST, but the URL doesn't end in a slash and you have APPEND_SLASH set. Django can't redirect to the slash URL while maintaining POST data. Change your form to point to kalagurubyirarangoliarts.com/payment/callback/ (note the trailing slash), or set APPEND_SLASH=False in your Django settings.
[20/Mar/2025 22:00:06] "POST /payment/callback HTTP/1.0" 500 66854
Internal Server Error: /payment/callback
Traceback (most recent call last):
  File "/var/www/kalakar/venv/lib/python3.12/site-packages/django/core/handlers/exception.py", line 55, in inner
    response = get_response(request)
               ^^^^^^^^^^^^^^^^^^^^^
  File "/var/www/kalakar/venv/lib/python3.12/site-packages/django/utils/deprecation.py", line 131, in __call__
    response = self.process_response(request, response)
               ^^^^^^^^^^^^^^^^^^^^^^^^^^^^^^^^^^^^^^^^
  File "/var/www/kalakar/venv/lib/python3.12/site-packages/django/middleware/common.py", line 108, in process_response
    return self.response_redirect_class(self.get_full_path_with_slash(request))
                                        ^^^^^^^^^^^^^^^^^^^^^^^^^^^^^^^^^^^^^^
  File "/var/www/kalakar/venv/lib/python3.12/site-packages/django/middleware/common.py", line 87, in get_full_path_with_slash
    raise RuntimeError(
RuntimeError: You called this URL via POST, but the URL doesn't end in a slash and you have APPEND_SLASH set. Django can't redirect to the slash URL while maintaining POST data. Change your form to point to kalagurubyirarangoliarts.com/payment/callback/ (note the trailing slash), or set APPEND_SLASH=False in your Django settings.
[20/Mar/2025 22:00:09] "POST /payment/callback HTTP/1.0" 500 66854
Internal Server Error: /payment/callback
Traceback (most recent call last):
  File "/var/www/kalakar/venv/lib/python3.12/site-packages/django/core/handlers/exception.py", line 55, in inner
    response = get_response(request)
               ^^^^^^^^^^^^^^^^^^^^^
  File "/var/www/kalakar/venv/lib/python3.12/site-packages/django/utils/deprecation.py", line 131, in __call__
    response = self.process_response(request, response)
               ^^^^^^^^^^^^^^^^^^^^^^^^^^^^^^^^^^^^^^^^
  File "/var/www/kalakar/venv/lib/python3.12/site-packages/django/middleware/common.py", line 108, in process_response
    return self.response_redirect_class(self.get_full_path_with_slash(request))
                                        ^^^^^^^^^^^^^^^^^^^^^^^^^^^^^^^^^^^^^^
  File "/var/www/kalakar/venv/lib/python3.12/site-packages/django/middleware/common.py", line 87, in get_full_path_with_slash
    raise RuntimeError(
RuntimeError: You called this URL via POST, but the URL doesn't end in a slash and you have APPEND_SLASH set. Django can't redirect to the slash URL while maintaining POST data. Change your form to point to kalagurubyirarangoliarts.com/payment/callback/ (note the trailing slash), or set APPEND_SLASH=False in your Django settings.
[20/Mar/2025 22:04:03] "POST /payment/callback HTTP/1.0" 500 66854
Internal Server Error: /payment/callback
Traceback (most recent call last):
  File "/var/www/kalakar/venv/lib/python3.12/site-packages/django/core/handlers/exception.py", line 55, in inner
    response = get_response(request)
               ^^^^^^^^^^^^^^^^^^^^^
  File "/var/www/kalakar/venv/lib/python3.12/site-packages/django/utils/deprecation.py", line 131, in __call__
    response = self.process_response(request, response)
               ^^^^^^^^^^^^^^^^^^^^^^^^^^^^^^^^^^^^^^^^
  File "/var/www/kalakar/venv/lib/python3.12/site-packages/django/middleware/common.py", line 108, in process_response
    return self.response_redirect_class(self.get_full_path_with_slash(request))
                                        ^^^^^^^^^^^^^^^^^^^^^^^^^^^^^^^^^^^^^^
  File "/var/www/kalakar/venv/lib/python3.12/site-packages/django/middleware/common.py", line 87, in get_full_path_with_slash
    raise RuntimeError(
RuntimeError: You called this URL via POST, but the URL doesn't end in a slash and you have APPEND_SLASH set. Django can't redirect to the slash URL while maintaining POST data. Change your form to point to kalagurubyirarangoliarts.com/payment/callback/ (note the trailing slash), or set APPEND_SLASH=False in your Django settings.
[20/Mar/2025 22:04:05] "POST /payment/callback HTTP/1.0" 500 66854
Not Found: /wp-admin/setup-config.php
[20/Mar/2025 23:07:22] "GET /wp-admin/setup-config.php HTTP/1.0" 404 4644
Not Found: /wordpress/wp-admin/setup-config.php
[20/Mar/2025 23:07:47] "GET /wordpress/wp-admin/setup-config.php HTTP/1.0" 404 4674
Not Found: /wp-admin/setup-config.php
[20/Mar/2025 23:09:22] "GET /wp-admin/setup-config.php HTTP/1.0" 404 4644
Not Found: /wordpress/wp-admin/setup-config.php
[20/Mar/2025 23:09:49] "GET /wordpress/wp-admin/setup-config.php HTTP/1.0" 404 4674
[20/Mar/2025 23:22:02] "GET / HTTP/1.0" 200 49842
Not Found: /wp-includes/wlwmanifest.xml
[20/Mar/2025 23:22:03] "GET //wp-includes/wlwmanifest.xml HTTP/1.0" 404 4650
[20/Mar/2025 23:22:03] "GET //xmlrpc.php?rsd HTTP/1.0" 301 0
[20/Mar/2025 23:22:04] "GET / HTTP/1.0" 200 49842
Not Found: /blog/wp-includes/wlwmanifest.xml
[20/Mar/2025 23:22:04] "GET //blog/wp-includes/wlwmanifest.xml HTTP/1.0" 404 4665
Not Found: /web/wp-includes/wlwmanifest.xml
[20/Mar/2025 23:22:04] "GET //web/wp-includes/wlwmanifest.xml HTTP/1.0" 404 4662
Not Found: /wordpress/wp-includes/wlwmanifest.xml
[20/Mar/2025 23:22:04] "GET //wordpress/wp-includes/wlwmanifest.xml HTTP/1.0" 404 4680
Not Found: /website/wp-includes/wlwmanifest.xml
[20/Mar/2025 23:22:05] "GET //website/wp-includes/wlwmanifest.xml HTTP/1.0" 404 4674
Not Found: /wp/wp-includes/wlwmanifest.xml
[20/Mar/2025 23:22:05] "GET //wp/wp-includes/wlwmanifest.xml HTTP/1.0" 404 4659
Not Found: /news/wp-includes/wlwmanifest.xml
[20/Mar/2025 23:22:05] "GET //news/wp-includes/wlwmanifest.xml HTTP/1.0" 404 4665
Not Found: /2018/wp-includes/wlwmanifest.xml
[20/Mar/2025 23:22:06] "GET //2018/wp-includes/wlwmanifest.xml HTTP/1.0" 404 4665
Not Found: /2019/wp-includes/wlwmanifest.xml
[20/Mar/2025 23:22:06] "GET //2019/wp-includes/wlwmanifest.xml HTTP/1.0" 404 4665
Not Found: /shop/wp-includes/wlwmanifest.xml
[20/Mar/2025 23:22:06] "GET //shop/wp-includes/wlwmanifest.xml HTTP/1.0" 404 4665
Not Found: /wp1/wp-includes/wlwmanifest.xml
[20/Mar/2025 23:22:06] "GET //wp1/wp-includes/wlwmanifest.xml HTTP/1.0" 404 4662
Not Found: /test/wp-includes/wlwmanifest.xml
[20/Mar/2025 23:22:07] "GET //test/wp-includes/wlwmanifest.xml HTTP/1.0" 404 4665
Not Found: /wp2/wp-includes/wlwmanifest.xml
[20/Mar/2025 23:22:07] "GET //wp2/wp-includes/wlwmanifest.xml HTTP/1.0" 404 4662
Not Found: /site/wp-includes/wlwmanifest.xml
[20/Mar/2025 23:22:07] "GET //site/wp-includes/wlwmanifest.xml HTTP/1.0" 404 4665
Not Found: /cms/wp-includes/wlwmanifest.xml
[20/Mar/2025 23:22:08] "GET //cms/wp-includes/wlwmanifest.xml HTTP/1.0" 404 4662
Not Found: /sito/wp-includes/wlwmanifest.xml
[20/Mar/2025 23:22:08] "GET //sito/wp-includes/wlwmanifest.xml HTTP/1.0" 404 4665
Internal Server Error: /payment/callback
Traceback (most recent call last):
  File "/var/www/kalakar/venv/lib/python3.12/site-packages/django/core/handlers/exception.py", line 55, in inner
    response = get_response(request)
               ^^^^^^^^^^^^^^^^^^^^^
  File "/var/www/kalakar/venv/lib/python3.12/site-packages/django/utils/deprecation.py", line 131, in __call__
    response = self.process_response(request, response)
               ^^^^^^^^^^^^^^^^^^^^^^^^^^^^^^^^^^^^^^^^
  File "/var/www/kalakar/venv/lib/python3.12/site-packages/django/middleware/common.py", line 108, in process_response
    return self.response_redirect_class(self.get_full_path_with_slash(request))
                                        ^^^^^^^^^^^^^^^^^^^^^^^^^^^^^^^^^^^^^^
  File "/var/www/kalakar/venv/lib/python3.12/site-packages/django/middleware/common.py", line 87, in get_full_path_with_slash
    raise RuntimeError(
RuntimeError: You called this URL via POST, but the URL doesn't end in a slash and you have APPEND_SLASH set. Django can't redirect to the slash URL while maintaining POST data. Change your form to point to kalagurubyirarangoliarts.com/payment/callback/ (note the trailing slash), or set APPEND_SLASH=False in your Django settings.
[20/Mar/2025 23:33:56] "POST /payment/callback HTTP/1.0" 500 66854
Internal Server Error: /payment/callback
Traceback (most recent call last):
  File "/var/www/kalakar/venv/lib/python3.12/site-packages/django/core/handlers/exception.py", line 55, in inner
    response = get_response(request)
               ^^^^^^^^^^^^^^^^^^^^^
  File "/var/www/kalakar/venv/lib/python3.12/site-packages/django/utils/deprecation.py", line 131, in __call__
    response = self.process_response(request, response)
               ^^^^^^^^^^^^^^^^^^^^^^^^^^^^^^^^^^^^^^^^
  File "/var/www/kalakar/venv/lib/python3.12/site-packages/django/middleware/common.py", line 108, in process_response
    return self.response_redirect_class(self.get_full_path_with_slash(request))
                                        ^^^^^^^^^^^^^^^^^^^^^^^^^^^^^^^^^^^^^^
  File "/var/www/kalakar/venv/lib/python3.12/site-packages/django/middleware/common.py", line 87, in get_full_path_with_slash
    raise RuntimeError(
RuntimeError: You called this URL via POST, but the URL doesn't end in a slash and you have APPEND_SLASH set. Django can't redirect to the slash URL while maintaining POST data. Change your form to point to kalagurubyirarangoliarts.com/payment/callback/ (note the trailing slash), or set APPEND_SLASH=False in your Django settings.
[20/Mar/2025 23:33:57] "POST /payment/callback HTTP/1.0" 500 66854
Internal Server Error: /payment/callback
Traceback (most recent call last):
  File "/var/www/kalakar/venv/lib/python3.12/site-packages/django/core/handlers/exception.py", line 55, in inner
    response = get_response(request)
               ^^^^^^^^^^^^^^^^^^^^^
  File "/var/www/kalakar/venv/lib/python3.12/site-packages/django/utils/deprecation.py", line 131, in __call__
    response = self.process_response(request, response)
               ^^^^^^^^^^^^^^^^^^^^^^^^^^^^^^^^^^^^^^^^
  File "/var/www/kalakar/venv/lib/python3.12/site-packages/django/middleware/common.py", line 108, in process_response
    return self.response_redirect_class(self.get_full_path_with_slash(request))
                                        ^^^^^^^^^^^^^^^^^^^^^^^^^^^^^^^^^^^^^^
  File "/var/www/kalakar/venv/lib/python3.12/site-packages/django/middleware/common.py", line 87, in get_full_path_with_slash
    raise RuntimeError(
RuntimeError: You called this URL via POST, but the URL doesn't end in a slash and you have APPEND_SLASH set. Django can't redirect to the slash URL while maintaining POST data. Change your form to point to kalagurubyirarangoliarts.com/payment/callback/ (note the trailing slash), or set APPEND_SLASH=False in your Django settings.
[20/Mar/2025 23:38:40] "POST /payment/callback HTTP/1.0" 500 66852
Internal Server Error: /payment/callback
Traceback (most recent call last):
  File "/var/www/kalakar/venv/lib/python3.12/site-packages/django/core/handlers/exception.py", line 55, in inner
    response = get_response(request)
               ^^^^^^^^^^^^^^^^^^^^^
  File "/var/www/kalakar/venv/lib/python3.12/site-packages/django/utils/deprecation.py", line 131, in __call__
    response = self.process_response(request, response)
               ^^^^^^^^^^^^^^^^^^^^^^^^^^^^^^^^^^^^^^^^
  File "/var/www/kalakar/venv/lib/python3.12/site-packages/django/middleware/common.py", line 108, in process_response
    return self.response_redirect_class(self.get_full_path_with_slash(request))
                                        ^^^^^^^^^^^^^^^^^^^^^^^^^^^^^^^^^^^^^^
  File "/var/www/kalakar/venv/lib/python3.12/site-packages/django/middleware/common.py", line 87, in get_full_path_with_slash
    raise RuntimeError(
RuntimeError: You called this URL via POST, but the URL doesn't end in a slash and you have APPEND_SLASH set. Django can't redirect to the slash URL while maintaining POST data. Change your form to point to kalagurubyirarangoliarts.com/payment/callback/ (note the trailing slash), or set APPEND_SLASH=False in your Django settings.
[20/Mar/2025 23:38:42] "POST /payment/callback HTTP/1.0" 500 66852
Not Found: /.git/config
[21/Mar/2025 00:04:06] "GET /.git/config HTTP/1.0" 404 4587
[21/Mar/2025 00:16:48] code 400, message Bad request syntax ('MGLNDD_82.29.166.251_8000')
[21/Mar/2025 00:16:48] "MGLNDD_82.29.166.251_8000" 400 -
[21/Mar/2025 00:21:29] "POST /payment/callback/ HTTP/1.0" 200 54
Not Found: /wp-admin/setup-config.php
[21/Mar/2025 00:52:58] "GET /wp-admin/setup-config.php HTTP/1.0" 404 4644
Not Found: /wordpress/wp-admin/setup-config.php
[21/Mar/2025 00:53:21] "GET /wordpress/wp-admin/setup-config.php HTTP/1.0" 404 4674
Not Found: /wp-admin/setup-config.php
[21/Mar/2025 00:54:02] "GET /wp-admin/setup-config.php HTTP/1.0" 404 4644
Not Found: /wordpress/wp-admin/setup-config.php
[21/Mar/2025 00:54:16] "GET /wordpress/wp-admin/setup-config.php HTTP/1.0" 404 4674
Internal Server Error: /payment/callback
Traceback (most recent call last):
  File "/var/www/kalakar/venv/lib/python3.12/site-packages/django/core/handlers/exception.py", line 55, in inner
    response = get_response(request)
               ^^^^^^^^^^^^^^^^^^^^^
  File "/var/www/kalakar/venv/lib/python3.12/site-packages/django/utils/deprecation.py", line 131, in __call__
    response = self.process_response(request, response)
               ^^^^^^^^^^^^^^^^^^^^^^^^^^^^^^^^^^^^^^^^
  File "/var/www/kalakar/venv/lib/python3.12/site-packages/django/middleware/common.py", line 108, in process_response
    return self.response_redirect_class(self.get_full_path_with_slash(request))
                                        ^^^^^^^^^^^^^^^^^^^^^^^^^^^^^^^^^^^^^^
  File "/var/www/kalakar/venv/lib/python3.12/site-packages/django/middleware/common.py", line 87, in get_full_path_with_slash
    raise RuntimeError(
RuntimeError: You called this URL via POST, but the URL doesn't end in a slash and you have APPEND_SLASH set. Django can't redirect to the slash URL while maintaining POST data. Change your form to point to kalagurubyirarangoliarts.com/payment/callback/ (note the trailing slash), or set APPEND_SLASH=False in your Django settings.
[21/Mar/2025 00:54:44] "POST /payment/callback HTTP/1.0" 500 66852
Internal Server Error: /payment/callback
Traceback (most recent call last):
  File "/var/www/kalakar/venv/lib/python3.12/site-packages/django/core/handlers/exception.py", line 55, in inner
    response = get_response(request)
               ^^^^^^^^^^^^^^^^^^^^^
  File "/var/www/kalakar/venv/lib/python3.12/site-packages/django/utils/deprecation.py", line 131, in __call__
    response = self.process_response(request, response)
               ^^^^^^^^^^^^^^^^^^^^^^^^^^^^^^^^^^^^^^^^
  File "/var/www/kalakar/venv/lib/python3.12/site-packages/django/middleware/common.py", line 108, in process_response
    return self.response_redirect_class(self.get_full_path_with_slash(request))
                                        ^^^^^^^^^^^^^^^^^^^^^^^^^^^^^^^^^^^^^^
  File "/var/www/kalakar/venv/lib/python3.12/site-packages/django/middleware/common.py", line 87, in get_full_path_with_slash
    raise RuntimeError(
RuntimeError: You called this URL via POST, but the URL doesn't end in a slash and you have APPEND_SLASH set. Django can't redirect to the slash URL while maintaining POST data. Change your form to point to kalagurubyirarangoliarts.com/payment/callback/ (note the trailing slash), or set APPEND_SLASH=False in your Django settings.
[21/Mar/2025 00:54:45] "POST /payment/callback HTTP/1.0" 500 66852
Internal Server Error: /payment/callback
Traceback (most recent call last):
  File "/var/www/kalakar/venv/lib/python3.12/site-packages/django/core/handlers/exception.py", line 55, in inner
    response = get_response(request)
               ^^^^^^^^^^^^^^^^^^^^^
  File "/var/www/kalakar/venv/lib/python3.12/site-packages/django/utils/deprecation.py", line 131, in __call__
    response = self.process_response(request, response)
               ^^^^^^^^^^^^^^^^^^^^^^^^^^^^^^^^^^^^^^^^
  File "/var/www/kalakar/venv/lib/python3.12/site-packages/django/middleware/common.py", line 108, in process_response
    return self.response_redirect_class(self.get_full_path_with_slash(request))
                                        ^^^^^^^^^^^^^^^^^^^^^^^^^^^^^^^^^^^^^^
  File "/var/www/kalakar/venv/lib/python3.12/site-packages/django/middleware/common.py", line 87, in get_full_path_with_slash
    raise RuntimeError(
RuntimeError: You called this URL via POST, but the URL doesn't end in a slash and you have APPEND_SLASH set. Django can't redirect to the slash URL while maintaining POST data. Change your form to point to kalagurubyirarangoliarts.com/payment/callback/ (note the trailing slash), or set APPEND_SLASH=False in your Django settings.
[21/Mar/2025 00:58:41] "POST /payment/callback HTTP/1.0" 500 66854
Internal Server Error: /payment/callback
Traceback (most recent call last):
  File "/var/www/kalakar/venv/lib/python3.12/site-packages/django/core/handlers/exception.py", line 55, in inner
    response = get_response(request)
               ^^^^^^^^^^^^^^^^^^^^^
  File "/var/www/kalakar/venv/lib/python3.12/site-packages/django/utils/deprecation.py", line 131, in __call__
    response = self.process_response(request, response)
               ^^^^^^^^^^^^^^^^^^^^^^^^^^^^^^^^^^^^^^^^
  File "/var/www/kalakar/venv/lib/python3.12/site-packages/django/middleware/common.py", line 108, in process_response
    return self.response_redirect_class(self.get_full_path_with_slash(request))
                                        ^^^^^^^^^^^^^^^^^^^^^^^^^^^^^^^^^^^^^^
  File "/var/www/kalakar/venv/lib/python3.12/site-packages/django/middleware/common.py", line 87, in get_full_path_with_slash
    raise RuntimeError(
RuntimeError: You called this URL via POST, but the URL doesn't end in a slash and you have APPEND_SLASH set. Django can't redirect to the slash URL while maintaining POST data. Change your form to point to kalagurubyirarangoliarts.com/payment/callback/ (note the trailing slash), or set APPEND_SLASH=False in your Django settings.
[21/Mar/2025 00:58:42] "POST /payment/callback HTTP/1.0" 500 66852
[21/Mar/2025 01:07:52] "POST /payment/callback/ HTTP/1.0" 200 54
Invalid HTTP_HOST header: 'www.kalagurubyirarangoliarts.com'. You may need to add 'www.kalagurubyirarangoliarts.com' to ALLOWED_HOSTS.
Traceback (most recent call last):
  File "/var/www/kalakar/venv/lib/python3.12/site-packages/django/core/handlers/exception.py", line 55, in inner
    response = get_response(request)
               ^^^^^^^^^^^^^^^^^^^^^
  File "/var/www/kalakar/venv/lib/python3.12/site-packages/django/utils/deprecation.py", line 128, in __call__
    response = self.process_request(request)
               ^^^^^^^^^^^^^^^^^^^^^^^^^^^^^
  File "/var/www/kalakar/venv/lib/python3.12/site-packages/django/middleware/common.py", line 48, in process_request
    host = request.get_host()
           ^^^^^^^^^^^^^^^^^^
  File "/var/www/kalakar/venv/lib/python3.12/site-packages/django/http/request.py", line 151, in get_host
    raise DisallowedHost(msg)
django.core.exceptions.DisallowedHost: Invalid HTTP_HOST header: 'www.kalagurubyirarangoliarts.com'. You may need to add 'www.kalagurubyirarangoliarts.com' to ALLOWED_HOSTS.
Bad Request: /
[21/Mar/2025 01:09:24] "GET / HTTP/1.0" 400 66118
[21/Mar/2025 01:10:26] "POST /payment/callback/ HTTP/1.0" 200 54
[21/Mar/2025 01:13:02] "POST /payment/callback/ HTTP/1.0" 200 54
Invalid HTTP_HOST header: 'www.kalagurubyirarangoliarts.com'. You may need to add 'www.kalagurubyirarangoliarts.com' to ALLOWED_HOSTS.
Traceback (most recent call last):
  File "/var/www/kalakar/venv/lib/python3.12/site-packages/django/core/handlers/exception.py", line 55, in inner
    response = get_response(request)
               ^^^^^^^^^^^^^^^^^^^^^
  File "/var/www/kalakar/venv/lib/python3.12/site-packages/django/utils/deprecation.py", line 128, in __call__
    response = self.process_request(request)
               ^^^^^^^^^^^^^^^^^^^^^^^^^^^^^
  File "/var/www/kalakar/venv/lib/python3.12/site-packages/django/middleware/common.py", line 48, in process_request
    host = request.get_host()
           ^^^^^^^^^^^^^^^^^^
  File "/var/www/kalakar/venv/lib/python3.12/site-packages/django/http/request.py", line 151, in get_host
    raise DisallowedHost(msg)
django.core.exceptions.DisallowedHost: Invalid HTTP_HOST header: 'www.kalagurubyirarangoliarts.com'. You may need to add 'www.kalagurubyirarangoliarts.com' to ALLOWED_HOSTS.
Bad Request: /
[21/Mar/2025 01:13:13] "GET / HTTP/1.0" 400 66143
[21/Mar/2025 01:15:40] "POST /payment/callback/ HTTP/1.0" 200 54
[21/Mar/2025 01:18:24] "POST /payment/callback/ HTTP/1.0" 200 54
[21/Mar/2025 01:20:38] "GET / HTTP/1.0" 200 49842
[21/Mar/2025 01:20:40] "GET /about/ HTTP/1.0" 200 48780
[21/Mar/2025 01:20:40] "GET /blog/ HTTP/1.0" 200 48780
[21/Mar/2025 01:20:40] "GET /cart/ HTTP/1.0" 200 48780
[21/Mar/2025 01:20:40] "GET /contact/ HTTP/1.0" 200 48780
[21/Mar/2025 01:20:40] "GET /faq/ HTTP/1.0" 200 40006
[21/Mar/2025 01:20:41] "GET /index.php HTTP/1.0" 301 0
Not Found: /index.php/return-policy
[21/Mar/2025 01:20:41] "GET /index.php/return-policy HTTP/1.0" 404 4638
Not Found: /index.php/terms-and-conditions
[21/Mar/2025 01:20:41] "GET /index.php/terms-and-conditions HTTP/1.0" 404 4659
[21/Mar/2025 01:20:41] "GET /index.php/ HTTP/1.0" 200 48780
[21/Mar/2025 01:20:55] "POST /payment/callback/ HTTP/1.0" 200 54
[21/Mar/2025 01:23:32] "POST /payment/callback/ HTTP/1.0" 200 54
[21/Mar/2025 01:24:31] "GET /robots.txt HTTP/1.0" 301 0
[21/Mar/2025 01:24:32] "GET /robots.txt/ HTTP/1.0" 200 48780
[21/Mar/2025 01:26:15] "POST /payment/callback/ HTTP/1.0" 200 54
[21/Mar/2025 01:28:53] "POST /payment/callback/ HTTP/1.0" 200 54
Not Found: /partymgr/control/main
[21/Mar/2025 01:29:22] "GET /partymgr/control/main HTTP/1.0" 404 4617
[21/Mar/2025 01:31:30] "POST /payment/callback/ HTTP/1.0" 200 54
[21/Mar/2025 01:34:14] "POST /payment/callback/ HTTP/1.0" 200 54
[21/Mar/2025 01:36:29] "POST /payment/callback/ HTTP/1.0" 200 54
[21/Mar/2025 01:38:47] "POST /payment/callback/ HTTP/1.0" 200 54
[21/Mar/2025 01:41:35] "POST /payment/callback/ HTTP/1.0" 200 54
[21/Mar/2025 01:43:35] "GET / HTTP/1.0" 200 49842
[21/Mar/2025 01:43:35] "GET / HTTP/1.0" 200 49842
[21/Mar/2025 01:44:12] "POST /payment/callback/ HTTP/1.0" 200 54
[21/Mar/2025 01:44:17] "GET / HTTP/1.0" 200 49842
[21/Mar/2025 01:44:40] "GET /.env HTTP/1.0" 301 0
[21/Mar/2025 01:46:08] "POST /payment/callback/ HTTP/1.0" 200 54
[21/Mar/2025 01:48:43] "POST /payment/callback/ HTTP/1.0" 200 54
[21/Mar/2025 01:51:12] "POST /payment/callback/ HTTP/1.0" 200 54
[21/Mar/2025 01:53:32] "POST /payment/callback/ HTTP/1.0" 200 54
[21/Mar/2025 01:56:14] "POST /payment/callback/ HTTP/1.0" 200 54
[21/Mar/2025 01:58:50] "POST /payment/callback/ HTTP/1.0" 200 54
[21/Mar/2025 02:01:34] "POST /payment/callback/ HTTP/1.0" 200 54
[21/Mar/2025 02:03:55] "POST /payment/callback/ HTTP/1.0" 200 54
[21/Mar/2025 02:06:36] "POST /payment/callback/ HTTP/1.0" 200 54
[21/Mar/2025 02:07:33] "GET / HTTP/1.0" 200 49842
[21/Mar/2025 02:09:10] "POST /payment/callback/ HTTP/1.0" 200 54
[21/Mar/2025 02:11:45] "POST /payment/callback/ HTTP/1.0" 200 54
[21/Mar/2025 02:14:26] "POST /payment/callback/ HTTP/1.0" 200 54
[21/Mar/2025 02:17:10] "POST /payment/callback/ HTTP/1.0" 200 54
Internal Server Error: /payment/callback
Traceback (most recent call last):
  File "/var/www/kalakar/venv/lib/python3.12/site-packages/django/core/handlers/exception.py", line 55, in inner
    response = get_response(request)
               ^^^^^^^^^^^^^^^^^^^^^
  File "/var/www/kalakar/venv/lib/python3.12/site-packages/django/utils/deprecation.py", line 131, in __call__
    response = self.process_response(request, response)
               ^^^^^^^^^^^^^^^^^^^^^^^^^^^^^^^^^^^^^^^^
  File "/var/www/kalakar/venv/lib/python3.12/site-packages/django/middleware/common.py", line 108, in process_response
    return self.response_redirect_class(self.get_full_path_with_slash(request))
                                        ^^^^^^^^^^^^^^^^^^^^^^^^^^^^^^^^^^^^^^
  File "/var/www/kalakar/venv/lib/python3.12/site-packages/django/middleware/common.py", line 87, in get_full_path_with_slash
    raise RuntimeError(
RuntimeError: You called this URL via POST, but the URL doesn't end in a slash and you have APPEND_SLASH set. Django can't redirect to the slash URL while maintaining POST data. Change your form to point to kalagurubyirarangoliarts.com/payment/callback/ (note the trailing slash), or set APPEND_SLASH=False in your Django settings.
[21/Mar/2025 02:17:15] "POST /payment/callback HTTP/1.0" 500 66854
Internal Server Error: /payment/callback
Traceback (most recent call last):
  File "/var/www/kalakar/venv/lib/python3.12/site-packages/django/core/handlers/exception.py", line 55, in inner
    response = get_response(request)
               ^^^^^^^^^^^^^^^^^^^^^
  File "/var/www/kalakar/venv/lib/python3.12/site-packages/django/utils/deprecation.py", line 131, in __call__
    response = self.process_response(request, response)
               ^^^^^^^^^^^^^^^^^^^^^^^^^^^^^^^^^^^^^^^^
  File "/var/www/kalakar/venv/lib/python3.12/site-packages/django/middleware/common.py", line 108, in process_response
    return self.response_redirect_class(self.get_full_path_with_slash(request))
                                        ^^^^^^^^^^^^^^^^^^^^^^^^^^^^^^^^^^^^^^
  File "/var/www/kalakar/venv/lib/python3.12/site-packages/django/middleware/common.py", line 87, in get_full_path_with_slash
    raise RuntimeError(
RuntimeError: You called this URL via POST, but the URL doesn't end in a slash and you have APPEND_SLASH set. Django can't redirect to the slash URL while maintaining POST data. Change your form to point to kalagurubyirarangoliarts.com/payment/callback/ (note the trailing slash), or set APPEND_SLASH=False in your Django settings.
[21/Mar/2025 02:17:15] "POST /payment/callback HTTP/1.0" 500 66854
[21/Mar/2025 02:19:42] "POST /payment/callback/ HTTP/1.0" 200 54
Internal Server Error: /payment/callback
Traceback (most recent call last):
  File "/var/www/kalakar/venv/lib/python3.12/site-packages/django/core/handlers/exception.py", line 55, in inner
    response = get_response(request)
               ^^^^^^^^^^^^^^^^^^^^^
  File "/var/www/kalakar/venv/lib/python3.12/site-packages/django/utils/deprecation.py", line 131, in __call__
    response = self.process_response(request, response)
               ^^^^^^^^^^^^^^^^^^^^^^^^^^^^^^^^^^^^^^^^
  File "/var/www/kalakar/venv/lib/python3.12/site-packages/django/middleware/common.py", line 108, in process_response
    return self.response_redirect_class(self.get_full_path_with_slash(request))
                                        ^^^^^^^^^^^^^^^^^^^^^^^^^^^^^^^^^^^^^^
  File "/var/www/kalakar/venv/lib/python3.12/site-packages/django/middleware/common.py", line 87, in get_full_path_with_slash
    raise RuntimeError(
RuntimeError: You called this URL via POST, but the URL doesn't end in a slash and you have APPEND_SLASH set. Django can't redirect to the slash URL while maintaining POST data. Change your form to point to kalagurubyirarangoliarts.com/payment/callback/ (note the trailing slash), or set APPEND_SLASH=False in your Django settings.
[21/Mar/2025 02:20:18] "POST /payment/callback HTTP/1.0" 500 66852
Internal Server Error: /payment/callback
Traceback (most recent call last):
  File "/var/www/kalakar/venv/lib/python3.12/site-packages/django/core/handlers/exception.py", line 55, in inner
    response = get_response(request)
               ^^^^^^^^^^^^^^^^^^^^^
  File "/var/www/kalakar/venv/lib/python3.12/site-packages/django/utils/deprecation.py", line 131, in __call__
    response = self.process_response(request, response)
               ^^^^^^^^^^^^^^^^^^^^^^^^^^^^^^^^^^^^^^^^
  File "/var/www/kalakar/venv/lib/python3.12/site-packages/django/middleware/common.py", line 108, in process_response
    return self.response_redirect_class(self.get_full_path_with_slash(request))
                                        ^^^^^^^^^^^^^^^^^^^^^^^^^^^^^^^^^^^^^^
  File "/var/www/kalakar/venv/lib/python3.12/site-packages/django/middleware/common.py", line 87, in get_full_path_with_slash
    raise RuntimeError(
RuntimeError: You called this URL via POST, but the URL doesn't end in a slash and you have APPEND_SLASH set. Django can't redirect to the slash URL while maintaining POST data. Change your form to point to kalagurubyirarangoliarts.com/payment/callback/ (note the trailing slash), or set APPEND_SLASH=False in your Django settings.
[21/Mar/2025 02:20:18] "POST /payment/callback HTTP/1.0" 500 66854
[21/Mar/2025 02:22:20] "POST /payment/callback/ HTTP/1.0" 200 54
[21/Mar/2025 02:25:04] "POST /payment/callback/ HTTP/1.0" 200 54
[21/Mar/2025 02:27:21] "POST /payment/callback/ HTTP/1.0" 200 54
[21/Mar/2025 02:30:12] "POST /payment/callback/ HTTP/1.0" 200 54
[21/Mar/2025 02:41:54] "GET / HTTP/1.0" 200 49842
[21/Mar/2025 02:48:30] "GET / HTTP/1.0" 200 49842
[21/Mar/2025 02:48:32] "GET /th1s_1s_a_4o4.html HTTP/1.0" 301 0
[21/Mar/2025 02:48:33] "GET /th1s_1s_a_4o4.html/ HTTP/1.0" 200 48780
[21/Mar/2025 02:48:36] "GET /instructor-detail/ HTTP/1.0" 200 48780
[21/Mar/2025 02:48:37] "GET /index-dark/ HTTP/1.0" 200 48780
[21/Mar/2025 02:48:38] "GET /home-2-dark/ HTTP/1.0" 200 48780
[21/Mar/2025 02:48:40] "GET /instructor-dark/ HTTP/1.0" 200 48780
[21/Mar/2025 02:48:41] "GET /home-9-dark/ HTTP/1.0" 200 48780
[21/Mar/2025 02:48:42] "GET /blog/ HTTP/1.0" 200 48780
[21/Mar/2025 02:48:44] "GET /home-2/ HTTP/1.0" 200 48780
[21/Mar/2025 02:48:46] "GET /student-reviews/ HTTP/1.0" 200 48780
[21/Mar/2025 02:48:48] "GET /instructor-reviews/ HTTP/1.0" 200 48780
[21/Mar/2025 02:48:49] "GET /maintenance-dark/ HTTP/1.0" 200 48780
[21/Mar/2025 02:53:56] "POST /payment/callback/ HTTP/1.0" 200 54
Not Found: /.git/config
[21/Mar/2025 02:55:40] "GET /.git/config HTTP/1.0" 404 4587
[21/Mar/2025 03:03:08] "POST /payment/callback/ HTTP/1.0" 200 54
[21/Mar/2025 03:11:18] "GET / HTTP/1.0" 200 49842
[21/Mar/2025 03:19:48] "POST /payment/callback/ HTTP/1.0" 200 54
[21/Mar/2025 03:22:34] "POST /payment/callback/ HTTP/1.0" 200 54
[21/Mar/2025 03:26:29] "POST /payment/callback/ HTTP/1.0" 200 54
[21/Mar/2025 03:33:34] "POST /payment/callback/ HTTP/1.0" 200 54
Internal Server Error: /payment/callback
Traceback (most recent call last):
  File "/var/www/kalakar/venv/lib/python3.12/site-packages/django/core/handlers/exception.py", line 55, in inner
    response = get_response(request)
               ^^^^^^^^^^^^^^^^^^^^^
  File "/var/www/kalakar/venv/lib/python3.12/site-packages/django/utils/deprecation.py", line 131, in __call__
    response = self.process_response(request, response)
               ^^^^^^^^^^^^^^^^^^^^^^^^^^^^^^^^^^^^^^^^
  File "/var/www/kalakar/venv/lib/python3.12/site-packages/django/middleware/common.py", line 108, in process_response
    return self.response_redirect_class(self.get_full_path_with_slash(request))
                                        ^^^^^^^^^^^^^^^^^^^^^^^^^^^^^^^^^^^^^^
  File "/var/www/kalakar/venv/lib/python3.12/site-packages/django/middleware/common.py", line 87, in get_full_path_with_slash
    raise RuntimeError(
RuntimeError: You called this URL via POST, but the URL doesn't end in a slash and you have APPEND_SLASH set. Django can't redirect to the slash URL while maintaining POST data. Change your form to point to kalagurubyirarangoliarts.com/payment/callback/ (note the trailing slash), or set APPEND_SLASH=False in your Django settings.
Internal Server Error: /payment/callback
Traceback (most recent call last):
  File "/var/www/kalakar/venv/lib/python3.12/site-packages/django/core/handlers/exception.py", line 55, in inner
    response = get_response(request)
               ^^^^^^^^^^^^^^^^^^^^^
  File "/var/www/kalakar/venv/lib/python3.12/site-packages/django/utils/deprecation.py", line 131, in __call__
    response = self.process_response(request, response)
               ^^^^^^^^^^^^^^^^^^^^^^^^^^^^^^^^^^^^^^^^
  File "/var/www/kalakar/venv/lib/python3.12/site-packages/django/middleware/common.py", line 108, in process_response
    return self.response_redirect_class(self.get_full_path_with_slash(request))
                                        ^^^^^^^^^^^^^^^^^^^^^^^^^^^^^^^^^^^^^^
  File "/var/www/kalakar/venv/lib/python3.12/site-packages/django/middleware/common.py", line 87, in get_full_path_with_slash
    raise RuntimeError(
RuntimeError: You called this URL via POST, but the URL doesn't end in a slash and you have APPEND_SLASH set. Django can't redirect to the slash URL while maintaining POST data. Change your form to point to kalagurubyirarangoliarts.com/payment/callback/ (note the trailing slash), or set APPEND_SLASH=False in your Django settings.
[21/Mar/2025 03:56:37] "POST /payment/callback HTTP/1.0" 500 66852
[21/Mar/2025 03:56:37] "POST /payment/callback HTTP/1.0" 500 66852
Internal Server Error: /payment/callback
Traceback (most recent call last):
  File "/var/www/kalakar/venv/lib/python3.12/site-packages/django/core/handlers/exception.py", line 55, in inner
    response = get_response(request)
               ^^^^^^^^^^^^^^^^^^^^^
  File "/var/www/kalakar/venv/lib/python3.12/site-packages/django/utils/deprecation.py", line 131, in __call__
    response = self.process_response(request, response)
               ^^^^^^^^^^^^^^^^^^^^^^^^^^^^^^^^^^^^^^^^
  File "/var/www/kalakar/venv/lib/python3.12/site-packages/django/middleware/common.py", line 108, in process_response
    return self.response_redirect_class(self.get_full_path_with_slash(request))
                                        ^^^^^^^^^^^^^^^^^^^^^^^^^^^^^^^^^^^^^^
  File "/var/www/kalakar/venv/lib/python3.12/site-packages/django/middleware/common.py", line 87, in get_full_path_with_slash
    raise RuntimeError(
RuntimeError: You called this URL via POST, but the URL doesn't end in a slash and you have APPEND_SLASH set. Django can't redirect to the slash URL while maintaining POST data. Change your form to point to kalagurubyirarangoliarts.com/payment/callback/ (note the trailing slash), or set APPEND_SLASH=False in your Django settings.
[21/Mar/2025 03:58:49] "POST /payment/callback HTTP/1.0" 500 66852
Internal Server Error: /payment/callback
Traceback (most recent call last):
  File "/var/www/kalakar/venv/lib/python3.12/site-packages/django/core/handlers/exception.py", line 55, in inner
    response = get_response(request)
               ^^^^^^^^^^^^^^^^^^^^^
  File "/var/www/kalakar/venv/lib/python3.12/site-packages/django/utils/deprecation.py", line 131, in __call__
    response = self.process_response(request, response)
               ^^^^^^^^^^^^^^^^^^^^^^^^^^^^^^^^^^^^^^^^
  File "/var/www/kalakar/venv/lib/python3.12/site-packages/django/middleware/common.py", line 108, in process_response
    return self.response_redirect_class(self.get_full_path_with_slash(request))
                                        ^^^^^^^^^^^^^^^^^^^^^^^^^^^^^^^^^^^^^^
  File "/var/www/kalakar/venv/lib/python3.12/site-packages/django/middleware/common.py", line 87, in get_full_path_with_slash
    raise RuntimeError(
RuntimeError: You called this URL via POST, but the URL doesn't end in a slash and you have APPEND_SLASH set. Django can't redirect to the slash URL while maintaining POST data. Change your form to point to kalagurubyirarangoliarts.com/payment/callback/ (note the trailing slash), or set APPEND_SLASH=False in your Django settings.
[21/Mar/2025 03:58:49] "POST /payment/callback HTTP/1.0" 500 66852
[21/Mar/2025 04:19:50] "GET / HTTP/1.0" 200 49842
[21/Mar/2025 04:19:54] "GET /admin/ HTTP/1.0" 302 0
[21/Mar/2025 04:19:54] "GET /admin/login/?next=/admin/ HTTP/1.0" 200 4160
[21/Mar/2025 04:19:55] "GET /favicon.ico HTTP/1.0" 301 0
[21/Mar/2025 04:19:55] "GET /favicon.ico/ HTTP/1.0" 200 48780
[21/Mar/2025 04:20:07] "POST /admin/login/?next=/admin/ HTTP/1.0" 200 4321
[21/Mar/2025 04:20:07] "GET /favicon.ico/ HTTP/1.0" 200 48780
[21/Mar/2025 04:20:20] "POST /admin/login/?next=/admin/ HTTP/1.0" 302 0
[21/Mar/2025 04:20:20] "GET /admin/ HTTP/1.0" 200 15104
[21/Mar/2025 04:20:20] "GET /favicon.ico/ HTTP/1.0" 200 48780
[21/Mar/2025 04:20:24] "GET /admin/accounts/user/ HTTP/1.0" 200 27121
[21/Mar/2025 04:20:24] "GET /admin/jsi18n/ HTTP/1.0" 200 3342
[21/Mar/2025 04:20:24] "GET /favicon.ico/ HTTP/1.0" 200 48780
[21/Mar/2025 04:20:50] "GET /accounts/login/ HTTP/1.0" 200 49298
[21/Mar/2025 04:20:52] "GET /accounts/password-reset/ HTTP/1.0" 200 37508
[21/Mar/2025 04:20:57] "POST /accounts/password-reset/ HTTP/1.0" 302 0
[21/Mar/2025 04:20:57] "GET /accounts/password-reset/done/ HTTP/1.0" 200 36924
[21/Mar/2025 04:21:10] "GET /accounts/password-reset/OA/cmzyqu-d64d60a6c0af71eafb19d95780e91b99/ HTTP/1.0" 302 0
[21/Mar/2025 04:21:10] "GET /accounts/password-reset/OA/set-password/ HTTP/1.0" 200 38177
[21/Mar/2025 04:21:24] "POST /accounts/password-reset/OA/set-password/ HTTP/1.0" 302 0
[21/Mar/2025 04:21:24] "GET /accounts/reset_complete/done/ HTTP/1.0" 200 36992
[21/Mar/2025 04:21:25] "GET /accounts/login/ HTTP/1.0" 200 49298
Internal Server Error: /accounts/password-reset/OA/cmzyqu-d64d60a6c0af71eafb19d95780e91b99/
Traceback (most recent call last):
  File "/var/www/kalakar/venv/lib/python3.12/site-packages/django/core/handlers/exception.py", line 55, in inner
    response = get_response(request)
               ^^^^^^^^^^^^^^^^^^^^^
  File "/var/www/kalakar/venv/lib/python3.12/site-packages/django/core/handlers/base.py", line 220, in _get_response
    response = response.render()
               ^^^^^^^^^^^^^^^^^
  File "/var/www/kalakar/venv/lib/python3.12/site-packages/django/template/response.py", line 114, in render
    self.content = self.rendered_content
                   ^^^^^^^^^^^^^^^^^^^^^
  File "/var/www/kalakar/venv/lib/python3.12/site-packages/django/template/response.py", line 92, in rendered_content
    return template.render(context, self._request)
           ^^^^^^^^^^^^^^^^^^^^^^^^^^^^^^^^^^^^^^^
  File "/var/www/kalakar/venv/lib/python3.12/site-packages/django/template/backends/django.py", line 107, in render
    return self.template.render(context)
           ^^^^^^^^^^^^^^^^^^^^^^^^^^^^^
  File "/var/www/kalakar/venv/lib/python3.12/site-packages/django/template/base.py", line 171, in render
    return self._render(context)
           ^^^^^^^^^^^^^^^^^^^^^
  File "/var/www/kalakar/venv/lib/python3.12/site-packages/django/template/base.py", line 163, in _render
    return self.nodelist.render(context)
           ^^^^^^^^^^^^^^^^^^^^^^^^^^^^^
  File "/var/www/kalakar/venv/lib/python3.12/site-packages/django/template/base.py", line 1008, in render
    return SafeString("".join([node.render_annotated(context) for node in self]))
                               ^^^^^^^^^^^^^^^^^^^^^^^^^^^^^^
  File "/var/www/kalakar/venv/lib/python3.12/site-packages/django/template/base.py", line 969, in render_annotated
    return self.render(context)
           ^^^^^^^^^^^^^^^^^^^^
  File "/var/www/kalakar/venv/lib/python3.12/site-packages/django/template/loader_tags.py", line 159, in render
    return compiled_parent._render(context)
           ^^^^^^^^^^^^^^^^^^^^^^^^^^^^^^^^
  File "/var/www/kalakar/venv/lib/python3.12/site-packages/django/template/base.py", line 163, in _render
    return self.nodelist.render(context)
           ^^^^^^^^^^^^^^^^^^^^^^^^^^^^^
  File "/var/www/kalakar/venv/lib/python3.12/site-packages/django/template/base.py", line 1008, in render
    return SafeString("".join([node.render_annotated(context) for node in self]))
                               ^^^^^^^^^^^^^^^^^^^^^^^^^^^^^^
  File "/var/www/kalakar/venv/lib/python3.12/site-packages/django/template/base.py", line 969, in render_annotated
    return self.render(context)
           ^^^^^^^^^^^^^^^^^^^^
  File "/var/www/kalakar/venv/lib/python3.12/site-packages/django/template/loader_tags.py", line 65, in render
    result = block.nodelist.render(context)
             ^^^^^^^^^^^^^^^^^^^^^^^^^^^^^^
  File "/var/www/kalakar/venv/lib/python3.12/site-packages/django/template/base.py", line 1008, in render
    return SafeString("".join([node.render_annotated(context) for node in self]))
                               ^^^^^^^^^^^^^^^^^^^^^^^^^^^^^^
  File "/var/www/kalakar/venv/lib/python3.12/site-packages/django/template/base.py", line 969, in render_annotated
    return self.render(context)
           ^^^^^^^^^^^^^^^^^^^^
  File "/var/www/kalakar/venv/lib/python3.12/site-packages/django/template/library.py", line 237, in render
    output = self.func(*resolved_args, **resolved_kwargs)
             ^^^^^^^^^^^^^^^^^^^^^^^^^^^^^^^^^^^^^^^^^^^^
  File "/var/www/kalakar/venv/lib/python3.12/site-packages/django_bootstrap5/templatetags/django_bootstrap5.py", line 318, in bootstrap_form
    return render_form(form, **kwargs)
           ^^^^^^^^^^^^^^^^^^^^^^^^^^^
  File "/var/www/kalakar/venv/lib/python3.12/site-packages/django_bootstrap5/forms.py", line 20, in render_form
    return renderer_cls(form, **kwargs).render()
           ^^^^^^^^^^^^^^^^^^^^^^^^^^^^
  File "/var/www/kalakar/venv/lib/python3.12/site-packages/django_bootstrap5/renderers.py", line 158, in __init__
    raise TypeError('Parameter "form" should contain a valid Django Form.')
TypeError: Parameter "form" should contain a valid Django Form.
[21/Mar/2025 04:21:25] "GET /accounts/password-reset/OA/cmzyqu-d64d60a6c0af71eafb19d95780e91b99/ HTTP/1.0" 500 169113
[21/Mar/2025 04:21:48] "POST /accounts/login/ HTTP/1.0" 302 0
[21/Mar/2025 04:21:48] "GET /accounts/dashboard/ HTTP/1.0" 200 39389
[21/Mar/2025 04:21:59] "GET /accounts/dashboard/ HTTP/1.0" 200 40088
[21/Mar/2025 04:27:05] "GET / HTTP/1.0" 200 49842
[21/Mar/2025 04:27:07] "GET / HTTP/1.0" 200 49842
[21/Mar/2025 04:27:20] "GET /about/ HTTP/1.0" 200 48780
[21/Mar/2025 04:27:20] "GET /maintenance/ HTTP/1.0" 200 48780
[21/Mar/2025 04:27:21] "GET /admin-quiz/ HTTP/1.0" 200 48780
[21/Mar/2025 04:27:21] "GET /student-quiz/ HTTP/1.0" 200 48780
[21/Mar/2025 04:27:22] "GET /course-details-2/ HTTP/1.0" 200 48780
[21/Mar/2025 04:27:22] "GET /instructor-reviews/ HTTP/1.0" 200 48780
[21/Mar/2025 04:27:23] "GET /student-message/ HTTP/1.0" 200 48780
[21/Mar/2025 04:27:23] "GET /admin-message/ HTTP/1.0" 200 48780
[21/Mar/2025 04:27:25] "GET /student-settings/ HTTP/1.0" 200 48780
[21/Mar/2025 04:27:25] "GET /student-profile/ HTTP/1.0" 200 48780
[21/Mar/2025 04:27:26] "GET /instructor-order-history/ HTTP/1.0" 200 48780
[21/Mar/2025 04:27:26] "GET /home-7-dark/ HTTP/1.0" 200 48780
[21/Mar/2025 04:27:27] "GET /faq/ HTTP/1.0" 200 40006
[21/Mar/2025 04:27:27] "GET /home-3-dark/ HTTP/1.0" 200 48780
[21/Mar/2025 04:27:28] "GET /course-dark/ HTTP/1.0" 200 48780
[21/Mar/2025 04:27:28] "GET /error-dark/ HTTP/1.0" 200 48780
[21/Mar/2025 04:27:29] "GET /admin-dashboard/ HTTP/1.0" 200 48780
[21/Mar/2025 04:27:29] "GET /instructor-annoucements/ HTTP/1.0" 200 48780
[21/Mar/2025 04:27:30] "GET /instructor-wishlist/ HTTP/1.0" 200 48780
[21/Mar/2025 04:27:30] "GET /become-an-instructor/ HTTP/1.0" 200 48780
[21/Mar/2025 04:27:31] "GET /course/ HTTP/1.0" 200 48780
[21/Mar/2025 04:27:31] "GET /course-details-2-dark/ HTTP/1.0" 200 48780
[21/Mar/2025 04:27:32] "GET /privacy_policy/ HTTP/1.0" 200 40015
[21/Mar/2025 04:27:32] "GET /instructor-quiz/ HTTP/1.0" 200 48780
[21/Mar/2025 04:27:35] "GET /robots.txt HTTP/1.0" 301 0
[21/Mar/2025 04:27:36] "GET /robots.txt/ HTTP/1.0" 200 48780
[21/Mar/2025 04:36:46] code 400, message Bad request version ('À\x14À')
[21/Mar/2025 04:36:46] You're accessing the development server over HTTPS, but it only supports HTTP.
[21/Mar/2025 04:36:47] code 400, message Bad request syntax ('\x16\x03\x01\x00{\x01\x00\x00w\x03\x03@³>¡i+\x8aÖ`%æÃ[\x04A\x11\\\x0eçí\x08<\x90LÏ·N\x83\x83·#')
[21/Mar/2025 04:36:47] You're accessing the development server over HTTPS, but it only supports HTTP.
[21/Mar/2025 04:36:47] "GET / HTTP/1.1" 200 49842
[21/Mar/2025 04:36:48] "GET /login HTTP/1.1" 301 0
[21/Mar/2025 04:36:48] "GET /login/ HTTP/1.1" 200 48780
[21/Mar/2025 04:57:23] "POST /payment/callback/ HTTP/1.0" 200 54
[21/Mar/2025 05:01:26] "GET /accounts/dashboard/ HTTP/1.0" 200 40462
[21/Mar/2025 05:01:30] "GET /accounts/dashboard/ HTTP/1.0" 200 40462
[21/Mar/2025 05:02:32] "GET /accounts/dashboard/ HTTP/1.0" 200 40461
[21/Mar/2025 05:02:37] "GET /accounts/dashboard/ HTTP/1.0" 200 40461
[21/Mar/2025 05:02:38] "POST /payment/callback/ HTTP/1.0" 200 54
[21/Mar/2025 05:06:10] "GET /accounts/dashboard/ HTTP/1.0" 200 40456
Not Found: /accounts/dashboard/static/img/dashboardicons/courseicon.png
[21/Mar/2025 05:06:10] "GET /accounts/dashboard/static/img/dashboardicons/courseicon.png HTTP/1.0" 404 9847
[21/Mar/2025 05:07:28] "GET /favicon.ico/ HTTP/1.0" 200 48780
[21/Mar/2025 05:08:20] "POST /payment/callback/ HTTP/1.0" 200 54
Not Found: /var/www/kalakar/src/static/img/dashboardicons/logouticon.png
[21/Mar/2025 05:09:36] "GET /var/www/kalakar/src/static/img/dashboardicons/logouticon.png HTTP/1.0" 404 4749
[21/Mar/2025 05:09:36] "GET /favicon.ico/ HTTP/1.0" 200 48780
[21/Mar/2025 05:12:03] "GET /accounts/dashboard/ HTTP/1.0" 200 40118
Not Found: /accounts/dashboard/static/img/dashboardicons/courseicon.png
[21/Mar/2025 05:12:03] "GET /accounts/dashboard/static/img/dashboardicons/courseicon.png HTTP/1.0" 404 9847
[21/Mar/2025 05:14:21] "GET /accounts/dashboard/ HTTP/1.0" 200 40628
Not Found: /accounts/dashboard/static/img/dashboardicons/courseicon.png
[21/Mar/2025 05:14:22] "GET /accounts/dashboard/static/img/dashboardicons/courseicon.png HTTP/1.0" 404 9847
Method Not Allowed (GET): /accounts/accounts/logout/
Method Not Allowed: /accounts/accounts/logout/
[21/Mar/2025 05:14:31] "GET /accounts/accounts/logout/ HTTP/1.0" 405 0
[21/Mar/2025 05:16:11] "GET /accounts/dashboard/ HTTP/1.0" 200 41058
Not Found: /accounts/dashboard/static/img/dashboardicons/courseicon.png
[21/Mar/2025 05:16:12] "GET /accounts/dashboard/static/img/dashboardicons/courseicon.png HTTP/1.0" 404 9847
[21/Mar/2025 05:17:51] "GET /accounts/dashboard/ HTTP/1.0" 200 41094
Not Found: /accounts/dashboard/static/img/dashboardicons/courseicon.png
[21/Mar/2025 05:17:52] "GET /accounts/dashboard/static/img/dashboardicons/courseicon.png HTTP/1.0" 404 9847
[21/Mar/2025 05:17:54] "POST /accounts/accounts/logout/ HTTP/1.0" 302 0
[21/Mar/2025 05:17:55] "GET /accounts/login/ HTTP/1.0" 200 49635
[21/Mar/2025 05:18:00] "GET /accounts/login/ HTTP/1.0" 200 49635
[21/Mar/2025 05:18:21] "POST /accounts/login/ HTTP/1.0" 302 0
[21/Mar/2025 05:18:21] "GET /accounts/dashboard/ HTTP/1.0" 200 41094
Not Found: /accounts/dashboard/static/img/dashboardicons/courseicon.png
[21/Mar/2025 05:18:21] "GET /accounts/dashboard/static/img/dashboardicons/courseicon.png HTTP/1.0" 404 9847
[21/Mar/2025 05:19:23] "GET /accounts/dashboard/ HTTP/1.0" 200 39869
Not Found: /accounts/dashboard/static/img/dashboardicons/courseicon.png
[21/Mar/2025 05:19:23] "GET /accounts/dashboard/static/img/dashboardicons/courseicon.png HTTP/1.0" 404 9847
[21/Mar/2025 05:19:30] "GET /accounts/login/?next=/ HTTP/1.0" 200 49636
[21/Mar/2025 05:19:31] "GET /accounts/login/?next=/ HTTP/1.0" 200 49636
[21/Mar/2025 05:19:32] "GET /accounts/login/?next=/ HTTP/1.0" 200 49636
[21/Mar/2025 05:19:46] "GET /accounts/login/?next=/ HTTP/1.0" 200 48407
[21/Mar/2025 05:19:51] "GET /accounts/login/?next=/ HTTP/1.0" 200 48407
[21/Mar/2025 05:19:58] "GET / HTTP/1.0" 200 48954
[21/Mar/2025 05:20:49] "GET /accounts/dashboard/ HTTP/1.0" 200 39869
Not Found: /accounts/dashboard/static/img/dashboardicons/courseicon.png
[21/Mar/2025 05:20:49] "GET /accounts/dashboard/static/img/dashboardicons/courseicon.png HTTP/1.0" 404 9847
[21/Mar/2025 05:22:32] "GET /courses HTTP/1.0" 301 0
[21/Mar/2025 05:22:32] "GET /courses/ HTTP/1.0" 200 43905
[21/Mar/2025 05:25:42] "GET /accounts/dashboard HTTP/1.0" 301 0
[21/Mar/2025 05:25:42] "GET /accounts/dashboard/ HTTP/1.0" 200 39877
Not Found: /accounts/dashboard/static/img/dashboardicons/courseicon.png
[21/Mar/2025 05:25:43] "GET /accounts/dashboard/static/img/dashboardicons/courseicon.png HTTP/1.0" 404 9847
[21/Mar/2025 05:25:47] "POST /payment/callback/ HTTP/1.0" 200 54
[21/Mar/2025 05:25:50] "GET /courses/ HTTP/1.0" 200 43905
[21/Mar/2025 05:29:21] "GET /accounts/dashboard/ HTTP/1.0" 200 39877
Not Found: /accounts/dashboard/static/img/dashboardicons/courseicon.png
[21/Mar/2025 05:29:21] "GET /accounts/dashboard/static/img/dashboardicons/courseicon.png HTTP/1.0" 404 9847
[21/Mar/2025 05:29:28] "POST /payment/callback/ HTTP/1.0" 200 54
[21/Mar/2025 05:30:29] "GET /accounts/dashboard/ HTTP/1.0" 200 39878
[21/Mar/2025 05:30:45] "GET /accounts/login/ HTTP/1.0" 200 48406
[21/Mar/2025 05:31:05] "POST /accounts/login/ HTTP/1.0" 302 0
[21/Mar/2025 05:31:05] "GET /accounts/dashboard/ HTTP/1.0" 200 39878
[21/Mar/2025 05:31:10] "GET /accounts/profile/ HTTP/1.0" 200 56646
[21/Mar/2025 05:33:20] "POST /payment/callback/ HTTP/1.0" 200 54
[21/Mar/2025 05:35:06] "GET /accounts/profile/ HTTP/1.0" 200 56950
[21/Mar/2025 05:36:32] "POST /accounts/accounts/logout/ HTTP/1.0" 302 0
[21/Mar/2025 05:36:32] "GET /accounts/login/ HTTP/1.0" 200 48406
[21/Mar/2025 05:36:48] "POST /accounts/login/ HTTP/1.0" 302 0
[21/Mar/2025 05:36:48] "GET /accounts/dashboard/ HTTP/1.0" 200 39878
[21/Mar/2025 05:37:23] "POST /payment/callback/ HTTP/1.0" 200 54
Not Found: /.well-known/traffic-advice
[21/Mar/2025 05:37:51] "GET /.well-known/traffic-advice HTTP/1.0" 404 4647
[21/Mar/2025 05:37:52] "GET / HTTP/1.0" 200 48954
[21/Mar/2025 05:38:05] "GET /accounts/dashboard/ HTTP/1.0" 200 39878
[21/Mar/2025 05:38:10] "GET /accounts/profile/ HTTP/1.0" 200 56933
[21/Mar/2025 05:38:12] "GET /courses/ HTTP/1.0" 200 42676
[21/Mar/2025 05:38:30] "GET /coupon/coupon/ HTTP/1.0" 200 40162
[21/Mar/2025 05:38:30] "GET /coupon/check-coupon/?coupon_code= HTTP/1.0" 200 94
[21/Mar/2025 05:38:36] "GET / HTTP/1.0" 200 48954
[21/Mar/2025 05:39:10] "GET / HTTP/1.0" 200 49430
[21/Mar/2025 05:40:12] "GET /coupon/coupon/ HTTP/1.0" 200 40162
[21/Mar/2025 05:40:14] "GET /coupon/check-coupon/?coupon_code= HTTP/1.0" 200 94
[21/Mar/2025 05:40:21] "GET / HTTP/1.0" 200 48926
[21/Mar/2025 05:40:23] "GET / HTTP/1.0" 200 48926
[21/Mar/2025 05:40:44] "GET /coupon/coupon/ HTTP/1.0" 200 40162
[21/Mar/2025 05:40:44] "GET /coupon/check-coupon/?coupon_code= HTTP/1.0" 200 94
[21/Mar/2025 05:40:55] "POST /payment/callback/ HTTP/1.0" 200 54
[21/Mar/2025 05:40:59] "GET /accounts/login/ HTTP/1.0" 200 48406
[21/Mar/2025 05:41:02] "GET /accounts/password-reset/ HTTP/1.0" 200 37845
[21/Mar/2025 05:41:04] "GET /accounts/login/ HTTP/1.0" 200 48406
[21/Mar/2025 05:41:11] "GET /accounts/password-reset/ HTTP/1.0" 200 37845
[21/Mar/2025 05:41:14] "GET / HTTP/1.0" 200 48926
[21/Mar/2025 05:41:34] "GET / HTTP/1.0" 200 48926
[21/Mar/2025 05:43:48] "GET /terms_condition/ HTTP/1.0" 200 39841
[21/Mar/2025 05:43:58] "POST /payment/callback/ HTTP/1.0" 200 54
[21/Mar/2025 05:47:05] "POST /payment/callback/ HTTP/1.0" 200 54
Internal Server Error: /payment/callback
Traceback (most recent call last):
  File "/var/www/kalakar/venv/lib/python3.12/site-packages/django/core/handlers/exception.py", line 55, in inner
    response = get_response(request)
               ^^^^^^^^^^^^^^^^^^^^^
  File "/var/www/kalakar/venv/lib/python3.12/site-packages/django/utils/deprecation.py", line 131, in __call__
    response = self.process_response(request, response)
               ^^^^^^^^^^^^^^^^^^^^^^^^^^^^^^^^^^^^^^^^
  File "/var/www/kalakar/venv/lib/python3.12/site-packages/django/middleware/common.py", line 108, in process_response
    return self.response_redirect_class(self.get_full_path_with_slash(request))
                                        ^^^^^^^^^^^^^^^^^^^^^^^^^^^^^^^^^^^^^^
  File "/var/www/kalakar/venv/lib/python3.12/site-packages/django/middleware/common.py", line 87, in get_full_path_with_slash
    raise RuntimeError(
RuntimeError: You called this URL via POST, but the URL doesn't end in a slash and you have APPEND_SLASH set. Django can't redirect to the slash URL while maintaining POST data. Change your form to point to kalagurubyirarangoliarts.com/payment/callback/ (note the trailing slash), or set APPEND_SLASH=False in your Django settings.
Internal Server Error: /payment/callback
Traceback (most recent call last):
  File "/var/www/kalakar/venv/lib/python3.12/site-packages/django/core/handlers/exception.py", line 55, in inner
    response = get_response(request)
               ^^^^^^^^^^^^^^^^^^^^^
  File "/var/www/kalakar/venv/lib/python3.12/site-packages/django/utils/deprecation.py", line 131, in __call__
    response = self.process_response(request, response)
               ^^^^^^^^^^^^^^^^^^^^^^^^^^^^^^^^^^^^^^^^
  File "/var/www/kalakar/venv/lib/python3.12/site-packages/django/middleware/common.py", line 108, in process_response
    return self.response_redirect_class(self.get_full_path_with_slash(request))
                                        ^^^^^^^^^^^^^^^^^^^^^^^^^^^^^^^^^^^^^^
  File "/var/www/kalakar/venv/lib/python3.12/site-packages/django/middleware/common.py", line 87, in get_full_path_with_slash
    raise RuntimeError(
RuntimeError: You called this URL via POST, but the URL doesn't end in a slash and you have APPEND_SLASH set. Django can't redirect to the slash URL while maintaining POST data. Change your form to point to kalagurubyirarangoliarts.com/payment/callback/ (note the trailing slash), or set APPEND_SLASH=False in your Django settings.
[21/Mar/2025 05:53:15] "POST /payment/callback HTTP/1.0" 500 66852
[21/Mar/2025 05:53:15] "POST /payment/callback HTTP/1.0" 500 66854
Internal Server Error: /payment/callback
Traceback (most recent call last):
  File "/var/www/kalakar/venv/lib/python3.12/site-packages/django/core/handlers/exception.py", line 55, in inner
    response = get_response(request)
               ^^^^^^^^^^^^^^^^^^^^^
  File "/var/www/kalakar/venv/lib/python3.12/site-packages/django/utils/deprecation.py", line 131, in __call__
    response = self.process_response(request, response)
               ^^^^^^^^^^^^^^^^^^^^^^^^^^^^^^^^^^^^^^^^
  File "/var/www/kalakar/venv/lib/python3.12/site-packages/django/middleware/common.py", line 108, in process_response
    return self.response_redirect_class(self.get_full_path_with_slash(request))
                                        ^^^^^^^^^^^^^^^^^^^^^^^^^^^^^^^^^^^^^^
  File "/var/www/kalakar/venv/lib/python3.12/site-packages/django/middleware/common.py", line 87, in get_full_path_with_slash
    raise RuntimeError(
RuntimeError: You called this URL via POST, but the URL doesn't end in a slash and you have APPEND_SLASH set. Django can't redirect to the slash URL while maintaining POST data. Change your form to point to kalagurubyirarangoliarts.com/payment/callback/ (note the trailing slash), or set APPEND_SLASH=False in your Django settings.
[21/Mar/2025 05:55:07] "POST /payment/callback HTTP/1.0" 500 66854
Internal Server Error: /payment/callback
Traceback (most recent call last):
  File "/var/www/kalakar/venv/lib/python3.12/site-packages/django/core/handlers/exception.py", line 55, in inner
    response = get_response(request)
               ^^^^^^^^^^^^^^^^^^^^^
  File "/var/www/kalakar/venv/lib/python3.12/site-packages/django/utils/deprecation.py", line 131, in __call__
    response = self.process_response(request, response)
               ^^^^^^^^^^^^^^^^^^^^^^^^^^^^^^^^^^^^^^^^
  File "/var/www/kalakar/venv/lib/python3.12/site-packages/django/middleware/common.py", line 108, in process_response
    return self.response_redirect_class(self.get_full_path_with_slash(request))
                                        ^^^^^^^^^^^^^^^^^^^^^^^^^^^^^^^^^^^^^^
  File "/var/www/kalakar/venv/lib/python3.12/site-packages/django/middleware/common.py", line 87, in get_full_path_with_slash
    raise RuntimeError(
RuntimeError: You called this URL via POST, but the URL doesn't end in a slash and you have APPEND_SLASH set. Django can't redirect to the slash URL while maintaining POST data. Change your form to point to kalagurubyirarangoliarts.com/payment/callback/ (note the trailing slash), or set APPEND_SLASH=False in your Django settings.
[21/Mar/2025 05:55:07] "POST /payment/callback HTTP/1.0" 500 66852
[21/Mar/2025 05:58:26] "GET / HTTP/1.0" 200 49421
[21/Mar/2025 06:02:32] "GET / HTTP/1.0" 200 49421
[21/Mar/2025 06:03:01] "GET / HTTP/1.0" 200 48945
[21/Mar/2025 06:05:41] "GET / HTTP/1.0" 200 48956
[21/Mar/2025 06:09:40] "GET / HTTP/1.0" 200 49562
[21/Mar/2025 06:27:00] "GET / HTTP/1.0" 200 49086
Invalid HTTP_HOST header: 'www.kalagurubyirarangoliarts.com'. You may need to add 'www.kalagurubyirarangoliarts.com' to ALLOWED_HOSTS.
Traceback (most recent call last):
  File "/var/www/kalakar/venv/lib/python3.12/site-packages/django/core/handlers/exception.py", line 55, in inner
    response = get_response(request)
               ^^^^^^^^^^^^^^^^^^^^^
  File "/var/www/kalakar/venv/lib/python3.12/site-packages/django/utils/deprecation.py", line 128, in __call__
    response = self.process_request(request)
               ^^^^^^^^^^^^^^^^^^^^^^^^^^^^^
  File "/var/www/kalakar/venv/lib/python3.12/site-packages/django/middleware/common.py", line 48, in process_request
    host = request.get_host()
           ^^^^^^^^^^^^^^^^^^
  File "/var/www/kalakar/venv/lib/python3.12/site-packages/django/http/request.py", line 151, in get_host
    raise DisallowedHost(msg)
django.core.exceptions.DisallowedHost: Invalid HTTP_HOST header: 'www.kalagurubyirarangoliarts.com'. You may need to add 'www.kalagurubyirarangoliarts.com' to ALLOWED_HOSTS.
Bad Request: /
[21/Mar/2025 06:30:05] "GET / HTTP/1.0" 400 66586
Invalid HTTP_HOST header: 'www.kalagurubyirarangoliarts.com'. You may need to add 'www.kalagurubyirarangoliarts.com' to ALLOWED_HOSTS.
Traceback (most recent call last):
  File "/var/www/kalakar/venv/lib/python3.12/site-packages/django/core/handlers/exception.py", line 55, in inner
    response = get_response(request)
               ^^^^^^^^^^^^^^^^^^^^^
  File "/var/www/kalakar/venv/lib/python3.12/site-packages/django/utils/deprecation.py", line 128, in __call__
    response = self.process_request(request)
               ^^^^^^^^^^^^^^^^^^^^^^^^^^^^^
  File "/var/www/kalakar/venv/lib/python3.12/site-packages/django/middleware/common.py", line 48, in process_request
    host = request.get_host()
           ^^^^^^^^^^^^^^^^^^
  File "/var/www/kalakar/venv/lib/python3.12/site-packages/django/http/request.py", line 151, in get_host
    raise DisallowedHost(msg)
django.core.exceptions.DisallowedHost: Invalid HTTP_HOST header: 'www.kalagurubyirarangoliarts.com'. You may need to add 'www.kalagurubyirarangoliarts.com' to ALLOWED_HOSTS.
Bad Request: /favicon.ico
[21/Mar/2025 06:30:08] "GET /favicon.ico HTTP/1.0" 400 66765
/var/www/kalakar/src/accounts/signals.py changed, reloading.
Performing system checks...

System check identified no issues (0 silenced).
March 20, 2025 - 16:20:20
Django version 5.1.4, using settings 'root.settings'
Starting development server at http://0.0.0.0:8000/
Quit the server with CONTROL-C.

{"result":true,"phone_number":"918007655524","template_name":"kalaguru_login","parameteres":[{"name":"name","value":"Vikas Test"},{"name":"Login_url","value":"https://kalagurubyirarangoliarts.com/accounts/login/"},{"name":"username","value":"sachinsamdade+1@gmail.com"},{"name":"password","value":"2111291"},{"name":"faq_link","value":"https://kalagurubyirarangoliarts.com"}],"contact":{"id":"67d17dad8d0632287ca992f6","tenantId":"415778","wAid":"918007655524","firstName":"sachin sir","fullName":"sachin sir","phone":"918007655524","source":"Wati","contactStatus":"VALID","photo":null,"created":"Mar-12-2025","customParams":[{"name":"name","value":"sachin sir"},{"name":"phone","value":"918007655524"},{"name":"login_url","value":"https://kalagurubyirarangoliarts.com/accounts/login/"},{"name":"username","value":"contact@itdevhub.com"},{"name":"password","value":"H26msNWR"},{"name":"faq_link","value":"https://kalagurubyirarangoliarts.com"}],"optedIn":false,"isDeleted":false,"lastUpdated":"2025-03-20T12:05:13.394Z","allowBroadcast":true,"allowSMS":true,"teamIds":["67cedfa31009e69744dd4b48"],"isInFlow":false,"isInTestFlow":false,"lastFlowId":null,"currentFlowNodeId":null,"selectedHubspotId":null,"channelId":null,"displayId":null,"contactLinkId":null,"waChannelPhone":null,"igPhoneSource":0,"mgPhoneSource":0,"tagName":null,"messengerPageName":"","paylinkSettings":null},"model":{"ids":["67d17dad8d0632287ca992f6"]},"validWhatsAppNumber":true}
Watching for file changes with StatReloader
[21/Mar/2025 06:41:12] "GET /admin/accounts/user/ HTTP/1.0" 200 27121
[21/Mar/2025 06:41:12] "GET /admin/jsi18n/ HTTP/1.0" 200 3342
[21/Mar/2025 06:41:12] "GET /favicon.ico/ HTTP/1.0" 200 48921
[21/Mar/2025 06:41:14] "GET /admin/accounts/user/add/ HTTP/1.0" 200 32238
[21/Mar/2025 06:41:14] "GET /admin/jsi18n/ HTTP/1.0" 200 3342
[21/Mar/2025 06:41:15] "GET /favicon.ico/ HTTP/1.0" 200 48921
[21/Mar/2025 06:41:40] "POST /admin/accounts/user/add/ HTTP/1.0" 302 0
[21/Mar/2025 06:41:40] "GET /admin/accounts/user/ HTTP/1.0" 200 28191
[21/Mar/2025 06:41:40] "GET /admin/jsi18n/ HTTP/1.0" 200 3342
[21/Mar/2025 06:41:40] "GET /favicon.ico/ HTTP/1.0" 200 48921
[21/Mar/2025 06:41:44] "GET /admin/accounts/user/15/change/ HTTP/1.0" 200 32797
[21/Mar/2025 06:41:44] "GET /admin/jsi18n/ HTTP/1.0" 200 3342
[21/Mar/2025 06:41:44] "GET /favicon.ico/ HTTP/1.0" 200 48921
[21/Mar/2025 06:41:49] "GET /admin/accounts/student/ HTTP/1.0" 200 22158
[21/Mar/2025 06:41:49] "GET /admin/jsi18n/ HTTP/1.0" 200 3342
[21/Mar/2025 06:41:49] "GET /favicon.ico/ HTTP/1.0" 200 48921
[21/Mar/2025 06:42:49] "GET /admin/courses/course/ HTTP/1.0" 200 14961
[21/Mar/2025 06:42:49] "GET /admin/jsi18n/ HTTP/1.0" 200 3342
[21/Mar/2025 06:42:49] "GET /favicon.ico/ HTTP/1.0" 200 48921
[21/Mar/2025 06:42:51] "GET /admin/courses/course/add/ HTTP/1.0" 200 66808
[21/Mar/2025 06:42:51] "GET /admin/jsi18n/ HTTP/1.0" 200 3342
[21/Mar/2025 06:42:51] "GET /favicon.ico/ HTTP/1.0" 200 48921
[21/Mar/2025 06:44:37] "POST /admin/courses/course/add/ HTTP/1.0" 200 67276
[21/Mar/2025 06:44:37] "GET /admin/jsi18n/ HTTP/1.0" 200 3342
[21/Mar/2025 06:44:37] "GET /favicon.ico/ HTTP/1.0" 200 48921
[21/Mar/2025 06:44:41] "GET /admin/courses/subject/add/?_to_field=id&_popup=1 HTTP/1.0" 200 5231
[21/Mar/2025 06:44:41] "GET /admin/jsi18n/ HTTP/1.0" 200 3342
[21/Mar/2025 06:44:41] "GET /favicon.ico/ HTTP/1.0" 200 48921
[21/Mar/2025 06:44:45] "POST /admin/courses/subject/add/?_to_field=id&_popup=1 HTTP/1.0" 200 324
[21/Mar/2025 06:44:53] "POST /admin/courses/course/add/ HTTP/1.0" 302 0
[21/Mar/2025 06:44:53] "GET /admin/courses/course/ HTTP/1.0" 200 16811
[21/Mar/2025 06:44:53] "GET /admin/jsi18n/ HTTP/1.0" 200 3342
[21/Mar/2025 06:44:53] "GET /favicon.ico/ HTTP/1.0" 200 48921
[21/Mar/2025 06:45:11] "GET /accounts/dashboard/ HTTP/1.0" 200 40019
[21/Mar/2025 06:45:13] "GET /courses/ HTTP/1.0" 200 46612
[21/Mar/2025 06:45:19] "GET /courses/test/ HTTP/1.0" 200 52687
[21/Mar/2025 06:45:52] "GET /courses/ HTTP/1.0" 200 46612
[21/Mar/2025 06:45:56] "GET /accounts/dashboard/ HTTP/1.0" 200 40019
[21/Mar/2025 06:45:58] "GET /accounts/dashboard/ HTTP/1.0" 200 40019
[21/Mar/2025 06:45:59] "GET /accounts/dashboard/ HTTP/1.0" 200 40019
[21/Mar/2025 06:46:03] "GET / HTTP/1.0" 200 49562
[21/Mar/2025 06:46:12] "GET /accounts/profile/ HTTP/1.0" 200 57074
[21/Mar/2025 06:46:14] "GET /accounts/dashboard/ HTTP/1.0" 200 40019
[21/Mar/2025 06:46:16] "GET /courses/ HTTP/1.0" 200 46612
[21/Mar/2025 06:46:27] "GET /courses/test/ HTTP/1.0" 200 52687
/var/www/kalakar/src/courses/views.py changed, reloading.
Performing system checks...

System check identified no issues (0 silenced).
March 21, 2025 - 06:40:46
Django version 5.1.4, using settings 'root.settings'
Starting development server at http://0.0.0.0:8000/
Quit the server with CONTROL-C.

Watching for file changes with StatReloader
Exception in thread django-main-thread:
Traceback (most recent call last):
  File "/usr/lib/python3.12/threading.py", line 1073, in _bootstrap_inner
    self.run()
  File "/usr/lib/python3.12/threading.py", line 1010, in run
    self._target(*self._args, **self._kwargs)
  File "/var/www/kalakar/venv/lib/python3.12/site-packages/django/utils/autoreload.py", line 64, in wrapper
    fn(*args, **kwargs)
  File "/var/www/kalakar/venv/lib/python3.12/site-packages/django/core/management/commands/runserver.py", line 134, in inner_run
    self.check(display_num_errors=True)
  File "/var/www/kalakar/venv/lib/python3.12/site-packages/django/core/management/base.py", line 486, in check
    all_issues = checks.run_checks(
                 ^^^^^^^^^^^^^^^^^^
  File "/var/www/kalakar/venv/lib/python3.12/site-packages/django/core/checks/registry.py", line 88, in run_checks
    new_errors = check(app_configs=app_configs, databases=databases)
                 ^^^^^^^^^^^^^^^^^^^^^^^^^^^^^^^^^^^^^^^^^^^^^^^^^^^
  File "/var/www/kalakar/venv/lib/python3.12/site-packages/django/core/checks/urls.py", line 44, in check_url_namespaces_unique
    all_namespaces = _load_all_namespaces(resolver)
                     ^^^^^^^^^^^^^^^^^^^^^^^^^^^^^^
  File "/var/www/kalakar/venv/lib/python3.12/site-packages/django/core/checks/urls.py", line 63, in _load_all_namespaces
    url_patterns = getattr(resolver, "url_patterns", [])
                   ^^^^^^^^^^^^^^^^^^^^^^^^^^^^^^^^^^^^^
  File "/var/www/kalakar/venv/lib/python3.12/site-packages/django/utils/functional.py", line 47, in __get__
    res = instance.__dict__[self.name] = self.func(instance)
                                         ^^^^^^^^^^^^^^^^^^^
  File "/var/www/kalakar/venv/lib/python3.12/site-packages/django/urls/resolvers.py", line 718, in url_patterns
    patterns = getattr(self.urlconf_module, "urlpatterns", self.urlconf_module)
                       ^^^^^^^^^^^^^^^^^^^
  File "/var/www/kalakar/venv/lib/python3.12/site-packages/django/utils/functional.py", line 47, in __get__
    res = instance.__dict__[self.name] = self.func(instance)
                                         ^^^^^^^^^^^^^^^^^^^
  File "/var/www/kalakar/venv/lib/python3.12/site-packages/django/urls/resolvers.py", line 711, in urlconf_module
    return import_module(self.urlconf_name)
           ^^^^^^^^^^^^^^^^^^^^^^^^^^^^^^^^
  File "/usr/lib/python3.12/importlib/__init__.py", line 90, in import_module
    return _bootstrap._gcd_import(name[level:], package, level)
           ^^^^^^^^^^^^^^^^^^^^^^^^^^^^^^^^^^^^^^^^^^^^^^^^^^^^
  File "<frozen importlib._bootstrap>", line 1387, in _gcd_import
  File "<frozen importlib._bootstrap>", line 1360, in _find_and_load
  File "<frozen importlib._bootstrap>", line 1331, in _find_and_load_unlocked
  File "<frozen importlib._bootstrap>", line 935, in _load_unlocked
  File "<frozen importlib._bootstrap_external>", line 995, in exec_module
  File "<frozen importlib._bootstrap>", line 488, in _call_with_frames_removed
  File "/var/www/kalakar/src/root/urls.py", line 25, in <module>
    path("courses/", include("courses.urls")),
                     ^^^^^^^^^^^^^^^^^^^^^^^
  File "/var/www/kalakar/venv/lib/python3.12/site-packages/django/urls/conf.py", line 39, in include
    urlconf_module = import_module(urlconf_module)
                     ^^^^^^^^^^^^^^^^^^^^^^^^^^^^^
  File "/usr/lib/python3.12/importlib/__init__.py", line 90, in import_module
    return _bootstrap._gcd_import(name[level:], package, level)
           ^^^^^^^^^^^^^^^^^^^^^^^^^^^^^^^^^^^^^^^^^^^^^^^^^^^^
  File "<frozen importlib._bootstrap>", line 1387, in _gcd_import
  File "<frozen importlib._bootstrap>", line 1360, in _find_and_load
  File "<frozen importlib._bootstrap>", line 1331, in _find_and_load_unlocked
  File "<frozen importlib._bootstrap>", line 935, in _load_unlocked
  File "<frozen importlib._bootstrap_external>", line 995, in exec_module
  File "<frozen importlib._bootstrap>", line 488, in _call_with_frames_removed
  File "/var/www/kalakar/src/courses/urls.py", line 11, in <module>
    from courses.views import course_purchase
ImportError: cannot import name 'course_purchase' from 'courses.views' (/var/www/kalakar/src/courses/views.py)
/var/www/kalakar/src/courses/urls.py changed, reloading.
Performing system checks...

Watching for file changes with StatReloader
Exception in thread django-main-thread:
Traceback (most recent call last):
  File "/usr/lib/python3.12/threading.py", line 1073, in _bootstrap_inner
    self.run()
  File "/usr/lib/python3.12/threading.py", line 1010, in run
    self._target(*self._args, **self._kwargs)
  File "/var/www/kalakar/venv/lib/python3.12/site-packages/django/utils/autoreload.py", line 64, in wrapper
    fn(*args, **kwargs)
  File "/var/www/kalakar/venv/lib/python3.12/site-packages/django/core/management/commands/runserver.py", line 134, in inner_run
    self.check(display_num_errors=True)
  File "/var/www/kalakar/venv/lib/python3.12/site-packages/django/core/management/base.py", line 486, in check
    all_issues = checks.run_checks(
                 ^^^^^^^^^^^^^^^^^^
  File "/var/www/kalakar/venv/lib/python3.12/site-packages/django/core/checks/registry.py", line 88, in run_checks
    new_errors = check(app_configs=app_configs, databases=databases)
                 ^^^^^^^^^^^^^^^^^^^^^^^^^^^^^^^^^^^^^^^^^^^^^^^^^^^
  File "/var/www/kalakar/venv/lib/python3.12/site-packages/django/core/checks/urls.py", line 44, in check_url_namespaces_unique
    all_namespaces = _load_all_namespaces(resolver)
                     ^^^^^^^^^^^^^^^^^^^^^^^^^^^^^^
  File "/var/www/kalakar/venv/lib/python3.12/site-packages/django/core/checks/urls.py", line 63, in _load_all_namespaces
    url_patterns = getattr(resolver, "url_patterns", [])
                   ^^^^^^^^^^^^^^^^^^^^^^^^^^^^^^^^^^^^^
  File "/var/www/kalakar/venv/lib/python3.12/site-packages/django/utils/functional.py", line 47, in __get__
    res = instance.__dict__[self.name] = self.func(instance)
                                         ^^^^^^^^^^^^^^^^^^^
  File "/var/www/kalakar/venv/lib/python3.12/site-packages/django/urls/resolvers.py", line 718, in url_patterns
    patterns = getattr(self.urlconf_module, "urlpatterns", self.urlconf_module)
                       ^^^^^^^^^^^^^^^^^^^
  File "/var/www/kalakar/venv/lib/python3.12/site-packages/django/utils/functional.py", line 47, in __get__
    res = instance.__dict__[self.name] = self.func(instance)
                                         ^^^^^^^^^^^^^^^^^^^
  File "/var/www/kalakar/venv/lib/python3.12/site-packages/django/urls/resolvers.py", line 711, in urlconf_module
    return import_module(self.urlconf_name)
           ^^^^^^^^^^^^^^^^^^^^^^^^^^^^^^^^
  File "/usr/lib/python3.12/importlib/__init__.py", line 90, in import_module
    return _bootstrap._gcd_import(name[level:], package, level)
           ^^^^^^^^^^^^^^^^^^^^^^^^^^^^^^^^^^^^^^^^^^^^^^^^^^^^
  File "<frozen importlib._bootstrap>", line 1387, in _gcd_import
  File "<frozen importlib._bootstrap>", line 1360, in _find_and_load
  File "<frozen importlib._bootstrap>", line 1331, in _find_and_load_unlocked
  File "<frozen importlib._bootstrap>", line 935, in _load_unlocked
  File "<frozen importlib._bootstrap_external>", line 995, in exec_module
  File "<frozen importlib._bootstrap>", line 488, in _call_with_frames_removed
  File "/var/www/kalakar/src/root/urls.py", line 25, in <module>
    path("courses/", include("courses.urls")),
                     ^^^^^^^^^^^^^^^^^^^^^^^
  File "/var/www/kalakar/venv/lib/python3.12/site-packages/django/urls/conf.py", line 39, in include
    urlconf_module = import_module(urlconf_module)
                     ^^^^^^^^^^^^^^^^^^^^^^^^^^^^^
  File "/usr/lib/python3.12/importlib/__init__.py", line 90, in import_module
    return _bootstrap._gcd_import(name[level:], package, level)
           ^^^^^^^^^^^^^^^^^^^^^^^^^^^^^^^^^^^^^^^^^^^^^^^^^^^^
  File "<frozen importlib._bootstrap>", line 1387, in _gcd_import
  File "<frozen importlib._bootstrap>", line 1360, in _find_and_load
  File "<frozen importlib._bootstrap>", line 1331, in _find_and_load_unlocked
  File "<frozen importlib._bootstrap>", line 935, in _load_unlocked
  File "<frozen importlib._bootstrap_external>", line 995, in exec_module
  File "<frozen importlib._bootstrap>", line 488, in _call_with_frames_removed
  File "/var/www/kalakar/src/courses/urls.py", line 11, in <module>
    from courses.views import course_purchase
ImportError: cannot import name 'course_purchase' from 'courses.views' (/var/www/kalakar/src/courses/views.py)
/var/www/kalakar/src/courses/views.py changed, reloading.
Performing system checks...

Watching for file changes with StatReloader
[21/Mar/2025 06:54:20] "GET / HTTP/1.0" 200 49562
[21/Mar/2025 06:54:44] "GET /accounts/dashboard HTTP/1.0" 301 0
[21/Mar/2025 06:54:44] "GET /accounts/dashboard/ HTTP/1.0" 200 40019
[21/Mar/2025 06:54:47] "GET /accounts/profile/ HTTP/1.0" 200 54166
Not Found: /wp-admin/setup-config.php
[21/Mar/2025 06:55:28] "GET /wp-admin/setup-config.php HTTP/1.0" 404 4644
[21/Mar/2025 06:55:32] "GET /accounts/dashboard/ HTTP/1.0" 200 40019
[21/Mar/2025 06:55:42] "GET /accounts/profile/ HTTP/1.0" 200 53891
[21/Mar/2025 06:56:24] "GET /accounts/profile/ HTTP/1.0" 200 57074
Not Found: /wordpress/wp-admin/setup-config.php
[21/Mar/2025 06:57:46] "GET /wordpress/wp-admin/setup-config.php HTTP/1.0" 404 4674
[21/Mar/2025 06:57:48] "GET /accounts/profile/ HTTP/1.0" 200 53960
Not Found: /wp-admin/setup-config.php
[21/Mar/2025 06:58:53] "GET /wp-admin/setup-config.php HTTP/1.0" 404 4644
[21/Mar/2025 06:59:43] "GET /accounts/profile/ HTTP/1.0" 200 53966
[21/Mar/2025 06:59:51] "GET /robots.txt HTTP/1.0" 301 0
[21/Mar/2025 06:59:52] "GET /robots.txt/ HTTP/1.0" 200 48921
[21/Mar/2025 07:00:25] "GET /accounts/profile/ HTTP/1.0" 200 53966
[21/Mar/2025 07:00:43] "GET /accounts/profile/update/ HTTP/1.0" 200 58270
[21/Mar/2025 07:00:54] "POST /accounts/profile/update/ HTTP/1.0" 302 0
[21/Mar/2025 07:00:54] "GET /accounts/profile/ HTTP/1.0" 200 54069
[21/Mar/2025 07:05:08] "GET /accounts/profile/ HTTP/1.0" 200 52840
[21/Mar/2025 07:05:31] "GET /accounts/profile/ HTTP/1.0" 200 52845
[21/Mar/2025 07:06:17] "GET /accounts/profile/ HTTP/1.0" 200 52846
[21/Mar/2025 07:11:52] "GET /accounts/profile/ HTTP/1.0" 200 52893
[21/Mar/2025 07:12:48] "GET /accounts/profile/ HTTP/1.0" 200 52846
[21/Mar/2025 07:13:29] "GET /accounts/profile/ HTTP/1.0" 200 52846
[21/Mar/2025 07:13:31] "GET /accounts/profile/update/ HTTP/1.0" 200 57163
[21/Mar/2025 07:13:36] "GET /favicon.ico/ HTTP/1.0" 200 48921
[21/Mar/2025 07:13:47] "GET /admin/accounts/user/ HTTP/1.0" 200 27969
[21/Mar/2025 07:13:47] "GET /admin/jsi18n/ HTTP/1.0" 200 3342
[21/Mar/2025 07:13:47] "GET /favicon.ico/ HTTP/1.0" 200 48921
[21/Mar/2025 07:13:53] "GET /admin/accounts/user/8/change/ HTTP/1.0" 200 32832
[21/Mar/2025 07:13:53] "GET /admin/jsi18n/ HTTP/1.0" 200 3342
[21/Mar/2025 07:13:53] "GET /favicon.ico/ HTTP/1.0" 200 48921
[21/Mar/2025 07:13:57] "GET /admin/accounts/student/ HTTP/1.0" 200 22158
[21/Mar/2025 07:13:57] "GET /admin/jsi18n/ HTTP/1.0" 200 3342
[21/Mar/2025 07:13:57] "GET /favicon.ico/ HTTP/1.0" 200 48921
[21/Mar/2025 07:14:00] "GET /admin/accounts/student/7/change/ HTTP/1.0" 200 23763
[21/Mar/2025 07:14:00] "GET /admin/jsi18n/ HTTP/1.0" 200 3342
[21/Mar/2025 07:14:00] "GET /favicon.ico/ HTTP/1.0" 200 48921
[21/Mar/2025 07:14:05] "GET /favicon.ico/ HTTP/1.0" 200 48921
[21/Mar/2025 07:14:49] "GET /accounts/profile/update/ HTTP/1.0" 200 57163
[21/Mar/2025 07:15:48] "GET /admin/ HTTP/1.0" 200 16160
[21/Mar/2025 07:15:48] "GET /favicon.ico/ HTTP/1.0" 200 48921
[21/Mar/2025 07:15:51] "GET /admin/coupon/coupons/ HTTP/1.0" 200 15904
[21/Mar/2025 07:15:51] "GET /admin/jsi18n/ HTTP/1.0" 200 3342
[21/Mar/2025 07:15:51] "GET /favicon.ico/ HTTP/1.0" 200 48921
[21/Mar/2025 07:15:53] "GET /admin/ HTTP/1.0" 200 16160
[21/Mar/2025 07:15:53] "GET /favicon.ico/ HTTP/1.0" 200 48921
[21/Mar/2025 07:16:02] "GET /admin/lessons/lesson/ HTTP/1.0" 200 14054
[21/Mar/2025 07:16:02] "GET /admin/jsi18n/ HTTP/1.0" 200 3342
[21/Mar/2025 07:16:02] "GET /favicon.ico/ HTTP/1.0" 200 48921
[21/Mar/2025 07:16:07] "GET /admin/lessons/lesson/add/ HTTP/1.0" 200 25586
[21/Mar/2025 07:16:07] "GET /admin/jsi18n/ HTTP/1.0" 200 3342
[21/Mar/2025 07:16:07] "GET /favicon.ico/ HTTP/1.0" 200 48921
[21/Mar/2025 07:16:57] "POST /admin/lessons/lesson/add/ HTTP/1.0" 302 0
[21/Mar/2025 07:16:57] "GET /admin/lessons/lesson/ HTTP/1.0" 200 16113
[21/Mar/2025 07:16:57] "GET /admin/jsi18n/ HTTP/1.0" 200 3342
[21/Mar/2025 07:16:57] "GET /favicon.ico/ HTTP/1.0" 200 48921
[21/Mar/2025 07:17:04] "POST /accounts/profile/update/ HTTP/1.0" 302 0
[21/Mar/2025 07:17:05] "GET /accounts/profile/ HTTP/1.0" 200 52846
[21/Mar/2025 07:17:09] "GET /accounts/dashboard/ HTTP/1.0" 200 40019
[21/Mar/2025 07:17:11] "GET /courses/ HTTP/1.0" 200 46612
[21/Mar/2025 07:17:14] "GET /courses/test/ HTTP/1.0" 200 54380
[21/Mar/2025 07:17:17] "GET /lessons/1/ HTTP/1.0" 302 0
[21/Mar/2025 07:17:17] "GET /courses/test/ HTTP/1.0" 200 54380
[21/Mar/2025 07:17:29] "GET /lessons/1/ HTTP/1.0" 302 0
[21/Mar/2025 07:17:29] "GET /courses/test/ HTTP/1.0" 200 54380
[21/Mar/2025 07:17:48] "GET /admin/courses/course/ HTTP/1.0" 200 16614
[21/Mar/2025 07:17:48] "GET /admin/jsi18n/ HTTP/1.0" 200 3342
[21/Mar/2025 07:17:48] "GET /favicon.ico/ HTTP/1.0" 200 48921
[21/Mar/2025 07:17:50] "GET /admin/courses/course/1/change/ HTTP/1.0" 200 87795
[21/Mar/2025 07:17:50] "GET /admin/jsi18n/ HTTP/1.0" 200 3342
[21/Mar/2025 07:17:50] "GET /favicon.ico/ HTTP/1.0" 200 48921
[21/Mar/2025 07:18:06] "POST /admin/courses/course/1/change/ HTTP/1.0" 302 0
[21/Mar/2025 07:18:06] "GET /admin/courses/course/ HTTP/1.0" 200 16813
[21/Mar/2025 07:18:06] "GET /admin/jsi18n/ HTTP/1.0" 200 3342
[21/Mar/2025 07:18:06] "GET /favicon.ico/ HTTP/1.0" 200 48921
[21/Mar/2025 07:18:08] "GET /admin/lessons/lesson/ HTTP/1.0" 200 15909
[21/Mar/2025 07:18:08] "GET /admin/jsi18n/ HTTP/1.0" 200 3342
[21/Mar/2025 07:18:08] "GET /favicon.ico/ HTTP/1.0" 200 48921
[21/Mar/2025 07:18:11] "GET /admin/lessons/lesson/ HTTP/1.0" 200 15909
[21/Mar/2025 07:18:11] "GET /admin/jsi18n/ HTTP/1.0" 200 3342
[21/Mar/2025 07:18:11] "GET /favicon.ico/ HTTP/1.0" 200 48921
[21/Mar/2025 07:18:15] "GET /admin/lessons/lesson/ HTTP/1.0" 200 15909
[21/Mar/2025 07:18:15] "GET /admin/jsi18n/ HTTP/1.0" 200 3342
[21/Mar/2025 07:18:15] "GET /favicon.ico/ HTTP/1.0" 200 48921
[21/Mar/2025 07:18:17] "GET /admin/lessons/lesson/1/change/ HTTP/1.0" 200 25932
[21/Mar/2025 07:18:17] "GET /admin/jsi18n/ HTTP/1.0" 200 3342
[21/Mar/2025 07:18:17] "GET /favicon.ico/ HTTP/1.0" 200 48921
/var/www/kalakar/src/courses/views.py changed, reloading.
Performing system checks...

System check identified no issues (0 silenced).
March 21, 2025 - 06:54:08
Django version 5.1.4, using settings 'root.settings'
Starting development server at http://0.0.0.0:8000/
Quit the server with CONTROL-C.

Watching for file changes with StatReloader
Exception in thread django-main-thread:
Traceback (most recent call last):
  File "/usr/lib/python3.12/threading.py", line 1073, in _bootstrap_inner
    self.run()
  File "/usr/lib/python3.12/threading.py", line 1010, in run
    self._target(*self._args, **self._kwargs)
  File "/var/www/kalakar/venv/lib/python3.12/site-packages/django/utils/autoreload.py", line 64, in wrapper
    fn(*args, **kwargs)
  File "/var/www/kalakar/venv/lib/python3.12/site-packages/django/core/management/commands/runserver.py", line 134, in inner_run
    self.check(display_num_errors=True)
  File "/var/www/kalakar/venv/lib/python3.12/site-packages/django/core/management/base.py", line 486, in check
    all_issues = checks.run_checks(
                 ^^^^^^^^^^^^^^^^^^
  File "/var/www/kalakar/venv/lib/python3.12/site-packages/django/core/checks/registry.py", line 88, in run_checks
    new_errors = check(app_configs=app_configs, databases=databases)
                 ^^^^^^^^^^^^^^^^^^^^^^^^^^^^^^^^^^^^^^^^^^^^^^^^^^^
  File "/var/www/kalakar/venv/lib/python3.12/site-packages/django/core/checks/urls.py", line 44, in check_url_namespaces_unique
    all_namespaces = _load_all_namespaces(resolver)
                     ^^^^^^^^^^^^^^^^^^^^^^^^^^^^^^
  File "/var/www/kalakar/venv/lib/python3.12/site-packages/django/core/checks/urls.py", line 63, in _load_all_namespaces
    url_patterns = getattr(resolver, "url_patterns", [])
                   ^^^^^^^^^^^^^^^^^^^^^^^^^^^^^^^^^^^^^
  File "/var/www/kalakar/venv/lib/python3.12/site-packages/django/utils/functional.py", line 47, in __get__
    res = instance.__dict__[self.name] = self.func(instance)
                                         ^^^^^^^^^^^^^^^^^^^
  File "/var/www/kalakar/venv/lib/python3.12/site-packages/django/urls/resolvers.py", line 718, in url_patterns
    patterns = getattr(self.urlconf_module, "urlpatterns", self.urlconf_module)
                       ^^^^^^^^^^^^^^^^^^^
  File "/var/www/kalakar/venv/lib/python3.12/site-packages/django/utils/functional.py", line 47, in __get__
    res = instance.__dict__[self.name] = self.func(instance)
                                         ^^^^^^^^^^^^^^^^^^^
  File "/var/www/kalakar/venv/lib/python3.12/site-packages/django/urls/resolvers.py", line 711, in urlconf_module
    return import_module(self.urlconf_name)
           ^^^^^^^^^^^^^^^^^^^^^^^^^^^^^^^^
  File "/usr/lib/python3.12/importlib/__init__.py", line 90, in import_module
    return _bootstrap._gcd_import(name[level:], package, level)
           ^^^^^^^^^^^^^^^^^^^^^^^^^^^^^^^^^^^^^^^^^^^^^^^^^^^^
  File "<frozen importlib._bootstrap>", line 1387, in _gcd_import
  File "<frozen importlib._bootstrap>", line 1360, in _find_and_load
  File "<frozen importlib._bootstrap>", line 1331, in _find_and_load_unlocked
  File "<frozen importlib._bootstrap>", line 935, in _load_unlocked
  File "<frozen importlib._bootstrap_external>", line 995, in exec_module
  File "<frozen importlib._bootstrap>", line 488, in _call_with_frames_removed
  File "/var/www/kalakar/src/root/urls.py", line 25, in <module>
    path("courses/", include("courses.urls")),
                     ^^^^^^^^^^^^^^^^^^^^^^^
  File "/var/www/kalakar/venv/lib/python3.12/site-packages/django/urls/conf.py", line 39, in include
    urlconf_module = import_module(urlconf_module)
                     ^^^^^^^^^^^^^^^^^^^^^^^^^^^^^
  File "/usr/lib/python3.12/importlib/__init__.py", line 90, in import_module
    return _bootstrap._gcd_import(name[level:], package, level)
           ^^^^^^^^^^^^^^^^^^^^^^^^^^^^^^^^^^^^^^^^^^^^^^^^^^^^
  File "<frozen importlib._bootstrap>", line 1387, in _gcd_import
  File "<frozen importlib._bootstrap>", line 1360, in _find_and_load
  File "<frozen importlib._bootstrap>", line 1331, in _find_and_load_unlocked
  File "<frozen importlib._bootstrap>", line 935, in _load_unlocked
  File "<frozen importlib._bootstrap_external>", line 995, in exec_module
  File "<frozen importlib._bootstrap>", line 488, in _call_with_frames_removed
  File "/var/www/kalakar/src/courses/urls.py", line 11, in <module>
    from courses.views import course_purchase
ImportError: cannot import name 'course_purchase' from 'courses.views' (/var/www/kalakar/src/courses/views.py)
/var/www/kalakar/src/courses/views.py changed, reloading.
Performing system checks...

Watching for file changes with StatReloader
[21/Mar/2025 07:30:09] "GET /courses/test/ HTTP/1.0" 200 54380
[21/Mar/2025 07:32:33] "POST /accounts/accounts/logout/ HTTP/1.0" 302 0
[21/Mar/2025 07:32:33] "GET /accounts/login/ HTTP/1.0" 200 49826
[21/Mar/2025 07:33:55] "GET /accounts/login/ HTTP/1.0" 200 49906
[21/Mar/2025 07:34:07] "GET /admin/accounts/user/ HTTP/1.0" 200 27969
[21/Mar/2025 07:34:07] "GET /admin/jsi18n/ HTTP/1.0" 200 3342
[21/Mar/2025 07:34:07] "GET /favicon.ico/ HTTP/1.0" 200 48921
[21/Mar/2025 07:34:21] "POST /accounts/login/ HTTP/1.0" 302 0
[21/Mar/2025 07:34:21] "GET /accounts/dashboard/ HTTP/1.0" 200 40019
[21/Mar/2025 07:34:36] "POST /accounts/accounts/logout/ HTTP/1.0" 302 0
[21/Mar/2025 07:34:37] "GET /accounts/login/ HTTP/1.0" 200 49906
[21/Mar/2025 07:36:05] "GET /accounts/login/ HTTP/1.0" 200 49977
[21/Mar/2025 07:36:18] "POST /accounts/accounts/logout/ HTTP/1.0" 302 0
[21/Mar/2025 07:36:18] "GET /accounts/login/ HTTP/1.0" 200 49977
[21/Mar/2025 07:36:53] "POST /accounts/login/ HTTP/1.0" 200 50022
[21/Mar/2025 07:37:13] "POST /accounts/login/ HTTP/1.0" 200 50005
[21/Mar/2025 07:37:24] "POST /accounts/login/ HTTP/1.0" 200 50005
[21/Mar/2025 07:41:30] "GET /accounts/login/ HTTP/1.0" 200 50139
[21/Mar/2025 07:41:49] "POST /accounts/login/ HTTP/1.0" 302 0
[21/Mar/2025 07:41:49] "GET /accounts/dashboard/ HTTP/1.0" 200 40019
[21/Mar/2025 07:41:53] "POST /accounts/accounts/logout/ HTTP/1.0" 302 0
[21/Mar/2025 07:41:53] "GET /accounts/login/ HTTP/1.0" 200 50139
[21/Mar/2025 07:41:58] "POST /accounts/login/ HTTP/1.0" 200 50516
[21/Mar/2025 07:42:13] "GET /accounts/login/ HTTP/1.0" 200 50139
[21/Mar/2025 07:44:40] "GET /.env HTTP/1.0" 301 0
[21/Mar/2025 08:19:02] "GET / HTTP/1.0" 200 49562
[21/Mar/2025 08:22:18] "POST /payment/callback/ HTTP/1.0" 200 54
[21/Mar/2025 08:22:21] "POST /payment/callback/ HTTP/1.0" 200 105
[21/Mar/2025 08:24:51] "GET / HTTP/1.0" 200 49562
[21/Mar/2025 08:25:20] "GET /accounts/login/ HTTP/1.0" 200 50615
[21/Mar/2025 08:26:13] "POST /accounts/login/ HTTP/1.0" 302 0
[21/Mar/2025 08:26:14] "GET /accounts/dashboard/ HTTP/1.0" 200 40020
[21/Mar/2025 08:26:21] "GET /courses/ HTTP/1.0" 200 46610
[21/Mar/2025 08:28:07] "GET /accounts/profile/ HTTP/1.0" 200 52755
[21/Mar/2025 08:28:42] "GET /accounts/login/ HTTP/1.0" 200 50139
[21/Mar/2025 08:28:48] "GET /accounts/login/ HTTP/1.0" 200 50139
[21/Mar/2025 08:28:51] "GET /accounts/profile/update/ HTTP/1.0" 200 57068
[21/Mar/2025 08:29:19] "GET /accounts/login/ HTTP/1.0" 200 50615
[21/Mar/2025 08:29:27] "POST /accounts/login/ HTTP/1.0" 302 0
[21/Mar/2025 08:29:27] "GET /accounts/dashboard/ HTTP/1.0" 200 40020
[21/Mar/2025 08:29:30] "POST /accounts/accounts/logout/ HTTP/1.0" 302 0
[21/Mar/2025 08:29:30] "GET /accounts/login/ HTTP/1.0" 200 50139
Internal Server Error: /payment/callback
Traceback (most recent call last):
  File "/var/www/kalakar/venv/lib/python3.12/site-packages/django/core/handlers/exception.py", line 55, in inner
    response = get_response(request)
               ^^^^^^^^^^^^^^^^^^^^^
  File "/var/www/kalakar/venv/lib/python3.12/site-packages/django/utils/deprecation.py", line 131, in __call__
    response = self.process_response(request, response)
               ^^^^^^^^^^^^^^^^^^^^^^^^^^^^^^^^^^^^^^^^
  File "/var/www/kalakar/venv/lib/python3.12/site-packages/django/middleware/common.py", line 108, in process_response
    return self.response_redirect_class(self.get_full_path_with_slash(request))
                                        ^^^^^^^^^^^^^^^^^^^^^^^^^^^^^^^^^^^^^^
  File "/var/www/kalakar/venv/lib/python3.12/site-packages/django/middleware/common.py", line 87, in get_full_path_with_slash
    raise RuntimeError(
RuntimeError: You called this URL via POST, but the URL doesn't end in a slash and you have APPEND_SLASH set. Django can't redirect to the slash URL while maintaining POST data. Change your form to point to kalagurubyirarangoliarts.com/payment/callback/ (note the trailing slash), or set APPEND_SLASH=False in your Django settings.
Internal Server Error: /payment/callback
Traceback (most recent call last):
  File "/var/www/kalakar/venv/lib/python3.12/site-packages/django/core/handlers/exception.py", line 55, in inner
    response = get_response(request)
               ^^^^^^^^^^^^^^^^^^^^^
  File "/var/www/kalakar/venv/lib/python3.12/site-packages/django/utils/deprecation.py", line 131, in __call__
    response = self.process_response(request, response)
               ^^^^^^^^^^^^^^^^^^^^^^^^^^^^^^^^^^^^^^^^
  File "/var/www/kalakar/venv/lib/python3.12/site-packages/django/middleware/common.py", line 108, in process_response
    return self.response_redirect_class(self.get_full_path_with_slash(request))
                                        ^^^^^^^^^^^^^^^^^^^^^^^^^^^^^^^^^^^^^^
  File "/var/www/kalakar/venv/lib/python3.12/site-packages/django/middleware/common.py", line 87, in get_full_path_with_slash
    raise RuntimeError(
RuntimeError: You called this URL via POST, but the URL doesn't end in a slash and you have APPEND_SLASH set. Django can't redirect to the slash URL while maintaining POST data. Change your form to point to kalagurubyirarangoliarts.com/payment/callback/ (note the trailing slash), or set APPEND_SLASH=False in your Django settings.
[21/Mar/2025 08:32:02] "POST /payment/callback HTTP/1.0" 500 66852
[21/Mar/2025 08:32:02] "POST /payment/callback HTTP/1.0" 500 66852
[21/Mar/2025 08:34:23] "POST /payment/callback/ HTTP/1.0" 200 54
Internal Server Error: /payment/callback
Traceback (most recent call last):
  File "/var/www/kalakar/venv/lib/python3.12/site-packages/django/core/handlers/exception.py", line 55, in inner
    response = get_response(request)
               ^^^^^^^^^^^^^^^^^^^^^
  File "/var/www/kalakar/venv/lib/python3.12/site-packages/django/utils/deprecation.py", line 131, in __call__
    response = self.process_response(request, response)
               ^^^^^^^^^^^^^^^^^^^^^^^^^^^^^^^^^^^^^^^^
  File "/var/www/kalakar/venv/lib/python3.12/site-packages/django/middleware/common.py", line 108, in process_response
    return self.response_redirect_class(self.get_full_path_with_slash(request))
                                        ^^^^^^^^^^^^^^^^^^^^^^^^^^^^^^^^^^^^^^
  File "/var/www/kalakar/venv/lib/python3.12/site-packages/django/middleware/common.py", line 87, in get_full_path_with_slash
    raise RuntimeError(
RuntimeError: You called this URL via POST, but the URL doesn't end in a slash and you have APPEND_SLASH set. Django can't redirect to the slash URL while maintaining POST data. Change your form to point to kalagurubyirarangoliarts.com/payment/callback/ (note the trailing slash), or set APPEND_SLASH=False in your Django settings.
[21/Mar/2025 08:34:32] "POST /payment/callback HTTP/1.0" 500 66854
Internal Server Error: /payment/callback
Traceback (most recent call last):
  File "/var/www/kalakar/venv/lib/python3.12/site-packages/django/core/handlers/exception.py", line 55, in inner
    response = get_response(request)
               ^^^^^^^^^^^^^^^^^^^^^
  File "/var/www/kalakar/venv/lib/python3.12/site-packages/django/utils/deprecation.py", line 131, in __call__
    response = self.process_response(request, response)
               ^^^^^^^^^^^^^^^^^^^^^^^^^^^^^^^^^^^^^^^^
  File "/var/www/kalakar/venv/lib/python3.12/site-packages/django/middleware/common.py", line 108, in process_response
    return self.response_redirect_class(self.get_full_path_with_slash(request))
                                        ^^^^^^^^^^^^^^^^^^^^^^^^^^^^^^^^^^^^^^
  File "/var/www/kalakar/venv/lib/python3.12/site-packages/django/middleware/common.py", line 87, in get_full_path_with_slash
    raise RuntimeError(
RuntimeError: You called this URL via POST, but the URL doesn't end in a slash and you have APPEND_SLASH set. Django can't redirect to the slash URL while maintaining POST data. Change your form to point to kalagurubyirarangoliarts.com/payment/callback/ (note the trailing slash), or set APPEND_SLASH=False in your Django settings.
[21/Mar/2025 08:34:32] "POST /payment/callback HTTP/1.0" 500 66854
[21/Mar/2025 08:55:02] "GET / HTTP/1.0" 200 49086
[21/Mar/2025 08:56:52] "GET / HTTP/1.0" 200 49086
Not Found: /wp-includes/wlwmanifest.xml
[21/Mar/2025 08:56:52] "GET //wp-includes/wlwmanifest.xml HTTP/1.0" 404 4650
[21/Mar/2025 08:56:53] "GET //xmlrpc.php?rsd HTTP/1.0" 301 0
[21/Mar/2025 08:56:53] "GET / HTTP/1.0" 200 49086
Not Found: /blog/wp-includes/wlwmanifest.xml
[21/Mar/2025 08:56:53] "GET //blog/wp-includes/wlwmanifest.xml HTTP/1.0" 404 4665
Not Found: /web/wp-includes/wlwmanifest.xml
[21/Mar/2025 08:56:53] "GET //web/wp-includes/wlwmanifest.xml HTTP/1.0" 404 4662
Not Found: /wordpress/wp-includes/wlwmanifest.xml
[21/Mar/2025 08:56:54] "GET //wordpress/wp-includes/wlwmanifest.xml HTTP/1.0" 404 4680
Not Found: /website/wp-includes/wlwmanifest.xml
[21/Mar/2025 08:56:54] "GET //website/wp-includes/wlwmanifest.xml HTTP/1.0" 404 4674
Not Found: /wp/wp-includes/wlwmanifest.xml
[21/Mar/2025 08:56:54] "GET //wp/wp-includes/wlwmanifest.xml HTTP/1.0" 404 4659
Not Found: /news/wp-includes/wlwmanifest.xml
[21/Mar/2025 08:56:54] "GET //news/wp-includes/wlwmanifest.xml HTTP/1.0" 404 4665
Not Found: /2020/wp-includes/wlwmanifest.xml
[21/Mar/2025 08:56:55] "GET //2020/wp-includes/wlwmanifest.xml HTTP/1.0" 404 4665
Not Found: /2019/wp-includes/wlwmanifest.xml
[21/Mar/2025 08:56:55] "GET //2019/wp-includes/wlwmanifest.xml HTTP/1.0" 404 4665
Not Found: /shop/wp-includes/wlwmanifest.xml
[21/Mar/2025 08:56:55] "GET //shop/wp-includes/wlwmanifest.xml HTTP/1.0" 404 4665
Not Found: /wp1/wp-includes/wlwmanifest.xml
[21/Mar/2025 08:56:56] "GET //wp1/wp-includes/wlwmanifest.xml HTTP/1.0" 404 4662
Not Found: /test/wp-includes/wlwmanifest.xml
[21/Mar/2025 08:56:56] "GET //test/wp-includes/wlwmanifest.xml HTTP/1.0" 404 4665
Not Found: /wp2/wp-includes/wlwmanifest.xml
[21/Mar/2025 08:56:56] "GET //wp2/wp-includes/wlwmanifest.xml HTTP/1.0" 404 4662
Not Found: /site/wp-includes/wlwmanifest.xml
[21/Mar/2025 08:56:56] "GET //site/wp-includes/wlwmanifest.xml HTTP/1.0" 404 4665
Not Found: /cms/wp-includes/wlwmanifest.xml
[21/Mar/2025 08:56:57] "GET //cms/wp-includes/wlwmanifest.xml HTTP/1.0" 404 4662
Not Found: /sito/wp-includes/wlwmanifest.xml
[21/Mar/2025 08:56:57] "GET //sito/wp-includes/wlwmanifest.xml HTTP/1.0" 404 4665
/var/www/kalakar/src/lessons/admin.py changed, reloading.
Performing system checks...

System check identified no issues (0 silenced).
March 21, 2025 - 07:30:08
Django version 5.1.4, using settings 'root.settings'
Starting development server at http://0.0.0.0:8000/
Quit the server with CONTROL-C.

{"result":true,"phone_number":"918983623472","template_name":"kalaguru_login","parameteres":[{"name":"name","value":"Nilesh Raokhande"},{"name":"Login_url","value":"https://kalagurubyirarangoliarts.com/accounts/login/"},{"name":"username","value":"nilesh.raokhande+4@gmail.com"},{"name":"password","value":"3679425"},{"name":"faq_link","value":"https://kalagurubyirarangoliarts.com"}],"contact":{"id":"67d17d8fc16d9ff96047236c","tenantId":"415778","wAid":"918983623472","firstName":"ira rangoli arts class","fullName":"ira rangoli arts class","phone":"918983623472","source":"Wati","contactStatus":"VALID","photo":null,"created":"Mar-12-2025","customParams":[{"name":"name","value":"ira rangoli arts class"},{"name":"phone","value":"918983623472"},{"name":"login_url","value":"https://kalagurubyirarangoliarts.com/accounts/login/"},{"name":"username","value":"nilesh.raokhande@gmail.com"},{"name":"password","value":"jXLbXl(h"},{"name":"faq_link","value":"https://kalagurubyirarangoliarts.com"}],"optedIn":false,"isDeleted":false,"lastUpdated":"2025-03-20T14:37:49.097Z","allowBroadcast":true,"allowSMS":true,"teamIds":["67cedfa31009e69744dd4b48"],"isInFlow":false,"isInTestFlow":false,"lastFlowId":null,"currentFlowNodeId":null,"selectedHubspotId":null,"channelId":null,"displayId":null,"contactLinkId":null,"waChannelPhone":null,"igPhoneSource":0,"mgPhoneSource":0,"tagName":null,"messengerPageName":"","paylinkSettings":null,"ctwaFollowUpStatus":0,"ctwaFollowUpCount":0,"ctwaFollowUpNotice":0},"model":{"ids":["67d17d8fc16d9ff96047236c"]},"validWhatsAppNumber":true}
Watching for file changes with StatReloader
[21/Mar/2025 09:08:27] "GET / HTTP/1.0" 200 49562
[21/Mar/2025 09:08:30] "GET /admin/accounts/user/ HTTP/1.0" 200 28864
[21/Mar/2025 09:08:30] "GET /admin/jsi18n/ HTTP/1.0" 200 3342
[21/Mar/2025 09:08:30] "GET /favicon.ico/ HTTP/1.0" 200 48921
[21/Mar/2025 09:08:33] "GET /admin/lessons/lesson/ HTTP/1.0" 200 15909
[21/Mar/2025 09:08:33] "GET /admin/jsi18n/ HTTP/1.0" 200 3342
[21/Mar/2025 09:08:34] "GET /favicon.ico/ HTTP/1.0" 200 48921
[21/Mar/2025 09:08:35] "GET /admin/lessons/lesson/add/ HTTP/1.0" 200 25707
[21/Mar/2025 09:08:35] "GET /admin/jsi18n/ HTTP/1.0" 200 3342
[21/Mar/2025 09:08:35] "GET /favicon.ico/ HTTP/1.0" 200 48921
/var/www/kalakar/src/lessons/admin.py changed, reloading.
Performing system checks...

System check identified no issues (0 silenced).
March 21, 2025 - 09:08:26
Django version 5.1.4, using settings 'root.settings'
Starting development server at http://0.0.0.0:8000/
Quit the server with CONTROL-C.

Watching for file changes with StatReloader
Exception in thread django-main-thread:
Traceback (most recent call last):
  File "/usr/lib/python3.12/threading.py", line 1073, in _bootstrap_inner
    self.run()
  File "/usr/lib/python3.12/threading.py", line 1010, in run
    self._target(*self._args, **self._kwargs)
  File "/var/www/kalakar/venv/lib/python3.12/site-packages/django/utils/autoreload.py", line 64, in wrapper
    fn(*args, **kwargs)
  File "/var/www/kalakar/venv/lib/python3.12/site-packages/django/core/management/commands/runserver.py", line 134, in inner_run
    self.check(display_num_errors=True)
  File "/var/www/kalakar/venv/lib/python3.12/site-packages/django/core/management/base.py", line 563, in check
    raise SystemCheckError(msg)
django.core.management.base.SystemCheckError: SystemCheckError: System check identified some issues:

ERRORS:
<class 'lessons.admin.FileInline'>: (admin.E301) 'lessons.File' has no GenericForeignKey.
<class 'lessons.admin.ImageInline'>: (admin.E301) 'lessons.Image' has no GenericForeignKey.
<class 'lessons.admin.TextInline'>: (admin.E301) 'lessons.Text' has no GenericForeignKey.
<class 'lessons.admin.VideoInline'>: (admin.E301) 'lessons.Video' has no GenericForeignKey.

System check identified 4 issues (0 silenced).
/var/www/kalakar/src/lessons/admin.py changed, reloading.
Performing system checks...

Watching for file changes with StatReloader
[21/Mar/2025 09:31:25] "GET /admin/lessons/lesson/ HTTP/1.0" 200 15909
[21/Mar/2025 09:31:26] "GET /admin/jsi18n/ HTTP/1.0" 200 3342
[21/Mar/2025 09:31:26] "GET /favicon.ico/ HTTP/1.0" 200 48921
Internal Server Error: /admin/lessons/lesson/1/change/
Traceback (most recent call last):
  File "/var/www/kalakar/venv/lib/python3.12/site-packages/django/db/models/options.py", line 676, in get_field
    return self.fields_map[field_name]
           ~~~~~~~~~~~~~~~^^^^^^^^^^^^
KeyError: 'content_type'

During handling of the above exception, another exception occurred:

Traceback (most recent call last):
  File "/var/www/kalakar/venv/lib/python3.12/site-packages/django/core/handlers/exception.py", line 55, in inner
    response = get_response(request)
               ^^^^^^^^^^^^^^^^^^^^^
  File "/var/www/kalakar/venv/lib/python3.12/site-packages/django/core/handlers/base.py", line 197, in _get_response
    response = wrapped_callback(request, *callback_args, **callback_kwargs)
               ^^^^^^^^^^^^^^^^^^^^^^^^^^^^^^^^^^^^^^^^^^^^^^^^^^^^^^^^^^^^
  File "/var/www/kalakar/venv/lib/python3.12/site-packages/django/contrib/admin/options.py", line 718, in wrapper
    return self.admin_site.admin_view(view)(*args, **kwargs)
           ^^^^^^^^^^^^^^^^^^^^^^^^^^^^^^^^^^^^^^^^^^^^^^^^^
  File "/var/www/kalakar/venv/lib/python3.12/site-packages/django/utils/decorators.py", line 188, in _view_wrapper
    result = _process_exception(request, e)
             ^^^^^^^^^^^^^^^^^^^^^^^^^^^^^^
  File "/var/www/kalakar/venv/lib/python3.12/site-packages/django/utils/decorators.py", line 186, in _view_wrapper
    response = view_func(request, *args, **kwargs)
               ^^^^^^^^^^^^^^^^^^^^^^^^^^^^^^^^^^^
  File "/var/www/kalakar/venv/lib/python3.12/site-packages/django/views/decorators/cache.py", line 80, in _view_wrapper
    response = view_func(request, *args, **kwargs)
               ^^^^^^^^^^^^^^^^^^^^^^^^^^^^^^^^^^^
  File "/var/www/kalakar/venv/lib/python3.12/site-packages/django/contrib/admin/sites.py", line 241, in inner
    return view(request, *args, **kwargs)
           ^^^^^^^^^^^^^^^^^^^^^^^^^^^^^^
  File "/var/www/kalakar/venv/lib/python3.12/site-packages/django/contrib/admin/options.py", line 1964, in change_view
    return self.changeform_view(request, object_id, form_url, extra_context)
           ^^^^^^^^^^^^^^^^^^^^^^^^^^^^^^^^^^^^^^^^^^^^^^^^^^^^^^^^^^^^^^^^^
  File "/var/www/kalakar/venv/lib/python3.12/site-packages/django/utils/decorators.py", line 48, in _wrapper
    return bound_method(*args, **kwargs)
           ^^^^^^^^^^^^^^^^^^^^^^^^^^^^^
  File "/var/www/kalakar/venv/lib/python3.12/site-packages/django/utils/decorators.py", line 188, in _view_wrapper
    result = _process_exception(request, e)
             ^^^^^^^^^^^^^^^^^^^^^^^^^^^^^^
  File "/var/www/kalakar/venv/lib/python3.12/site-packages/django/utils/decorators.py", line 186, in _view_wrapper
    response = view_func(request, *args, **kwargs)
               ^^^^^^^^^^^^^^^^^^^^^^^^^^^^^^^^^^^
  File "/var/www/kalakar/venv/lib/python3.12/site-packages/django/contrib/admin/options.py", line 1820, in changeform_view
    return self._changeform_view(request, object_id, form_url, extra_context)
           ^^^^^^^^^^^^^^^^^^^^^^^^^^^^^^^^^^^^^^^^^^^^^^^^^^^^^^^^^^^^^^^^^^
  File "/var/www/kalakar/venv/lib/python3.12/site-packages/django/contrib/admin/options.py", line 1893, in _changeform_view
    formsets, inline_instances = self._create_formsets(
                                 ^^^^^^^^^^^^^^^^^^^^^^
  File "/var/www/kalakar/venv/lib/python3.12/site-packages/django/contrib/admin/options.py", line 2332, in _create_formsets
    for FormSet, inline in self.get_formsets_with_inlines(*get_formsets_args):
  File "/var/www/kalakar/venv/lib/python3.12/site-packages/django/contrib/admin/options.py", line 937, in get_formsets_with_inlines
    yield inline.get_formset(request, obj), inline
          ^^^^^^^^^^^^^^^^^^^^^^^^^^^^^^^^
  File "/var/www/kalakar/venv/lib/python3.12/site-packages/django/contrib/contenttypes/admin.py", line 102, in get_formset
    fields = flatten_fieldsets(self.get_fieldsets(request, obj))
                               ^^^^^^^^^^^^^^^^^^^^^^^^^^^^^^^^
  File "/var/www/kalakar/venv/lib/python3.12/site-packages/django/contrib/admin/options.py", line 406, in get_fieldsets
    return [(None, {"fields": self.get_fields(request, obj)})]
                              ^^^^^^^^^^^^^^^^^^^^^^^^^^^^^
  File "/var/www/kalakar/venv/lib/python3.12/site-packages/django/contrib/admin/options.py", line 397, in get_fields
    form = self._get_form_for_get_fields(request, obj)
           ^^^^^^^^^^^^^^^^^^^^^^^^^^^^^^^^^^^^^^^^^^^
  File "/var/www/kalakar/venv/lib/python3.12/site-packages/django/contrib/admin/options.py", line 2512, in _get_form_for_get_fields
    return self.get_formset(request, obj, fields=None).form
           ^^^^^^^^^^^^^^^^^^^^^^^^^^^^^^^^^^^^^^^^^^^
  File "/var/www/kalakar/venv/lib/python3.12/site-packages/django/contrib/contenttypes/admin.py", line 135, in get_formset
    return generic_inlineformset_factory(self.model, **defaults)
           ^^^^^^^^^^^^^^^^^^^^^^^^^^^^^^^^^^^^^^^^^^^^^^^^^^^^^
  File "/var/www/kalakar/venv/lib/python3.12/site-packages/django/contrib/contenttypes/forms.py", line 105, in generic_inlineformset_factory
    ct_field = opts.get_field(ct_field)
               ^^^^^^^^^^^^^^^^^^^^^^^^
  File "/var/www/kalakar/venv/lib/python3.12/site-packages/django/db/models/options.py", line 678, in get_field
    raise FieldDoesNotExist(
django.core.exceptions.FieldDoesNotExist: Video has no field named 'content_type'
[21/Mar/2025 09:31:28] "GET /admin/lessons/lesson/1/change/ HTTP/1.0" 500 165755
[21/Mar/2025 09:31:29] "GET /favicon.ico/ HTTP/1.0" 200 48921
/var/www/kalakar/src/lessons/admin.py changed, reloading.
Performing system checks...

System check identified no issues (0 silenced).
March 21, 2025 - 09:31:23
Django version 5.1.4, using settings 'root.settings'
Starting development server at http://0.0.0.0:8000/
Quit the server with CONTROL-C.

Watching for file changes with StatReloader
[21/Mar/2025 09:32:53] "GET /admin/lessons/lesson/1/change/ HTTP/1.0" 200 26011
[21/Mar/2025 09:32:53] "GET /admin/jsi18n/ HTTP/1.0" 200 3342
[21/Mar/2025 09:32:53] "GET /favicon.ico/ HTTP/1.0" 200 48921
[21/Mar/2025 09:33:13] "GET /admin/lessons/lesson/ HTTP/1.0" 200 15909
[21/Mar/2025 09:33:13] "GET /admin/jsi18n/ HTTP/1.0" 200 3342
[21/Mar/2025 09:33:13] "GET /favicon.ico/ HTTP/1.0" 200 48921
[21/Mar/2025 09:33:19] "GET /admin/lessons/lesson/add/ HTTP/1.0" 200 25707
[21/Mar/2025 09:33:19] "GET /admin/jsi18n/ HTTP/1.0" 200 3342
[21/Mar/2025 09:33:19] "GET /favicon.ico/ HTTP/1.0" 200 48921
/var/www/kalakar/src/lessons/admin.py changed, reloading.
Performing system checks...

System check identified no issues (0 silenced).
March 21, 2025 - 09:32:49
Django version 5.1.4, using settings 'root.settings'
Starting development server at http://0.0.0.0:8000/
Quit the server with CONTROL-C.

Watching for file changes with StatReloader
[21/Mar/2025 09:42:09] "GET /admin/lessons/lesson/add/ HTTP/1.0" 200 25707
[21/Mar/2025 09:42:09] "GET /admin/jsi18n/ HTTP/1.0" 200 3342
[21/Mar/2025 09:42:10] "GET /favicon.ico/ HTTP/1.0" 200 48921
[21/Mar/2025 09:42:18] "POST /admin/lessons/lesson/add/ HTTP/1.0" 200 26147
[21/Mar/2025 09:42:18] "GET /admin/jsi18n/ HTTP/1.0" 200 3342
[21/Mar/2025 09:42:18] "GET /favicon.ico/ HTTP/1.0" 200 48921
[21/Mar/2025 09:42:22] "GET /admin/lessons/lesson/ HTTP/1.0" 200 15909
[21/Mar/2025 09:42:22] "GET /admin/jsi18n/ HTTP/1.0" 200 3342
[21/Mar/2025 09:42:22] "GET /favicon.ico/ HTTP/1.0" 200 48921
Internal Server Error: /admin/lessons/lesson/1/change/
Traceback (most recent call last):
  File "/var/www/kalakar/venv/lib/python3.12/site-packages/django/db/models/options.py", line 676, in get_field
    return self.fields_map[field_name]
           ~~~~~~~~~~~~~~~^^^^^^^^^^^^
KeyError: 'content_type'

During handling of the above exception, another exception occurred:

Traceback (most recent call last):
  File "/var/www/kalakar/venv/lib/python3.12/site-packages/django/core/handlers/exception.py", line 55, in inner
    response = get_response(request)
               ^^^^^^^^^^^^^^^^^^^^^
  File "/var/www/kalakar/venv/lib/python3.12/site-packages/django/core/handlers/base.py", line 197, in _get_response
    response = wrapped_callback(request, *callback_args, **callback_kwargs)
               ^^^^^^^^^^^^^^^^^^^^^^^^^^^^^^^^^^^^^^^^^^^^^^^^^^^^^^^^^^^^
  File "/var/www/kalakar/venv/lib/python3.12/site-packages/django/contrib/admin/options.py", line 718, in wrapper
    return self.admin_site.admin_view(view)(*args, **kwargs)
           ^^^^^^^^^^^^^^^^^^^^^^^^^^^^^^^^^^^^^^^^^^^^^^^^^
  File "/var/www/kalakar/venv/lib/python3.12/site-packages/django/utils/decorators.py", line 188, in _view_wrapper
    result = _process_exception(request, e)
             ^^^^^^^^^^^^^^^^^^^^^^^^^^^^^^
  File "/var/www/kalakar/venv/lib/python3.12/site-packages/django/utils/decorators.py", line 186, in _view_wrapper
    response = view_func(request, *args, **kwargs)
               ^^^^^^^^^^^^^^^^^^^^^^^^^^^^^^^^^^^
  File "/var/www/kalakar/venv/lib/python3.12/site-packages/django/views/decorators/cache.py", line 80, in _view_wrapper
    response = view_func(request, *args, **kwargs)
               ^^^^^^^^^^^^^^^^^^^^^^^^^^^^^^^^^^^
  File "/var/www/kalakar/venv/lib/python3.12/site-packages/django/contrib/admin/sites.py", line 241, in inner
    return view(request, *args, **kwargs)
           ^^^^^^^^^^^^^^^^^^^^^^^^^^^^^^
  File "/var/www/kalakar/venv/lib/python3.12/site-packages/django/contrib/admin/options.py", line 1964, in change_view
    return self.changeform_view(request, object_id, form_url, extra_context)
           ^^^^^^^^^^^^^^^^^^^^^^^^^^^^^^^^^^^^^^^^^^^^^^^^^^^^^^^^^^^^^^^^^
  File "/var/www/kalakar/venv/lib/python3.12/site-packages/django/utils/decorators.py", line 48, in _wrapper
    return bound_method(*args, **kwargs)
           ^^^^^^^^^^^^^^^^^^^^^^^^^^^^^
  File "/var/www/kalakar/venv/lib/python3.12/site-packages/django/utils/decorators.py", line 188, in _view_wrapper
    result = _process_exception(request, e)
             ^^^^^^^^^^^^^^^^^^^^^^^^^^^^^^
  File "/var/www/kalakar/venv/lib/python3.12/site-packages/django/utils/decorators.py", line 186, in _view_wrapper
    response = view_func(request, *args, **kwargs)
               ^^^^^^^^^^^^^^^^^^^^^^^^^^^^^^^^^^^
  File "/var/www/kalakar/venv/lib/python3.12/site-packages/django/contrib/admin/options.py", line 1820, in changeform_view
    return self._changeform_view(request, object_id, form_url, extra_context)
           ^^^^^^^^^^^^^^^^^^^^^^^^^^^^^^^^^^^^^^^^^^^^^^^^^^^^^^^^^^^^^^^^^^
  File "/var/www/kalakar/venv/lib/python3.12/site-packages/django/contrib/admin/options.py", line 1893, in _changeform_view
    formsets, inline_instances = self._create_formsets(
                                 ^^^^^^^^^^^^^^^^^^^^^^
  File "/var/www/kalakar/venv/lib/python3.12/site-packages/django/contrib/admin/options.py", line 2332, in _create_formsets
    for FormSet, inline in self.get_formsets_with_inlines(*get_formsets_args):
  File "/var/www/kalakar/venv/lib/python3.12/site-packages/django/contrib/admin/options.py", line 937, in get_formsets_with_inlines
    yield inline.get_formset(request, obj), inline
          ^^^^^^^^^^^^^^^^^^^^^^^^^^^^^^^^
  File "/var/www/kalakar/venv/lib/python3.12/site-packages/django/contrib/contenttypes/admin.py", line 102, in get_formset
    fields = flatten_fieldsets(self.get_fieldsets(request, obj))
                               ^^^^^^^^^^^^^^^^^^^^^^^^^^^^^^^^
  File "/var/www/kalakar/venv/lib/python3.12/site-packages/django/contrib/admin/options.py", line 406, in get_fieldsets
    return [(None, {"fields": self.get_fields(request, obj)})]
                              ^^^^^^^^^^^^^^^^^^^^^^^^^^^^^
  File "/var/www/kalakar/venv/lib/python3.12/site-packages/django/contrib/admin/options.py", line 397, in get_fields
    form = self._get_form_for_get_fields(request, obj)
           ^^^^^^^^^^^^^^^^^^^^^^^^^^^^^^^^^^^^^^^^^^^
  File "/var/www/kalakar/venv/lib/python3.12/site-packages/django/contrib/admin/options.py", line 2512, in _get_form_for_get_fields
    return self.get_formset(request, obj, fields=None).form
           ^^^^^^^^^^^^^^^^^^^^^^^^^^^^^^^^^^^^^^^^^^^
  File "/var/www/kalakar/venv/lib/python3.12/site-packages/django/contrib/contenttypes/admin.py", line 135, in get_formset
    return generic_inlineformset_factory(self.model, **defaults)
           ^^^^^^^^^^^^^^^^^^^^^^^^^^^^^^^^^^^^^^^^^^^^^^^^^^^^^
  File "/var/www/kalakar/venv/lib/python3.12/site-packages/django/contrib/contenttypes/forms.py", line 105, in generic_inlineformset_factory
    ct_field = opts.get_field(ct_field)
               ^^^^^^^^^^^^^^^^^^^^^^^^
  File "/var/www/kalakar/venv/lib/python3.12/site-packages/django/db/models/options.py", line 678, in get_field
    raise FieldDoesNotExist(
django.core.exceptions.FieldDoesNotExist: Video has no field named 'content_type'
[21/Mar/2025 09:42:23] "GET /admin/lessons/lesson/1/change/ HTTP/1.0" 500 165755
[21/Mar/2025 09:42:24] "GET /favicon.ico/ HTTP/1.0" 200 48921
/var/www/kalakar/src/lessons/admin.py changed, reloading.
Performing system checks...

System check identified no issues (0 silenced).
March 21, 2025 - 09:42:07
Django version 5.1.4, using settings 'root.settings'
Starting development server at http://0.0.0.0:8000/
Quit the server with CONTROL-C.

Watching for file changes with StatReloader
Exception in thread django-main-thread:
Traceback (most recent call last):
  File "/usr/lib/python3.12/threading.py", line 1073, in _bootstrap_inner
    self.run()
  File "/usr/lib/python3.12/threading.py", line 1010, in run
    self._target(*self._args, **self._kwargs)
  File "/var/www/kalakar/venv/lib/python3.12/site-packages/django/utils/autoreload.py", line 64, in wrapper
    fn(*args, **kwargs)
  File "/var/www/kalakar/venv/lib/python3.12/site-packages/django/core/management/commands/runserver.py", line 126, in inner_run
    autoreload.raise_last_exception()
  File "/var/www/kalakar/venv/lib/python3.12/site-packages/django/utils/autoreload.py", line 87, in raise_last_exception
    raise _exception[1]
  File "/var/www/kalakar/venv/lib/python3.12/site-packages/django/core/management/__init__.py", line 394, in execute
    autoreload.check_errors(django.setup)()
  File "/var/www/kalakar/venv/lib/python3.12/site-packages/django/utils/autoreload.py", line 64, in wrapper
    fn(*args, **kwargs)
  File "/var/www/kalakar/venv/lib/python3.12/site-packages/django/__init__.py", line 24, in setup
    apps.populate(settings.INSTALLED_APPS)
  File "/var/www/kalakar/venv/lib/python3.12/site-packages/django/apps/registry.py", line 124, in populate
    app_config.ready()
  File "/var/www/kalakar/venv/lib/python3.12/site-packages/django/contrib/admin/apps.py", line 27, in ready
    self.module.autodiscover()
  File "/var/www/kalakar/venv/lib/python3.12/site-packages/django/contrib/admin/__init__.py", line 52, in autodiscover
    autodiscover_modules("admin", register_to=site)
  File "/var/www/kalakar/venv/lib/python3.12/site-packages/django/utils/module_loading.py", line 58, in autodiscover_modules
    import_module("%s.%s" % (app_config.name, module_to_search))
  File "/usr/lib/python3.12/importlib/__init__.py", line 90, in import_module
    return _bootstrap._gcd_import(name[level:], package, level)
           ^^^^^^^^^^^^^^^^^^^^^^^^^^^^^^^^^^^^^^^^^^^^^^^^^^^^
  File "<frozen importlib._bootstrap>", line 1387, in _gcd_import
  File "<frozen importlib._bootstrap>", line 1360, in _find_and_load
  File "<frozen importlib._bootstrap>", line 1331, in _find_and_load_unlocked
  File "<frozen importlib._bootstrap>", line 935, in _load_unlocked
  File "<frozen importlib._bootstrap_external>", line 995, in exec_module
  File "<frozen importlib._bootstrap>", line 488, in _call_with_frames_removed
  File "/var/www/kalakar/src/lessons/admin.py", line 3, in <module>
    from django.contrib.contenttypes.models import Type
ImportError: cannot import name 'Type' from 'django.contrib.contenttypes.models' (/var/www/kalakar/venv/lib/python3.12/site-packages/django/contrib/contenttypes/models.py)
/var/www/kalakar/src/lessons/models.py changed, reloading.
Watching for file changes with StatReloader
Exception in thread django-main-thread:
Traceback (most recent call last):
  File "/usr/lib/python3.12/threading.py", line 1073, in _bootstrap_inner
    self.run()
  File "/usr/lib/python3.12/threading.py", line 1010, in run
    self._target(*self._args, **self._kwargs)
  File "/var/www/kalakar/venv/lib/python3.12/site-packages/django/utils/autoreload.py", line 64, in wrapper
    fn(*args, **kwargs)
  File "/var/www/kalakar/venv/lib/python3.12/site-packages/django/core/management/commands/runserver.py", line 126, in inner_run
    autoreload.raise_last_exception()
  File "/var/www/kalakar/venv/lib/python3.12/site-packages/django/utils/autoreload.py", line 87, in raise_last_exception
    raise _exception[1]
  File "/var/www/kalakar/venv/lib/python3.12/site-packages/django/core/management/__init__.py", line 394, in execute
    autoreload.check_errors(django.setup)()
  File "/var/www/kalakar/venv/lib/python3.12/site-packages/django/utils/autoreload.py", line 64, in wrapper
    fn(*args, **kwargs)
  File "/var/www/kalakar/venv/lib/python3.12/site-packages/django/__init__.py", line 24, in setup
    apps.populate(settings.INSTALLED_APPS)
  File "/var/www/kalakar/venv/lib/python3.12/site-packages/django/apps/registry.py", line 124, in populate
    app_config.ready()
  File "/var/www/kalakar/venv/lib/python3.12/site-packages/django/contrib/admin/apps.py", line 27, in ready
    self.module.autodiscover()
  File "/var/www/kalakar/venv/lib/python3.12/site-packages/django/contrib/admin/__init__.py", line 52, in autodiscover
    autodiscover_modules("admin", register_to=site)
  File "/var/www/kalakar/venv/lib/python3.12/site-packages/django/utils/module_loading.py", line 58, in autodiscover_modules
    import_module("%s.%s" % (app_config.name, module_to_search))
  File "/usr/lib/python3.12/importlib/__init__.py", line 90, in import_module
    return _bootstrap._gcd_import(name[level:], package, level)
           ^^^^^^^^^^^^^^^^^^^^^^^^^^^^^^^^^^^^^^^^^^^^^^^^^^^^
  File "<frozen importlib._bootstrap>", line 1387, in _gcd_import
  File "<frozen importlib._bootstrap>", line 1360, in _find_and_load
  File "<frozen importlib._bootstrap>", line 1331, in _find_and_load_unlocked
  File "<frozen importlib._bootstrap>", line 935, in _load_unlocked
  File "<frozen importlib._bootstrap_external>", line 995, in exec_module
  File "<frozen importlib._bootstrap>", line 488, in _call_with_frames_removed
  File "/var/www/kalakar/src/lessons/admin.py", line 3, in <module>
    from django.contrib.contenttypes.models import Type
ImportError: cannot import name 'Type' from 'django.contrib.contenttypes.models' (/var/www/kalakar/venv/lib/python3.12/site-packages/django/contrib/contenttypes/models.py)
/var/www/kalakar/src/lessons/admin.py changed, reloading.
Watching for file changes with StatReloader
Exception in thread django-main-thread:
Traceback (most recent call last):
  File "/usr/lib/python3.12/threading.py", line 1073, in _bootstrap_inner
    self.run()
  File "/usr/lib/python3.12/threading.py", line 1010, in run
    self._target(*self._args, **self._kwargs)
  File "/var/www/kalakar/venv/lib/python3.12/site-packages/django/utils/autoreload.py", line 64, in wrapper
    fn(*args, **kwargs)
  File "/var/www/kalakar/venv/lib/python3.12/site-packages/django/core/management/commands/runserver.py", line 126, in inner_run
    autoreload.raise_last_exception()
  File "/var/www/kalakar/venv/lib/python3.12/site-packages/django/utils/autoreload.py", line 87, in raise_last_exception
    raise _exception[1]
  File "/var/www/kalakar/venv/lib/python3.12/site-packages/django/core/management/__init__.py", line 394, in execute
    autoreload.check_errors(django.setup)()
  File "/var/www/kalakar/venv/lib/python3.12/site-packages/django/utils/autoreload.py", line 64, in wrapper
    fn(*args, **kwargs)
  File "/var/www/kalakar/venv/lib/python3.12/site-packages/django/__init__.py", line 24, in setup
    apps.populate(settings.INSTALLED_APPS)
  File "/var/www/kalakar/venv/lib/python3.12/site-packages/django/apps/registry.py", line 124, in populate
    app_config.ready()
  File "/var/www/kalakar/venv/lib/python3.12/site-packages/django/contrib/admin/apps.py", line 27, in ready
    self.module.autodiscover()
  File "/var/www/kalakar/venv/lib/python3.12/site-packages/django/contrib/admin/__init__.py", line 52, in autodiscover
    autodiscover_modules("admin", register_to=site)
  File "/var/www/kalakar/venv/lib/python3.12/site-packages/django/utils/module_loading.py", line 58, in autodiscover_modules
    import_module("%s.%s" % (app_config.name, module_to_search))
  File "/usr/lib/python3.12/importlib/__init__.py", line 90, in import_module
    return _bootstrap._gcd_import(name[level:], package, level)
           ^^^^^^^^^^^^^^^^^^^^^^^^^^^^^^^^^^^^^^^^^^^^^^^^^^^^
  File "<frozen importlib._bootstrap>", line 1387, in _gcd_import
  File "<frozen importlib._bootstrap>", line 1360, in _find_and_load
  File "<frozen importlib._bootstrap>", line 1331, in _find_and_load_unlocked
  File "<frozen importlib._bootstrap>", line 935, in _load_unlocked
  File "<frozen importlib._bootstrap_external>", line 995, in exec_module
  File "<frozen importlib._bootstrap>", line 488, in _call_with_frames_removed
  File "/var/www/kalakar/src/lessons/admin.py", line 3, in <module>
    from django.contrib.contenttypes.models import Type
ImportError: cannot import name 'Type' from 'django.contrib.contenttypes.models' (/var/www/kalakar/venv/lib/python3.12/site-packages/django/contrib/contenttypes/models.py)
/var/www/kalakar/src/lessons/admin.py changed, reloading.
Watching for file changes with StatReloader
Exception in thread django-main-thread:
Traceback (most recent call last):
  File "/usr/lib/python3.12/threading.py", line 1073, in _bootstrap_inner
    self.run()
  File "/usr/lib/python3.12/threading.py", line 1010, in run
    self._target(*self._args, **self._kwargs)
  File "/var/www/kalakar/venv/lib/python3.12/site-packages/django/utils/autoreload.py", line 64, in wrapper
    fn(*args, **kwargs)
  File "/var/www/kalakar/venv/lib/python3.12/site-packages/django/core/management/commands/runserver.py", line 126, in inner_run
    autoreload.raise_last_exception()
  File "/var/www/kalakar/venv/lib/python3.12/site-packages/django/utils/autoreload.py", line 87, in raise_last_exception
    raise _exception[1]
  File "/var/www/kalakar/venv/lib/python3.12/site-packages/django/core/management/__init__.py", line 394, in execute
    autoreload.check_errors(django.setup)()
  File "/var/www/kalakar/venv/lib/python3.12/site-packages/django/utils/autoreload.py", line 64, in wrapper
    fn(*args, **kwargs)
  File "/var/www/kalakar/venv/lib/python3.12/site-packages/django/__init__.py", line 24, in setup
    apps.populate(settings.INSTALLED_APPS)
  File "/var/www/kalakar/venv/lib/python3.12/site-packages/django/apps/registry.py", line 124, in populate
    app_config.ready()
  File "/var/www/kalakar/venv/lib/python3.12/site-packages/django/contrib/admin/apps.py", line 27, in ready
    self.module.autodiscover()
  File "/var/www/kalakar/venv/lib/python3.12/site-packages/django/contrib/admin/__init__.py", line 52, in autodiscover
    autodiscover_modules("admin", register_to=site)
  File "/var/www/kalakar/venv/lib/python3.12/site-packages/django/utils/module_loading.py", line 58, in autodiscover_modules
    import_module("%s.%s" % (app_config.name, module_to_search))
  File "/usr/lib/python3.12/importlib/__init__.py", line 90, in import_module
    return _bootstrap._gcd_import(name[level:], package, level)
           ^^^^^^^^^^^^^^^^^^^^^^^^^^^^^^^^^^^^^^^^^^^^^^^^^^^^
  File "<frozen importlib._bootstrap>", line 1387, in _gcd_import
  File "<frozen importlib._bootstrap>", line 1360, in _find_and_load
  File "<frozen importlib._bootstrap>", line 1331, in _find_and_load_unlocked
  File "<frozen importlib._bootstrap>", line 935, in _load_unlocked
  File "<frozen importlib._bootstrap_external>", line 995, in exec_module
  File "<frozen importlib._bootstrap>", line 488, in _call_with_frames_removed
  File "/var/www/kalakar/src/lessons/admin.py", line 3, in <module>
    from django.contrib.contenttypes.models import Type
ImportError: cannot import name 'Type' from 'django.contrib.contenttypes.models' (/var/www/kalakar/venv/lib/python3.12/site-packages/django/contrib/contenttypes/models.py)
/var/www/kalakar/src/lessons/admin.py changed, reloading.
Watching for file changes with StatReloader
[21/Mar/2025 09:51:09] "GET /admin/lessons/lesson/1/change/ HTTP/1.0" 200 26011
[21/Mar/2025 09:51:09] "GET /admin/jsi18n/ HTTP/1.0" 200 3342
[21/Mar/2025 09:51:10] "GET /favicon.ico/ HTTP/1.0" 200 48921
/var/www/kalakar/src/lessons/admin.py changed, reloading.
Performing system checks...

System check identified no issues (0 silenced).
March 21, 2025 - 09:51:05
Django version 5.1.4, using settings 'root.settings'
Starting development server at http://0.0.0.0:8000/
Quit the server with CONTROL-C.

Watching for file changes with StatReloader
[21/Mar/2025 09:51:41] "GET /accounts/login/ HTTP/1.0" 200 50139
/var/www/kalakar/src/lessons/models.py changed, reloading.
Performing system checks...

System check identified no issues (0 silenced).
March 21, 2025 - 09:51:38
Django version 5.1.4, using settings 'root.settings'
Starting development server at http://0.0.0.0:8000/
Quit the server with CONTROL-C.

Watching for file changes with StatReloader
[21/Mar/2025 09:54:39] "GET /accounts/login/ HTTP/1.0" 200 50139
[21/Mar/2025 10:02:43] code 400, message Bad HTTP/0.9 request type ('\x00\x00\x00')
[21/Mar/2025 10:02:43] "    c                           " 400 -
[21/Mar/2025 10:05:06] "GET /accounts/login/ HTTP/1.0" 200 50139
[21/Mar/2025 10:51:31] code 400, message Bad request syntax ('nil')
[21/Mar/2025 10:51:31] "nil" 400 -
[21/Mar/2025 10:51:32] "GET / HTTP/1.0" 200 49086
[21/Mar/2025 10:51:32] "GET / HTTP/1.1" 200 49086
[21/Mar/2025 10:51:32] "GET /static/img/favicon.ico HTTP/1.1" 200 4154
/var/www/kalakar/src/lessons/admin.py changed, reloading.
Performing system checks...

System check identified no issues (0 silenced).
March 21, 2025 - 09:54:35
Django version 5.1.4, using settings 'root.settings'
Starting development server at http://0.0.0.0:8000/
Quit the server with CONTROL-C.

Watching for file changes with StatReloader
[21/Mar/2025 10:54:21] "GET / HTTP/1.0" 200 49086
[21/Mar/2025 10:54:33] "GET /accounts/login/ HTTP/1.0" 200 50139
[21/Mar/2025 10:54:40] "POST /accounts/login/ HTTP/1.0" 302 0
[21/Mar/2025 10:54:40] "GET /accounts/dashboard/ HTTP/1.0" 200 40023
[21/Mar/2025 10:54:57] "GET /courses/ HTTP/1.0" 200 46610
[21/Mar/2025 10:57:43] "GET /admin/courses/course/ HTTP/1.0" 200 16723
[21/Mar/2025 10:57:43] "GET /admin/jsi18n/ HTTP/1.0" 200 3342
[21/Mar/2025 10:57:43] "GET /favicon.ico/ HTTP/1.0" 200 48921
[21/Mar/2025 10:57:47] "GET /admin/lessons/lesson/ HTTP/1.0" 200 15909
[21/Mar/2025 10:57:47] "GET /admin/jsi18n/ HTTP/1.0" 200 3342
[21/Mar/2025 10:57:47] "GET /favicon.ico/ HTTP/1.0" 200 48921
[21/Mar/2025 10:57:49] "GET /admin/lessons/lesson/add/ HTTP/1.0" 200 25707
[21/Mar/2025 10:57:49] "GET /admin/jsi18n/ HTTP/1.0" 200 3342
[21/Mar/2025 10:57:49] "GET /favicon.ico/ HTTP/1.0" 200 48921
[21/Mar/2025 10:58:16] "GET /admin/courses/subject/ HTTP/1.0" 200 14240
[21/Mar/2025 10:58:16] "GET /admin/jsi18n/ HTTP/1.0" 200 3342
[21/Mar/2025 10:58:16] "GET /favicon.ico/ HTTP/1.0" 200 48921
[21/Mar/2025 10:58:21] "GET /admin/lessons/lesson/ HTTP/1.0" 200 15909
[21/Mar/2025 10:58:21] "GET /admin/jsi18n/ HTTP/1.0" 200 3342
[21/Mar/2025 10:58:21] "GET /favicon.ico/ HTTP/1.0" 200 48921
[21/Mar/2025 10:58:28] "GET /admin/lessons/lesson/1/change/ HTTP/1.0" 200 26011
[21/Mar/2025 10:58:28] "GET /admin/jsi18n/ HTTP/1.0" 200 3342
[21/Mar/2025 10:58:29] "GET /favicon.ico/ HTTP/1.0" 200 48921
[21/Mar/2025 11:01:08] "GET /admin/lessons/lesson/1/change/ HTTP/1.0" 200 26011
[21/Mar/2025 11:01:08] "GET /admin/jsi18n/ HTTP/1.0" 200 3342
[21/Mar/2025 11:01:08] "GET /favicon.ico/ HTTP/1.0" 200 48921
[21/Mar/2025 11:01:49] "GET /admin/lessons/lesson/1/history/ HTTP/1.0" 200 11831
[21/Mar/2025 11:01:49] "GET /favicon.ico/ HTTP/1.0" 200 48921
[21/Mar/2025 11:02:00] "GET /admin/lessons/lesson/ HTTP/1.0" 200 15909
[21/Mar/2025 11:02:00] "GET /admin/jsi18n/ HTTP/1.0" 200 3342
[21/Mar/2025 11:02:00] "GET /favicon.ico/ HTTP/1.0" 200 48921
[21/Mar/2025 11:02:38] "GET /admin/courses/subject/ HTTP/1.0" 200 14240
[21/Mar/2025 11:02:38] "GET /admin/jsi18n/ HTTP/1.0" 200 3342
[21/Mar/2025 11:02:38] "GET /favicon.ico/ HTTP/1.0" 200 48921
[21/Mar/2025 11:02:40] "GET /admin/courses/subject/1/change/ HTTP/1.0" 200 14425
[21/Mar/2025 11:02:40] "GET /admin/jsi18n/ HTTP/1.0" 200 3342
[21/Mar/2025 11:02:40] "GET /favicon.ico/ HTTP/1.0" 200 48921
[21/Mar/2025 11:02:43] "GET /admin/courses/course/ HTTP/1.0" 200 16723
[21/Mar/2025 11:02:43] "GET /admin/jsi18n/ HTTP/1.0" 200 3342
[21/Mar/2025 11:02:44] "GET /favicon.ico/ HTTP/1.0" 200 48921
[21/Mar/2025 11:03:52] "GET / HTTP/1.0" 200 49086
[21/Mar/2025 11:03:57] "GET /admin/courses/course/1/change/ HTTP/1.0" 200 88346
[21/Mar/2025 11:03:57] "GET /admin/jsi18n/ HTTP/1.0" 200 3342
[21/Mar/2025 11:03:57] "GET /favicon.ico/ HTTP/1.0" 200 48921
[21/Mar/2025 11:04:06] "GET /admin/lessons/lesson/ HTTP/1.0" 200 15909
[21/Mar/2025 11:04:06] "GET /admin/jsi18n/ HTTP/1.0" 200 3342
[21/Mar/2025 11:04:06] "GET /favicon.ico/ HTTP/1.0" 200 48921
[21/Mar/2025 11:04:07] "GET /admin/lessons/lesson/1/change/ HTTP/1.0" 200 26011
[21/Mar/2025 11:04:07] "GET /admin/jsi18n/ HTTP/1.0" 200 3342
[21/Mar/2025 11:04:07] "GET /favicon.ico/ HTTP/1.0" 200 48921
[21/Mar/2025 11:04:11] "GET /admin/lessons/lesson/ HTTP/1.0" 200 15909
[21/Mar/2025 11:04:11] "GET /admin/jsi18n/ HTTP/1.0" 200 3342
[21/Mar/2025 11:04:11] "GET /favicon.ico/ HTTP/1.0" 200 48921
[21/Mar/2025 11:04:13] "GET /admin/lessons/lesson/?lesson_type__id__exact=15 HTTP/1.0" 200 14976
[21/Mar/2025 11:04:13] "GET /admin/jsi18n/ HTTP/1.0" 200 3342
[21/Mar/2025 11:04:13] "GET /favicon.ico/ HTTP/1.0" 200 48921
[21/Mar/2025 11:04:15] "GET /admin/lessons/lesson/?lesson_type__id__exact=16 HTTP/1.0" 200 16391
[21/Mar/2025 11:04:15] "GET /admin/jsi18n/ HTTP/1.0" 200 3342
[21/Mar/2025 11:04:15] "GET /favicon.ico/ HTTP/1.0" 200 48921
[21/Mar/2025 11:04:18] "GET /admin/lessons/lesson/1/change/?_changelist_filters=lesson_type__id__exact%3D16 HTTP/1.0" 200 26165
[21/Mar/2025 11:04:18] "GET /admin/jsi18n/ HTTP/1.0" 200 3342
[21/Mar/2025 11:04:18] "GET /favicon.ico/ HTTP/1.0" 200 48921
[21/Mar/2025 11:04:41] "GET /admin/lessons/lesson/add/?_to_field=id&_popup=1 HTTP/1.0" 200 16743
[21/Mar/2025 11:04:41] "GET /admin/jsi18n/ HTTP/1.0" 200 3342
[21/Mar/2025 11:04:41] "GET /favicon.ico/ HTTP/1.0" 200 48921
[21/Mar/2025 11:09:25] "GET / HTTP/1.0" 200 49086
[21/Mar/2025 11:21:15] "POST /payment/callback/ HTTP/1.0" 200 54
[21/Mar/2025 11:22:32] "GET /robots.txt HTTP/1.0" 301 0
[21/Mar/2025 11:22:32] "GET /robots.txt/ HTTP/1.0" 200 48921
Invalid HTTP_HOST header: 'www.kalagurubyirarangoliarts.com'. You may need to add 'www.kalagurubyirarangoliarts.com' to ALLOWED_HOSTS.
Traceback (most recent call last):
  File "/var/www/kalakar/venv/lib/python3.12/site-packages/django/core/handlers/exception.py", line 55, in inner
    response = get_response(request)
               ^^^^^^^^^^^^^^^^^^^^^
  File "/var/www/kalakar/venv/lib/python3.12/site-packages/django/utils/deprecation.py", line 128, in __call__
    response = self.process_request(request)
               ^^^^^^^^^^^^^^^^^^^^^^^^^^^^^
  File "/var/www/kalakar/venv/lib/python3.12/site-packages/django/middleware/common.py", line 48, in process_request
    host = request.get_host()
           ^^^^^^^^^^^^^^^^^^
  File "/var/www/kalakar/venv/lib/python3.12/site-packages/django/http/request.py", line 151, in get_host
    raise DisallowedHost(msg)
django.core.exceptions.DisallowedHost: Invalid HTTP_HOST header: 'www.kalagurubyirarangoliarts.com'. You may need to add 'www.kalagurubyirarangoliarts.com' to ALLOWED_HOSTS.
Bad Request: /robots.txt
[21/Mar/2025 11:22:33] "GET /robots.txt HTTP/1.0" 400 66517
/var/www/kalakar/src/root/settings.py changed, reloading.
Performing system checks...

System check identified no issues (0 silenced).
March 21, 2025 - 10:53:42
Django version 5.1.4, using settings 'root.settings'
Starting development server at http://0.0.0.0:8000/
Quit the server with CONTROL-C.

Watching for file changes with StatReloader
[21/Mar/2025 11:24:04] "GET /admin/lessons/lesson/ HTTP/1.0" 200 15909
[21/Mar/2025 11:24:04] "GET /admin/jsi18n/ HTTP/1.0" 200 3342
[21/Mar/2025 11:24:04] "GET /favicon.ico/ HTTP/1.0" 200 48921
[21/Mar/2025 11:24:06] "GET /admin/lessons/lesson/1/change/ HTTP/1.0" 200 26011
[21/Mar/2025 11:24:06] "GET /admin/jsi18n/ HTTP/1.0" 200 3342
[21/Mar/2025 11:24:06] "GET /favicon.ico/ HTTP/1.0" 200 48921
[21/Mar/2025 11:24:15] "GET /admin/lessons/lesson/ HTTP/1.0" 200 15909
[21/Mar/2025 11:24:15] "GET /admin/jsi18n/ HTTP/1.0" 200 3342
[21/Mar/2025 11:24:15] "GET /favicon.ico/ HTTP/1.0" 200 48921
[21/Mar/2025 11:24:16] "GET /admin/lessons/lesson/add/ HTTP/1.0" 200 25707
[21/Mar/2025 11:24:16] "GET /admin/jsi18n/ HTTP/1.0" 200 3342
[21/Mar/2025 11:24:16] "GET /favicon.ico/ HTTP/1.0" 200 48921
[21/Mar/2025 11:27:16] "GET /index/ HTTP/1.0" 200 49562
[21/Mar/2025 11:27:29] "GET / HTTP/1.0" 200 49562
[21/Mar/2025 11:27:49] "GET /index/ HTTP/1.0" 200 49562
[21/Mar/2025 11:27:59] "GET /courses/test/ HTTP/1.0" 200 54380
[21/Mar/2025 11:28:34] "GET /lessons/1/ HTTP/1.0" 302 0
[21/Mar/2025 11:28:34] "GET /courses/test/ HTTP/1.0" 200 54380
[21/Mar/2025 11:29:07] "POST /payment/callback/ HTTP/1.0" 200 54
[21/Mar/2025 11:29:22] "GET /courses/test/ HTTP/1.0" 200 53904
[21/Mar/2025 11:29:26] "GET /courses/ HTTP/1.0" 200 46152
[21/Mar/2025 11:29:30] "GET /courses/test/ HTTP/1.0" 200 53904
[21/Mar/2025 11:32:52] "HEAD / HTTP/1.0" 200 0
[21/Mar/2025 11:33:14] "GET /courses/test/ HTTP/1.0" 200 53995
[21/Mar/2025 11:33:35] "GET /accounts/dashboard/ HTTP/1.0" 302 0
[21/Mar/2025 11:33:35] "GET /accounts/login/?next=/accounts/dashboard/ HTTP/1.0" 200 50159
[21/Mar/2025 11:33:51] "POST /accounts/login/ HTTP/1.0" 302 0
[21/Mar/2025 11:33:51] "GET /accounts/dashboard/ HTTP/1.0" 200 40019
[21/Mar/2025 11:33:53] "GET /courses/ HTTP/1.0" 200 46628
[21/Mar/2025 11:34:03] "GET /courses/test/ HTTP/1.0" 200 54471
[21/Mar/2025 11:34:07] "GET /accounts/dashboard/ HTTP/1.0" 200 40019
[21/Mar/2025 11:34:09] "GET /courses/ HTTP/1.0" 200 46628
[21/Mar/2025 11:35:54] "GET /courses/ HTTP/1.0" 200 46655
[21/Mar/2025 11:36:25] "GET /courses/ HTTP/1.0" 200 46664
[21/Mar/2025 11:36:34] "GET /courses/test/ HTTP/1.0" 200 54471
[21/Mar/2025 11:37:06] "GET /courses/ HTTP/1.0" 200 46673
[21/Mar/2025 11:38:10] "GET /courses/ HTTP/1.0" 200 46890
[21/Mar/2025 11:38:47] "GET /courses/ HTTP/1.0" 200 46910
[21/Mar/2025 11:39:01] "GET /courses/ HTTP/1.0" 200 46910
[21/Mar/2025 11:39:08] "GET /courses/test/ HTTP/1.0" 200 54471
[21/Mar/2025 11:40:28] "POST /payment/callback/ HTTP/1.0" 200 54
[21/Mar/2025 11:40:41] "GET /courses/ HTTP/1.0" 200 47134
[21/Mar/2025 11:40:45] "GET /courses/test/ HTTP/1.0" 200 54471
Internal Server Error: /courses/
Traceback (most recent call last):
  File "/var/www/kalakar/venv/lib/python3.12/site-packages/django/core/handlers/exception.py", line 55, in inner
    response = get_response(request)
               ^^^^^^^^^^^^^^^^^^^^^
  File "/var/www/kalakar/venv/lib/python3.12/site-packages/django/core/handlers/base.py", line 220, in _get_response
    response = response.render()
               ^^^^^^^^^^^^^^^^^
  File "/var/www/kalakar/venv/lib/python3.12/site-packages/django/template/response.py", line 114, in render
    self.content = self.rendered_content
                   ^^^^^^^^^^^^^^^^^^^^^
  File "/var/www/kalakar/venv/lib/python3.12/site-packages/django/template/response.py", line 90, in rendered_content
    template = self.resolve_template(self.template_name)
               ^^^^^^^^^^^^^^^^^^^^^^^^^^^^^^^^^^^^^^^^^
  File "/var/www/kalakar/venv/lib/python3.12/site-packages/django/template/response.py", line 72, in resolve_template
    return select_template(template, using=self.using)
           ^^^^^^^^^^^^^^^^^^^^^^^^^^^^^^^^^^^^^^^^^^^
  File "/var/www/kalakar/venv/lib/python3.12/site-packages/django/template/loader.py", line 42, in select_template
    return engine.get_template(template_name)
           ^^^^^^^^^^^^^^^^^^^^^^^^^^^^^^^^^^
  File "/var/www/kalakar/venv/lib/python3.12/site-packages/django/template/backends/django.py", line 79, in get_template
    return Template(self.engine.get_template(template_name), self)
                    ^^^^^^^^^^^^^^^^^^^^^^^^^^^^^^^^^^^^^^^
  File "/var/www/kalakar/venv/lib/python3.12/site-packages/django/template/engine.py", line 177, in get_template
    template, origin = self.find_template(template_name)
                       ^^^^^^^^^^^^^^^^^^^^^^^^^^^^^^^^^
  File "/var/www/kalakar/venv/lib/python3.12/site-packages/django/template/engine.py", line 159, in find_template
    template = loader.get_template(name, skip=skip)
               ^^^^^^^^^^^^^^^^^^^^^^^^^^^^^^^^^^^^
  File "/var/www/kalakar/venv/lib/python3.12/site-packages/django/template/loaders/cached.py", line 57, in get_template
    template = super().get_template(template_name, skip)
               ^^^^^^^^^^^^^^^^^^^^^^^^^^^^^^^^^^^^^^^^^
  File "/var/www/kalakar/venv/lib/python3.12/site-packages/django/template/loaders/base.py", line 28, in get_template
    return Template(
           ^^^^^^^^^
  File "/var/www/kalakar/venv/lib/python3.12/site-packages/django/template/base.py", line 154, in __init__
    self.nodelist = self.compile_nodelist()
                    ^^^^^^^^^^^^^^^^^^^^^^^
  File "/var/www/kalakar/venv/lib/python3.12/site-packages/django/template/base.py", line 196, in compile_nodelist
    nodelist = parser.parse()
               ^^^^^^^^^^^^^^
  File "/var/www/kalakar/venv/lib/python3.12/site-packages/django/template/base.py", line 518, in parse
    raise self.error(token, e)
  File "/var/www/kalakar/venv/lib/python3.12/site-packages/django/template/base.py", line 516, in parse
    compiled_result = compile_func(self, token)
                      ^^^^^^^^^^^^^^^^^^^^^^^^^
  File "/var/www/kalakar/venv/lib/python3.12/site-packages/django/template/loader_tags.py", line 295, in do_extends
    nodelist = parser.parse()
               ^^^^^^^^^^^^^^
  File "/var/www/kalakar/venv/lib/python3.12/site-packages/django/template/base.py", line 518, in parse
    raise self.error(token, e)
  File "/var/www/kalakar/venv/lib/python3.12/site-packages/django/template/base.py", line 516, in parse
    compiled_result = compile_func(self, token)
                      ^^^^^^^^^^^^^^^^^^^^^^^^^
  File "/var/www/kalakar/venv/lib/python3.12/site-packages/django/template/loader_tags.py", line 234, in do_block
    nodelist = parser.parse(("endblock",))
               ^^^^^^^^^^^^^^^^^^^^^^^^^^^
  File "/var/www/kalakar/venv/lib/python3.12/site-packages/django/template/base.py", line 523, in parse
    self.unclosed_block_tag(parse_until)
  File "/var/www/kalakar/venv/lib/python3.12/site-packages/django/template/base.py", line 586, in unclosed_block_tag
    raise self.error(token, msg)
django.template.exceptions.TemplateSyntaxError: Unclosed tag on line 1: 'block'. Looking for one of: endblock.
[21/Mar/2025 11:41:31] "GET /courses/ HTTP/1.0" 500 174286
[21/Mar/2025 11:41:31] "GET /favicon.ico/ HTTP/1.0" 200 48921
Internal Server Error: /courses/
Traceback (most recent call last):
  File "/var/www/kalakar/venv/lib/python3.12/site-packages/django/core/handlers/exception.py", line 55, in inner
    response = get_response(request)
               ^^^^^^^^^^^^^^^^^^^^^
  File "/var/www/kalakar/venv/lib/python3.12/site-packages/django/core/handlers/base.py", line 220, in _get_response
    response = response.render()
               ^^^^^^^^^^^^^^^^^
  File "/var/www/kalakar/venv/lib/python3.12/site-packages/django/template/response.py", line 114, in render
    self.content = self.rendered_content
                   ^^^^^^^^^^^^^^^^^^^^^
  File "/var/www/kalakar/venv/lib/python3.12/site-packages/django/template/response.py", line 90, in rendered_content
    template = self.resolve_template(self.template_name)
               ^^^^^^^^^^^^^^^^^^^^^^^^^^^^^^^^^^^^^^^^^
  File "/var/www/kalakar/venv/lib/python3.12/site-packages/django/template/response.py", line 72, in resolve_template
    return select_template(template, using=self.using)
           ^^^^^^^^^^^^^^^^^^^^^^^^^^^^^^^^^^^^^^^^^^^
  File "/var/www/kalakar/venv/lib/python3.12/site-packages/django/template/loader.py", line 42, in select_template
    return engine.get_template(template_name)
           ^^^^^^^^^^^^^^^^^^^^^^^^^^^^^^^^^^
  File "/var/www/kalakar/venv/lib/python3.12/site-packages/django/template/backends/django.py", line 79, in get_template
    return Template(self.engine.get_template(template_name), self)
                    ^^^^^^^^^^^^^^^^^^^^^^^^^^^^^^^^^^^^^^^
  File "/var/www/kalakar/venv/lib/python3.12/site-packages/django/template/engine.py", line 177, in get_template
    template, origin = self.find_template(template_name)
                       ^^^^^^^^^^^^^^^^^^^^^^^^^^^^^^^^^
  File "/var/www/kalakar/venv/lib/python3.12/site-packages/django/template/engine.py", line 159, in find_template
    template = loader.get_template(name, skip=skip)
               ^^^^^^^^^^^^^^^^^^^^^^^^^^^^^^^^^^^^
  File "/var/www/kalakar/venv/lib/python3.12/site-packages/django/template/loaders/cached.py", line 57, in get_template
    template = super().get_template(template_name, skip)
               ^^^^^^^^^^^^^^^^^^^^^^^^^^^^^^^^^^^^^^^^^
  File "/var/www/kalakar/venv/lib/python3.12/site-packages/django/template/loaders/base.py", line 28, in get_template
    return Template(
           ^^^^^^^^^
  File "/var/www/kalakar/venv/lib/python3.12/site-packages/django/template/base.py", line 154, in __init__
    self.nodelist = self.compile_nodelist()
                    ^^^^^^^^^^^^^^^^^^^^^^^
  File "/var/www/kalakar/venv/lib/python3.12/site-packages/django/template/base.py", line 196, in compile_nodelist
    nodelist = parser.parse()
               ^^^^^^^^^^^^^^
  File "/var/www/kalakar/venv/lib/python3.12/site-packages/django/template/base.py", line 518, in parse
    raise self.error(token, e)
  File "/var/www/kalakar/venv/lib/python3.12/site-packages/django/template/base.py", line 516, in parse
    compiled_result = compile_func(self, token)
                      ^^^^^^^^^^^^^^^^^^^^^^^^^
  File "/var/www/kalakar/venv/lib/python3.12/site-packages/django/template/loader_tags.py", line 295, in do_extends
    nodelist = parser.parse()
               ^^^^^^^^^^^^^^
  File "/var/www/kalakar/venv/lib/python3.12/site-packages/django/template/base.py", line 518, in parse
    raise self.error(token, e)
  File "/var/www/kalakar/venv/lib/python3.12/site-packages/django/template/base.py", line 516, in parse
    compiled_result = compile_func(self, token)
                      ^^^^^^^^^^^^^^^^^^^^^^^^^
  File "/var/www/kalakar/venv/lib/python3.12/site-packages/django/template/loader_tags.py", line 234, in do_block
    nodelist = parser.parse(("endblock",))
               ^^^^^^^^^^^^^^^^^^^^^^^^^^^
  File "/var/www/kalakar/venv/lib/python3.12/site-packages/django/template/base.py", line 523, in parse
    self.unclosed_block_tag(parse_until)
  File "/var/www/kalakar/venv/lib/python3.12/site-packages/django/template/base.py", line 586, in unclosed_block_tag
    raise self.error(token, msg)
django.template.exceptions.TemplateSyntaxError: Unclosed tag on line 1: 'block'. Looking for one of: endblock.
[21/Mar/2025 11:41:52] "GET /courses/ HTTP/1.0" 500 174286
[21/Mar/2025 11:41:52] "GET /favicon.ico/ HTTP/1.0" 200 48921
Internal Server Error: /courses/
Traceback (most recent call last):
  File "/var/www/kalakar/venv/lib/python3.12/site-packages/django/core/handlers/exception.py", line 55, in inner
    response = get_response(request)
               ^^^^^^^^^^^^^^^^^^^^^
  File "/var/www/kalakar/venv/lib/python3.12/site-packages/django/core/handlers/base.py", line 220, in _get_response
    response = response.render()
               ^^^^^^^^^^^^^^^^^
  File "/var/www/kalakar/venv/lib/python3.12/site-packages/django/template/response.py", line 114, in render
    self.content = self.rendered_content
                   ^^^^^^^^^^^^^^^^^^^^^
  File "/var/www/kalakar/venv/lib/python3.12/site-packages/django/template/response.py", line 90, in rendered_content
    template = self.resolve_template(self.template_name)
               ^^^^^^^^^^^^^^^^^^^^^^^^^^^^^^^^^^^^^^^^^
  File "/var/www/kalakar/venv/lib/python3.12/site-packages/django/template/response.py", line 72, in resolve_template
    return select_template(template, using=self.using)
           ^^^^^^^^^^^^^^^^^^^^^^^^^^^^^^^^^^^^^^^^^^^
  File "/var/www/kalakar/venv/lib/python3.12/site-packages/django/template/loader.py", line 42, in select_template
    return engine.get_template(template_name)
           ^^^^^^^^^^^^^^^^^^^^^^^^^^^^^^^^^^
  File "/var/www/kalakar/venv/lib/python3.12/site-packages/django/template/backends/django.py", line 79, in get_template
    return Template(self.engine.get_template(template_name), self)
                    ^^^^^^^^^^^^^^^^^^^^^^^^^^^^^^^^^^^^^^^
  File "/var/www/kalakar/venv/lib/python3.12/site-packages/django/template/engine.py", line 177, in get_template
    template, origin = self.find_template(template_name)
                       ^^^^^^^^^^^^^^^^^^^^^^^^^^^^^^^^^
  File "/var/www/kalakar/venv/lib/python3.12/site-packages/django/template/engine.py", line 159, in find_template
    template = loader.get_template(name, skip=skip)
               ^^^^^^^^^^^^^^^^^^^^^^^^^^^^^^^^^^^^
  File "/var/www/kalakar/venv/lib/python3.12/site-packages/django/template/loaders/cached.py", line 57, in get_template
    template = super().get_template(template_name, skip)
               ^^^^^^^^^^^^^^^^^^^^^^^^^^^^^^^^^^^^^^^^^
  File "/var/www/kalakar/venv/lib/python3.12/site-packages/django/template/loaders/base.py", line 28, in get_template
    return Template(
           ^^^^^^^^^
  File "/var/www/kalakar/venv/lib/python3.12/site-packages/django/template/base.py", line 154, in __init__
    self.nodelist = self.compile_nodelist()
                    ^^^^^^^^^^^^^^^^^^^^^^^
  File "/var/www/kalakar/venv/lib/python3.12/site-packages/django/template/base.py", line 196, in compile_nodelist
    nodelist = parser.parse()
               ^^^^^^^^^^^^^^
  File "/var/www/kalakar/venv/lib/python3.12/site-packages/django/template/base.py", line 518, in parse
    raise self.error(token, e)
  File "/var/www/kalakar/venv/lib/python3.12/site-packages/django/template/base.py", line 516, in parse
    compiled_result = compile_func(self, token)
                      ^^^^^^^^^^^^^^^^^^^^^^^^^
  File "/var/www/kalakar/venv/lib/python3.12/site-packages/django/template/loader_tags.py", line 295, in do_extends
    nodelist = parser.parse()
               ^^^^^^^^^^^^^^
  File "/var/www/kalakar/venv/lib/python3.12/site-packages/django/template/base.py", line 518, in parse
    raise self.error(token, e)
  File "/var/www/kalakar/venv/lib/python3.12/site-packages/django/template/base.py", line 516, in parse
    compiled_result = compile_func(self, token)
                      ^^^^^^^^^^^^^^^^^^^^^^^^^
  File "/var/www/kalakar/venv/lib/python3.12/site-packages/django/template/loader_tags.py", line 234, in do_block
    nodelist = parser.parse(("endblock",))
               ^^^^^^^^^^^^^^^^^^^^^^^^^^^
  File "/var/www/kalakar/venv/lib/python3.12/site-packages/django/template/base.py", line 523, in parse
    self.unclosed_block_tag(parse_until)
  File "/var/www/kalakar/venv/lib/python3.12/site-packages/django/template/base.py", line 586, in unclosed_block_tag
    raise self.error(token, msg)
django.template.exceptions.TemplateSyntaxError: Unclosed tag on line 1: 'block'. Looking for one of: endblock.
[21/Mar/2025 11:41:54] "GET /courses/ HTTP/1.0" 500 174286
[21/Mar/2025 11:41:54] "GET /favicon.ico/ HTTP/1.0" 200 48921
[21/Mar/2025 11:42:34] "GET /courses/ HTTP/1.0" 200 46280
[21/Mar/2025 11:42:50] "GET /courses/test/ HTTP/1.0" 200 54471
[21/Mar/2025 11:43:19] "GET /admin/courses/course/ HTTP/1.0" 200 16723
[21/Mar/2025 11:43:19] "GET /admin/jsi18n/ HTTP/1.0" 200 3342
[21/Mar/2025 11:43:19] "GET /favicon.ico/ HTTP/1.0" 200 48921
[21/Mar/2025 11:43:21] "GET /admin/courses/course/1/change/ HTTP/1.0" 200 88346
[21/Mar/2025 11:43:21] "GET /admin/jsi18n/ HTTP/1.0" 200 3342
[21/Mar/2025 11:43:21] "GET /favicon.ico/ HTTP/1.0" 200 48921
[21/Mar/2025 11:43:38] "POST /payment/callback/ HTTP/1.0" 200 54
[21/Mar/2025 11:44:11] "GET /courses/test/ HTTP/1.0" 200 54471
[21/Mar/2025 11:44:13] "GET /courses/ HTTP/1.0" 200 46323
[21/Mar/2025 11:44:26] "GET /courses/ HTTP/1.0" 200 46337
[21/Mar/2025 11:44:58] "GET /courses/ HTTP/1.0" 200 46280
[21/Mar/2025 11:45:00] "GET /courses/test/ HTTP/1.0" 200 54426
[21/Mar/2025 11:46:23] "POST /payment/callback/ HTTP/1.0" 200 54
[21/Mar/2025 11:46:24] "GET /courses/test/ HTTP/1.0" 200 54426
[21/Mar/2025 11:46:26] "GET /accounts/dashboard/ HTTP/1.0" 200 40023
[21/Mar/2025 11:49:21] "POST /payment/callback/ HTTP/1.0" 200 54
[21/Mar/2025 11:49:32] "GET /courses/test/ HTTP/1.0" 200 54426
[21/Mar/2025 11:50:00] "GET /courses/test/ HTTP/1.0" 200 54435
[21/Mar/2025 11:51:17] "GET /accounts/dashboard/ HTTP/1.0" 200 40026
[21/Mar/2025 11:51:20] "GET /accounts/dashboard/ HTTP/1.0" 200 40026
[21/Mar/2025 11:52:09] "POST /payment/callback/ HTTP/1.0" 200 54
[21/Mar/2025 11:56:28] "GET /accounts/dashboard/ HTTP/1.0" 200 40360
[21/Mar/2025 11:56:53] "POST /payment/callback/ HTTP/1.0" 200 54
[21/Mar/2025 11:57:45] "GET /accounts/dashboard/ HTTP/1.0" 200 40227
[21/Mar/2025 11:58:20] "GET /accounts/dashboard/ HTTP/1.0" 200 40317
[21/Mar/2025 12:00:34] "GET /admin/courses/course/ HTTP/1.0" 200 16723
[21/Mar/2025 12:00:34] "GET /admin/jsi18n/ HTTP/1.0" 200 3342
[21/Mar/2025 12:00:34] "GET /favicon.ico/ HTTP/1.0" 200 48921
[21/Mar/2025 12:00:37] "GET /admin/courses/course/1/change/ HTTP/1.0" 200 88346
[21/Mar/2025 12:00:37] "GET /admin/jsi18n/ HTTP/1.0" 200 3342
[21/Mar/2025 12:00:37] "GET /favicon.ico/ HTTP/1.0" 200 48921
[21/Mar/2025 12:02:19] "POST /admin/courses/course/1/change/ HTTP/1.0" 302 0
[21/Mar/2025 12:02:19] "GET /admin/courses/course/ HTTP/1.0" 200 16949
[21/Mar/2025 12:02:19] "GET /admin/jsi18n/ HTTP/1.0" 200 3342
[21/Mar/2025 12:02:19] "GET /favicon.ico/ HTTP/1.0" 200 48921
[21/Mar/2025 12:02:25] "GET /admin/lessons/lesson/ HTTP/1.0" 200 15909
[21/Mar/2025 12:02:25] "GET /admin/jsi18n/ HTTP/1.0" 200 3342
[21/Mar/2025 12:02:25] "GET /favicon.ico/ HTTP/1.0" 200 48921
[21/Mar/2025 12:03:40] "GET /courses/ HTTP/1.0" 200 47124
[21/Mar/2025 12:03:46] "GET /accounts/dashboard/ HTTP/1.0" 200 40321
[21/Mar/2025 12:04:06] "GET /courses/ HTTP/1.0" 200 47133
[21/Mar/2025 12:04:15] "GET /courses/basic_rangoli/ HTTP/1.0" 200 55253
[21/Mar/2025 12:04:45] "GET /lessons/1/ HTTP/1.0" 302 0
[21/Mar/2025 12:04:45] "GET /courses/basic_rangoli/ HTTP/1.0" 200 55253
[21/Mar/2025 12:04:54] "GET /lessons/1/ HTTP/1.0" 302 0
[21/Mar/2025 12:04:54] "GET /courses/basic_rangoli/ HTTP/1.0" 200 55253
[21/Mar/2025 12:04:58] "GET /lessons/1/ HTTP/1.0" 302 0
[21/Mar/2025 12:04:58] "GET /courses/basic_rangoli/ HTTP/1.0" 200 55253
[21/Mar/2025 12:05:19] "POST /payment/callback/ HTTP/1.0" 200 54
[21/Mar/2025 12:08:26] "GET /courses/basic_rangoli/ HTTP/1.0" 200 55259
[21/Mar/2025 12:08:37] "GET / HTTP/1.0" 200 49562
[21/Mar/2025 12:08:44] "POST /accounts/accounts/logout/ HTTP/1.0" 302 0
[21/Mar/2025 12:08:44] "GET /accounts/login/ HTTP/1.0" 200 50139
[21/Mar/2025 12:09:32] "POST /accounts/login/ HTTP/1.0" 302 0
[21/Mar/2025 12:09:32] "GET /accounts/dashboard/ HTTP/1.0" 200 40317
[21/Mar/2025 12:09:55] "GET /admin/courses/course/ HTTP/1.0" 200 16741
[21/Mar/2025 12:09:55] "GET /admin/jsi18n/ HTTP/1.0" 200 3342
[21/Mar/2025 12:09:55] "GET /favicon.ico/ HTTP/1.0" 200 48921
[21/Mar/2025 12:10:00] "GET /admin/courses/course/ HTTP/1.0" 200 16741
[21/Mar/2025 12:10:00] "GET /admin/jsi18n/ HTTP/1.0" 200 3342
[21/Mar/2025 12:10:00] "GET /favicon.ico/ HTTP/1.0" 200 48921
[21/Mar/2025 12:10:02] "GET /admin/courses/course/1/change/ HTTP/1.0" 200 89199
[21/Mar/2025 12:10:02] "GET /admin/jsi18n/ HTTP/1.0" 200 3342
[21/Mar/2025 12:10:02] "GET /favicon.ico/ HTTP/1.0" 200 48921
[21/Mar/2025 12:10:32] "POST /payment/callback/ HTTP/1.0" 200 54
[21/Mar/2025 12:10:48] "POST /admin/courses/course/1/change/ HTTP/1.0" 302 0
[21/Mar/2025 12:10:48] "GET /admin/courses/course/ HTTP/1.0" 200 16949
[21/Mar/2025 12:10:48] "GET /admin/jsi18n/ HTTP/1.0" 200 3342
[21/Mar/2025 12:10:48] "GET /favicon.ico/ HTTP/1.0" 200 48921
[21/Mar/2025 12:10:51] "GET /admin/lessons/lesson/ HTTP/1.0" 200 15629
[21/Mar/2025 12:10:51] "GET /admin/jsi18n/ HTTP/1.0" 200 3342
[21/Mar/2025 12:10:51] "GET /favicon.ico/ HTTP/1.0" 200 48921
[21/Mar/2025 12:10:54] "GET /admin/lessons/lesson/1/change/ HTTP/1.0" 200 25986
[21/Mar/2025 12:10:54] "GET /admin/jsi18n/ HTTP/1.0" 200 3342
[21/Mar/2025 12:10:54] "GET /favicon.ico/ HTTP/1.0" 200 48921
[21/Mar/2025 12:11:50] "POST /admin/lessons/lesson/1/change/ HTTP/1.0" 302 0
[21/Mar/2025 12:11:50] "GET /admin/lessons/lesson/ HTTP/1.0" 200 15818
[21/Mar/2025 12:11:50] "GET /admin/jsi18n/ HTTP/1.0" 200 3342
[21/Mar/2025 12:11:50] "GET /favicon.ico/ HTTP/1.0" 200 48921
[21/Mar/2025 12:11:57] "GET /courses/basic_rangoli/ HTTP/1.0" 200 53628
[21/Mar/2025 12:12:00] "GET /lessons/1/ HTTP/1.0" 302 0
[21/Mar/2025 12:12:00] "GET /courses/basic_rangoli/ HTTP/1.0" 200 53628
[21/Mar/2025 12:12:14] "GET /lessons/1/ HTTP/1.0" 302 0
[21/Mar/2025 12:12:14] "GET /courses/basic_rangoli/ HTTP/1.0" 200 53628
[21/Mar/2025 12:12:26] "GET /lessons/1 HTTP/1.0" 301 0
[21/Mar/2025 12:12:26] "GET /lessons/1/ HTTP/1.0" 302 0
[21/Mar/2025 12:12:26] "GET /courses/basic_rangoli/ HTTP/1.0" 200 53628
/var/www/kalakar/src/lessons/views.py changed, reloading.
Performing system checks...

System check identified no issues (0 silenced).
March 21, 2025 - 11:23:58
Django version 5.1.4, using settings 'root.settings'
Starting development server at http://0.0.0.0:8000/
Quit the server with CONTROL-C.

Watching for file changes with StatReloader
[21/Mar/2025 12:13:48] "GET /courses/basic_rangoli/ HTTP/1.0" 200 53628
[21/Mar/2025 12:13:50] "GET /lessons/1/ HTTP/1.0" 200 2670
[21/Mar/2025 12:13:53] "GET /favicon.ico/ HTTP/1.0" 200 48921
[21/Mar/2025 12:15:03] "GET /admin/accounts/user/ HTTP/1.0" 200 28864
[21/Mar/2025 12:15:03] "GET /admin/jsi18n/ HTTP/1.0" 200 3342
[21/Mar/2025 12:15:03] "GET /favicon.ico/ HTTP/1.0" 200 48921
[21/Mar/2025 12:15:04] "GET /admin/accounts/user/16/change/ HTTP/1.0" 200 32914
[21/Mar/2025 12:15:04] "GET /admin/jsi18n/ HTTP/1.0" 200 3342
[21/Mar/2025 12:15:05] "GET /favicon.ico/ HTTP/1.0" 200 48921
[21/Mar/2025 12:15:11] "GET /admin/accounts/student/ HTTP/1.0" 200 22767
[21/Mar/2025 12:15:11] "GET /admin/jsi18n/ HTTP/1.0" 200 3342
[21/Mar/2025 12:15:11] "GET /favicon.ico/ HTTP/1.0" 200 48921
[21/Mar/2025 12:15:15] "GET /admin/courses/course/ HTTP/1.0" 200 16741
[21/Mar/2025 12:15:15] "GET /admin/jsi18n/ HTTP/1.0" 200 3342
[21/Mar/2025 12:15:15] "GET /favicon.ico/ HTTP/1.0" 200 48921
[21/Mar/2025 12:15:33] "GET /admin/courses/course/ HTTP/1.0" 200 16741
[21/Mar/2025 12:15:33] "GET /admin/jsi18n/ HTTP/1.0" 200 3342
[21/Mar/2025 12:15:33] "GET /favicon.ico/ HTTP/1.0" 200 48921
[21/Mar/2025 12:15:35] "GET /admin/courses/course/1/change/ HTTP/1.0" 200 78834
[21/Mar/2025 12:15:35] "GET /admin/jsi18n/ HTTP/1.0" 200 3342
[21/Mar/2025 12:15:35] "GET /favicon.ico/ HTTP/1.0" 200 48921
[21/Mar/2025 12:16:48] "GET /lessons/1/ HTTP/1.0" 200 2694
[21/Mar/2025 12:16:49] "GET /favicon.ico/ HTTP/1.0" 200 48921
[21/Mar/2025 12:19:15] "GET /lessons/1/ HTTP/1.0" 200 2723
[21/Mar/2025 12:19:16] "GET /favicon.ico/ HTTP/1.0" 200 48921
[21/Mar/2025 12:20:15] "GET /lessons/1/ HTTP/1.0" 200 2723
[21/Mar/2025 12:20:16] "GET /favicon.ico/ HTTP/1.0" 200 48921
[21/Mar/2025 12:20:30] "GET /lessons/1/ HTTP/1.0" 200 2742
[21/Mar/2025 12:20:30] "GET /favicon.ico/ HTTP/1.0" 200 48921
[21/Mar/2025 12:27:21] "POST /accounts/accounts/logout/ HTTP/1.0" 302 0
[21/Mar/2025 12:27:21] "GET /accounts/login/ HTTP/1.0" 200 50139
[21/Mar/2025 12:29:21] "GET / HTTP/1.0" 200 49086
[21/Mar/2025 12:33:33] "GET /terms_condition/ HTTP/1.0" 200 39233
[21/Mar/2025 12:33:49] "GET /privacy_policy/ HTTP/1.0" 200 40969
[21/Mar/2025 12:33:54] "GET /faq/ HTTP/1.0" 200 40960
[21/Mar/2025 12:33:54] "GET /ai_1.jpg HTTP/1.0" 301 0
[21/Mar/2025 12:33:54] "GET /ai_3.jpg HTTP/1.0" 301 0
[21/Mar/2025 12:33:54] "GET /ai_5.jpg HTTP/1.0" 301 0
[21/Mar/2025 12:33:54] "GET /ai_2.jpg HTTP/1.0" 301 0
[21/Mar/2025 12:33:54] "GET /ai_4.jpg HTTP/1.0" 301 0
[21/Mar/2025 12:33:54] "GET /ai_1.jpg/ HTTP/1.0" 200 48921
[21/Mar/2025 12:33:54] "GET /ai_3.jpg/ HTTP/1.0" 200 48921
[21/Mar/2025 12:33:54] "GET /ai_2.jpg/ HTTP/1.0" 200 48921
[21/Mar/2025 12:33:54] "GET /ai_5.jpg/ HTTP/1.0" 200 48921
[21/Mar/2025 12:33:54] "GET /ai_4.jpg/ HTTP/1.0" 200 48921
[21/Mar/2025 12:33:57] "GET /terms_condition/ HTTP/1.0" 200 39233
[21/Mar/2025 12:34:04] "GET /admin/coupon/coupons/ HTTP/1.0" 200 15904
[21/Mar/2025 12:34:04] "GET /admin/jsi18n/ HTTP/1.0" 200 3342
[21/Mar/2025 12:34:04] "GET /favicon.ico/ HTTP/1.0" 200 48921
[21/Mar/2025 12:34:12] "GET /admin/coupon/coupons/1/change/ HTTP/1.0" 200 17235
[21/Mar/2025 12:34:12] "GET /admin/jsi18n/ HTTP/1.0" 200 3342
[21/Mar/2025 12:34:12] "GET /favicon.ico/ HTTP/1.0" 200 48921
[21/Mar/2025 12:34:21] "GET /admin/coupon/coupons/1/change/ HTTP/1.0" 200 17235
[21/Mar/2025 12:34:22] "GET /favicon.ico/ HTTP/1.0" 200 48921
[21/Mar/2025 12:34:51] "GET / HTTP/1.0" 200 49086
[21/Mar/2025 12:36:22] "POST /payment/callback/ HTTP/1.0" 200 54
[21/Mar/2025 12:37:10] "GET / HTTP/1.0" 200 49086
[21/Mar/2025 12:37:55] "GET /terms_condition/ HTTP/1.0" 200 47360
[21/Mar/2025 12:38:23] "GET /terms_condition/ HTTP/1.0" 200 47360
[21/Mar/2025 12:38:25] "GET /terms_condition/ HTTP/1.0" 200 47360
[21/Mar/2025 12:38:42] "POST /payment/callback/ HTTP/1.0" 200 54
[21/Mar/2025 12:38:49] "GET /terms_condition/ HTTP/1.0" 200 47446
[21/Mar/2025 12:38:55] "GET /accounts/login/ HTTP/1.0" 200 50139
[21/Mar/2025 12:39:07] "GET /terms_condition/ HTTP/1.0" 200 47469
[21/Mar/2025 12:39:21] "POST /accounts/login/ HTTP/1.0" 302 0
[21/Mar/2025 12:39:21] "GET /accounts/dashboard/ HTTP/1.0" 200 40317
[21/Mar/2025 12:39:28] "GET /accounts/profile/ HTTP/1.0" 200 52865
[21/Mar/2025 12:39:36] "GET /accounts/profile/update/ HTTP/1.0" 200 57214
[21/Mar/2025 12:40:09] "POST /accounts/profile/update/ HTTP/1.0" 302 0
[21/Mar/2025 12:40:09] "GET /accounts/profile/ HTTP/1.0" 200 52854
[21/Mar/2025 12:40:14] "GET /accounts/dashboard/ HTTP/1.0" 200 40317
[21/Mar/2025 12:41:29] "GET /terms_condition/ HTTP/1.0" 200 47593
[21/Mar/2025 12:42:22] "HEAD /playlist.m3u HTTP/1.1" 301 0
[21/Mar/2025 12:42:48] "GET /terms_condition/ HTTP/1.0" 200 47631
[21/Mar/2025 12:45:22] "POST /accounts/accounts/logout/ HTTP/1.0" 302 0
[21/Mar/2025 12:45:22] "GET /accounts/login/ HTTP/1.0" 200 50139
[21/Mar/2025 12:45:43] "GET / HTTP/1.0" 200 49086
[21/Mar/2025 12:46:27] "GET /coupon/coupon/ HTTP/1.0" 200 40303
[21/Mar/2025 12:46:27] "GET /coupon/check-coupon/?coupon_code= HTTP/1.0" 200 94
/var/www/kalakar/src/lessons/views.py changed, reloading.
Performing system checks...

System check identified no issues (0 silenced).
March 21, 2025 - 12:13:47
Django version 5.1.4, using settings 'root.settings'
Starting development server at http://0.0.0.0:8000/
Quit the server with CONTROL-C.

Watching for file changes with StatReloader
[21/Mar/2025 12:47:17] "GET /coupon/coupon/ HTTP/1.0" 200 40304
[21/Mar/2025 12:47:18] "GET /coupon/check-coupon/?coupon_code= HTTP/1.0" 200 94
[21/Mar/2025 12:47:57] "GET / HTTP/1.0" 200 49086
[21/Mar/2025 12:48:36] "GET /coupon/coupon/ HTTP/1.0" 200 40304
[21/Mar/2025 12:48:36] "GET /coupon/check-coupon/?coupon_code= HTTP/1.0" 200 94
[21/Mar/2025 12:48:50] "GET /coupon/check-coupon/?coupon_code=A HTTP/1.0" 200 94
[21/Mar/2025 12:48:51] "GET /coupon/check-coupon/?coupon_code=AB HTTP/1.0" 200 94
[21/Mar/2025 12:48:51] "GET /coupon/check-coupon/?coupon_code=ABC HTTP/1.0" 200 94
[21/Mar/2025 12:48:52] "GET /coupon/check-coupon/?coupon_code=ABC2 HTTP/1.0" 200 94
[21/Mar/2025 12:48:53] "GET /coupon/check-coupon/?coupon_code=ABC20 HTTP/1.0" 200 94
[21/Mar/2025 12:48:53] "GET /coupon/check-coupon/?coupon_code=ABC202 HTTP/1.0" 200 94
[21/Mar/2025 12:48:53] "GET /coupon/check-coupon/?coupon_code=ABC2025 HTTP/1.0" 200 97
[21/Mar/2025 12:50:46] "GET / HTTP/1.0" 200 49086
[21/Mar/2025 12:51:25] "GET /coupon/coupon/ HTTP/1.0" 200 40304
[21/Mar/2025 12:51:26] "GET /coupon/check-coupon/?coupon_code= HTTP/1.0" 200 94
[21/Mar/2025 12:51:39] "GET /coupon/check-coupon/?coupon_code=A HTTP/1.0" 200 94
[21/Mar/2025 12:51:39] "GET /coupon/check-coupon/?coupon_code=AB HTTP/1.0" 200 94
[21/Mar/2025 12:51:40] "GET /coupon/check-coupon/?coupon_code=ABC HTTP/1.0" 200 94
[21/Mar/2025 12:51:41] "GET /coupon/check-coupon/?coupon_code=ABC2 HTTP/1.0" 200 94
[21/Mar/2025 12:51:41] "GET /coupon/check-coupon/?coupon_code=ABC20 HTTP/1.0" 200 94
[21/Mar/2025 12:51:41] "GET /coupon/check-coupon/?coupon_code=ABC202 HTTP/1.0" 200 94
[21/Mar/2025 12:51:41] "GET /coupon/check-coupon/?coupon_code=ABC2025 HTTP/1.0" 200 97
[21/Mar/2025 12:52:56] "GET /accounts/login/ HTTP/1.0" 200 50139
[21/Mar/2025 12:53:23] "POST /accounts/login/ HTTP/1.0" 200 50528
[21/Mar/2025 12:53:37] "POST /accounts/login/ HTTP/1.0" 200 50528
[21/Mar/2025 12:54:07] "POST /accounts/login/ HTTP/1.0" 302 0
[21/Mar/2025 12:54:07] "GET /accounts/dashboard/ HTTP/1.0" 200 40317
[21/Mar/2025 12:54:41] "GET / HTTP/1.0" 200 49562
[21/Mar/2025 12:55:15] "GET /coupon/coupon/ HTTP/1.0" 200 40780
[21/Mar/2025 12:55:15] "GET /coupon/check-coupon/?coupon_code= HTTP/1.0" 200 94
[21/Mar/2025 12:55:26] "GET /coupon/check-coupon/?coupon_code=A HTTP/1.0" 200 94
[21/Mar/2025 12:55:26] "GET /coupon/check-coupon/?coupon_code=AB HTTP/1.0" 200 94
[21/Mar/2025 12:55:26] "GET /coupon/check-coupon/?coupon_code=ABC HTTP/1.0" 200 94
[21/Mar/2025 12:55:27] "GET /coupon/check-coupon/?coupon_code=ABC2 HTTP/1.0" 200 94
[21/Mar/2025 12:55:28] "GET /coupon/check-coupon/?coupon_code=ABC20 HTTP/1.0" 200 94
[21/Mar/2025 12:55:28] "GET /coupon/check-coupon/?coupon_code=ABC202 HTTP/1.0" 200 94
[21/Mar/2025 12:55:28] "GET /coupon/check-coupon/?coupon_code=ABC2025 HTTP/1.0" 200 97
[21/Mar/2025 12:56:43] "GET /accounts/login/ HTTP/1.0" 200 50615
[21/Mar/2025 12:56:57] "POST /accounts/login/ HTTP/1.0" 302 0
[21/Mar/2025 12:56:57] "GET /accounts/dashboard/ HTTP/1.0" 200 40317
[21/Mar/2025 12:57:00] "GET /accounts/profile/ HTTP/1.0" 200 52854
[21/Mar/2025 12:57:07] "GET /accounts/profile/update/ HTTP/1.0" 200 57168
[21/Mar/2025 12:57:44] "POST /accounts/profile/update/ HTTP/1.0" 302 0
[21/Mar/2025 12:57:44] "GET /accounts/profile/ HTTP/1.0" 200 52876
[21/Mar/2025 12:57:50] "GET /accounts/dashboard/ HTTP/1.0" 200 40317
Invalid HTTP_HOST header: 'www.kalagurubyirarangoliarts.com'. You may need to add 'www.kalagurubyirarangoliarts.com' to ALLOWED_HOSTS.
Traceback (most recent call last):
  File "/var/www/kalakar/venv/lib/python3.12/site-packages/django/core/handlers/exception.py", line 55, in inner
    response = get_response(request)
               ^^^^^^^^^^^^^^^^^^^^^
  File "/var/www/kalakar/venv/lib/python3.12/site-packages/django/utils/deprecation.py", line 128, in __call__
    response = self.process_request(request)
               ^^^^^^^^^^^^^^^^^^^^^^^^^^^^^
  File "/var/www/kalakar/venv/lib/python3.12/site-packages/django/middleware/common.py", line 48, in process_request
    host = request.get_host()
           ^^^^^^^^^^^^^^^^^^
  File "/var/www/kalakar/venv/lib/python3.12/site-packages/django/http/request.py", line 151, in get_host
    raise DisallowedHost(msg)
django.core.exceptions.DisallowedHost: Invalid HTTP_HOST header: 'www.kalagurubyirarangoliarts.com'. You may need to add 'www.kalagurubyirarangoliarts.com' to ALLOWED_HOSTS.
Bad Request: /
[21/Mar/2025 13:01:50] "GET / HTTP/1.0" 400 66214
Invalid HTTP_HOST header: 'www.kalagurubyirarangoliarts.com'. You may need to add 'www.kalagurubyirarangoliarts.com' to ALLOWED_HOSTS.
Traceback (most recent call last):
  File "/var/www/kalakar/venv/lib/python3.12/site-packages/django/core/handlers/exception.py", line 55, in inner
    response = get_response(request)
               ^^^^^^^^^^^^^^^^^^^^^
  File "/var/www/kalakar/venv/lib/python3.12/site-packages/django/utils/deprecation.py", line 128, in __call__
    response = self.process_request(request)
               ^^^^^^^^^^^^^^^^^^^^^^^^^^^^^
  File "/var/www/kalakar/venv/lib/python3.12/site-packages/django/middleware/common.py", line 48, in process_request
    host = request.get_host()
           ^^^^^^^^^^^^^^^^^^
  File "/var/www/kalakar/venv/lib/python3.12/site-packages/django/http/request.py", line 151, in get_host
    raise DisallowedHost(msg)
django.core.exceptions.DisallowedHost: Invalid HTTP_HOST header: 'www.kalagurubyirarangoliarts.com'. You may need to add 'www.kalagurubyirarangoliarts.com' to ALLOWED_HOSTS.
Bad Request: /
[21/Mar/2025 13:01:51] "GET / HTTP/1.0" 400 66214
[21/Mar/2025 13:03:12] "POST /payment/callback/ HTTP/1.0" 200 54
[21/Mar/2025 13:09:49] "POST /payment/callback/ HTTP/1.0" 200 54
/var/www/kalakar/src/lessons/models.py changed, reloading.
Performing system checks...

System check identified no issues (0 silenced).
March 21, 2025 - 12:46:53
Django version 5.1.4, using settings 'root.settings'
Starting development server at http://0.0.0.0:8000/
Quit the server with CONTROL-C.

Watching for file changes with StatReloader
[21/Mar/2025 13:15:08] "GET /accounts/dashboard/ HTTP/1.0" 200 40317
[21/Mar/2025 13:15:10] "GET /courses/ HTTP/1.0" 200 47133
[21/Mar/2025 13:15:12] "GET /courses/basic_rangoli/ HTTP/1.0" 200 53628
[21/Mar/2025 13:15:14] "GET /lessons/1/ HTTP/1.0" 200 2791
[21/Mar/2025 13:15:15] "GET /favicon.ico/ HTTP/1.0" 200 48921
[21/Mar/2025 13:18:43] "POST /payment/callback/ HTTP/1.0" 200 54
[21/Mar/2025 13:18:45] "GET /lessons/1/ HTTP/1.0" 200 3413
[21/Mar/2025 13:18:47] "GET /favicon.ico/ HTTP/1.0" 200 48921
[21/Mar/2025 13:20:58] "GET /lessons/1/ HTTP/1.0" 200 3554
[21/Mar/2025 13:20:59] "GET /favicon.ico/ HTTP/1.0" 200 48921
[21/Mar/2025 13:23:52] "GET / HTTP/1.0" 200 49086
Not Found: /wp-includes/wlwmanifest.xml
[21/Mar/2025 13:23:52] "GET //wp-includes/wlwmanifest.xml HTTP/1.0" 404 4650
[21/Mar/2025 13:23:53] "GET //xmlrpc.php?rsd HTTP/1.0" 301 0
[21/Mar/2025 13:23:53] "GET / HTTP/1.0" 200 49086
Not Found: /blog/wp-includes/wlwmanifest.xml
[21/Mar/2025 13:23:53] "GET //blog/wp-includes/wlwmanifest.xml HTTP/1.0" 404 4665
Not Found: /web/wp-includes/wlwmanifest.xml
[21/Mar/2025 13:23:53] "GET //web/wp-includes/wlwmanifest.xml HTTP/1.0" 404 4662
Not Found: /wordpress/wp-includes/wlwmanifest.xml
[21/Mar/2025 13:23:54] "GET //wordpress/wp-includes/wlwmanifest.xml HTTP/1.0" 404 4680
Not Found: /website/wp-includes/wlwmanifest.xml
[21/Mar/2025 13:23:54] "GET //website/wp-includes/wlwmanifest.xml HTTP/1.0" 404 4674
Not Found: /wp/wp-includes/wlwmanifest.xml
[21/Mar/2025 13:23:54] "GET //wp/wp-includes/wlwmanifest.xml HTTP/1.0" 404 4659
Not Found: /news/wp-includes/wlwmanifest.xml
[21/Mar/2025 13:23:54] "GET //news/wp-includes/wlwmanifest.xml HTTP/1.0" 404 4665
Not Found: /2020/wp-includes/wlwmanifest.xml
[21/Mar/2025 13:23:55] "GET //2020/wp-includes/wlwmanifest.xml HTTP/1.0" 404 4665
Not Found: /2019/wp-includes/wlwmanifest.xml
[21/Mar/2025 13:23:55] "GET //2019/wp-includes/wlwmanifest.xml HTTP/1.0" 404 4665
Not Found: /shop/wp-includes/wlwmanifest.xml
[21/Mar/2025 13:23:55] "GET //shop/wp-includes/wlwmanifest.xml HTTP/1.0" 404 4665
Not Found: /wp1/wp-includes/wlwmanifest.xml
[21/Mar/2025 13:23:56] "GET //wp1/wp-includes/wlwmanifest.xml HTTP/1.0" 404 4662
Not Found: /test/wp-includes/wlwmanifest.xml
[21/Mar/2025 13:23:56] "GET //test/wp-includes/wlwmanifest.xml HTTP/1.0" 404 4665
Not Found: /wp2/wp-includes/wlwmanifest.xml
[21/Mar/2025 13:23:56] "GET //wp2/wp-includes/wlwmanifest.xml HTTP/1.0" 404 4662
Not Found: /site/wp-includes/wlwmanifest.xml
[21/Mar/2025 13:23:56] "GET //site/wp-includes/wlwmanifest.xml HTTP/1.0" 404 4665
Not Found: /cms/wp-includes/wlwmanifest.xml
[21/Mar/2025 13:23:57] "GET //cms/wp-includes/wlwmanifest.xml HTTP/1.0" 404 4662
Not Found: /sito/wp-includes/wlwmanifest.xml
[21/Mar/2025 13:23:57] "GET //sito/wp-includes/wlwmanifest.xml HTTP/1.0" 404 4665
[21/Mar/2025 13:23:58] "GET /lessons/1/ HTTP/1.0" 200 3851
[21/Mar/2025 13:23:59] "GET /favicon.ico/ HTTP/1.0" 200 48921
[21/Mar/2025 13:27:04] "POST /payment/callback/ HTTP/1.0" 200 54
[21/Mar/2025 13:27:17] "GET /lessons/1/ HTTP/1.0" 200 40198
Internal Server Error: /payment/callback
Traceback (most recent call last):
  File "/var/www/kalakar/venv/lib/python3.12/site-packages/django/core/handlers/exception.py", line 55, in inner
    response = get_response(request)
               ^^^^^^^^^^^^^^^^^^^^^
  File "/var/www/kalakar/venv/lib/python3.12/site-packages/django/utils/deprecation.py", line 131, in __call__
    response = self.process_response(request, response)
               ^^^^^^^^^^^^^^^^^^^^^^^^^^^^^^^^^^^^^^^^
  File "/var/www/kalakar/venv/lib/python3.12/site-packages/django/middleware/common.py", line 108, in process_response
    return self.response_redirect_class(self.get_full_path_with_slash(request))
                                        ^^^^^^^^^^^^^^^^^^^^^^^^^^^^^^^^^^^^^^
  File "/var/www/kalakar/venv/lib/python3.12/site-packages/django/middleware/common.py", line 87, in get_full_path_with_slash
    raise RuntimeError(
RuntimeError: You called this URL via POST, but the URL doesn't end in a slash and you have APPEND_SLASH set. Django can't redirect to the slash URL while maintaining POST data. Change your form to point to kalagurubyirarangoliarts.com/payment/callback/ (note the trailing slash), or set APPEND_SLASH=False in your Django settings.
[21/Mar/2025 13:28:12] "POST /payment/callback HTTP/1.0" 500 66852
Internal Server Error: /payment/callback
Traceback (most recent call last):
  File "/var/www/kalakar/venv/lib/python3.12/site-packages/django/core/handlers/exception.py", line 55, in inner
    response = get_response(request)
               ^^^^^^^^^^^^^^^^^^^^^
  File "/var/www/kalakar/venv/lib/python3.12/site-packages/django/utils/deprecation.py", line 131, in __call__
    response = self.process_response(request, response)
               ^^^^^^^^^^^^^^^^^^^^^^^^^^^^^^^^^^^^^^^^
  File "/var/www/kalakar/venv/lib/python3.12/site-packages/django/middleware/common.py", line 108, in process_response
    return self.response_redirect_class(self.get_full_path_with_slash(request))
                                        ^^^^^^^^^^^^^^^^^^^^^^^^^^^^^^^^^^^^^^
  File "/var/www/kalakar/venv/lib/python3.12/site-packages/django/middleware/common.py", line 87, in get_full_path_with_slash
    raise RuntimeError(
RuntimeError: You called this URL via POST, but the URL doesn't end in a slash and you have APPEND_SLASH set. Django can't redirect to the slash URL while maintaining POST data. Change your form to point to kalagurubyirarangoliarts.com/payment/callback/ (note the trailing slash), or set APPEND_SLASH=False in your Django settings.
[21/Mar/2025 13:28:12] "POST /payment/callback HTTP/1.0" 500 66852
[21/Mar/2025 13:29:33] "GET /lessons/1/ HTTP/1.0" 200 36400
[21/Mar/2025 13:30:30] "GET /lessons/1/ HTTP/1.0" 200 36699
[21/Mar/2025 13:31:38] "GET /lessons/1/ HTTP/1.0" 200 36517
Internal Server Error: /payment/callback
Traceback (most recent call last):
  File "/var/www/kalakar/venv/lib/python3.12/site-packages/django/core/handlers/exception.py", line 55, in inner
    response = get_response(request)
               ^^^^^^^^^^^^^^^^^^^^^
  File "/var/www/kalakar/venv/lib/python3.12/site-packages/django/utils/deprecation.py", line 131, in __call__
    response = self.process_response(request, response)
               ^^^^^^^^^^^^^^^^^^^^^^^^^^^^^^^^^^^^^^^^
  File "/var/www/kalakar/venv/lib/python3.12/site-packages/django/middleware/common.py", line 108, in process_response
    return self.response_redirect_class(self.get_full_path_with_slash(request))
                                        ^^^^^^^^^^^^^^^^^^^^^^^^^^^^^^^^^^^^^^
  File "/var/www/kalakar/venv/lib/python3.12/site-packages/django/middleware/common.py", line 87, in get_full_path_with_slash
    raise RuntimeError(
RuntimeError: You called this URL via POST, but the URL doesn't end in a slash and you have APPEND_SLASH set. Django can't redirect to the slash URL while maintaining POST data. Change your form to point to kalagurubyirarangoliarts.com/payment/callback/ (note the trailing slash), or set APPEND_SLASH=False in your Django settings.
[21/Mar/2025 13:32:07] "POST /payment/callback HTTP/1.0" 500 66852
Internal Server Error: /payment/callback
Traceback (most recent call last):
  File "/var/www/kalakar/venv/lib/python3.12/site-packages/django/core/handlers/exception.py", line 55, in inner
    response = get_response(request)
               ^^^^^^^^^^^^^^^^^^^^^
  File "/var/www/kalakar/venv/lib/python3.12/site-packages/django/utils/deprecation.py", line 131, in __call__
    response = self.process_response(request, response)
               ^^^^^^^^^^^^^^^^^^^^^^^^^^^^^^^^^^^^^^^^
  File "/var/www/kalakar/venv/lib/python3.12/site-packages/django/middleware/common.py", line 108, in process_response
    return self.response_redirect_class(self.get_full_path_with_slash(request))
                                        ^^^^^^^^^^^^^^^^^^^^^^^^^^^^^^^^^^^^^^
  File "/var/www/kalakar/venv/lib/python3.12/site-packages/django/middleware/common.py", line 87, in get_full_path_with_slash
    raise RuntimeError(
RuntimeError: You called this URL via POST, but the URL doesn't end in a slash and you have APPEND_SLASH set. Django can't redirect to the slash URL while maintaining POST data. Change your form to point to kalagurubyirarangoliarts.com/payment/callback/ (note the trailing slash), or set APPEND_SLASH=False in your Django settings.
[21/Mar/2025 13:32:08] "POST /payment/callback HTTP/1.0" 500 66854
Internal Server Error: /lessons/1/
Traceback (most recent call last):
  File "/var/www/kalakar/venv/lib/python3.12/site-packages/django/core/handlers/exception.py", line 55, in inner
    response = get_response(request)
               ^^^^^^^^^^^^^^^^^^^^^
  File "/var/www/kalakar/venv/lib/python3.12/site-packages/django/core/handlers/base.py", line 197, in _get_response
    response = wrapped_callback(request, *callback_args, **callback_kwargs)
               ^^^^^^^^^^^^^^^^^^^^^^^^^^^^^^^^^^^^^^^^^^^^^^^^^^^^^^^^^^^^
  File "/var/www/kalakar/venv/lib/python3.12/site-packages/django/views/generic/base.py", line 104, in view
    return self.dispatch(request, *args, **kwargs)
           ^^^^^^^^^^^^^^^^^^^^^^^^^^^^^^^^^^^^^^^
  File "/var/www/kalakar/venv/lib/python3.12/site-packages/django/views/generic/base.py", line 143, in dispatch
    return handler(request, *args, **kwargs)
           ^^^^^^^^^^^^^^^^^^^^^^^^^^^^^^^^^
  File "/var/www/kalakar/src/lessons/views.py", line 51, in get
    rendered_content = lesson.item.render(lesson)
                       ^^^^^^^^^^^^^^^^^^^^^^^^^^
  File "/var/www/kalakar/src/lessons/models.py", line 138, in render
    return render_to_string(
           ^^^^^^^^^^^^^^^^^
  File "/var/www/kalakar/venv/lib/python3.12/site-packages/django/template/loader.py", line 61, in render_to_string
    template = get_template(template_name, using=using)
               ^^^^^^^^^^^^^^^^^^^^^^^^^^^^^^^^^^^^^^^^
  File "/var/www/kalakar/venv/lib/python3.12/site-packages/django/template/loader.py", line 15, in get_template
    return engine.get_template(template_name)
           ^^^^^^^^^^^^^^^^^^^^^^^^^^^^^^^^^^
  File "/var/www/kalakar/venv/lib/python3.12/site-packages/django/template/backends/django.py", line 79, in get_template
    return Template(self.engine.get_template(template_name), self)
                    ^^^^^^^^^^^^^^^^^^^^^^^^^^^^^^^^^^^^^^^
  File "/var/www/kalakar/venv/lib/python3.12/site-packages/django/template/engine.py", line 177, in get_template
    template, origin = self.find_template(template_name)
                       ^^^^^^^^^^^^^^^^^^^^^^^^^^^^^^^^^
  File "/var/www/kalakar/venv/lib/python3.12/site-packages/django/template/engine.py", line 159, in find_template
    template = loader.get_template(name, skip=skip)
               ^^^^^^^^^^^^^^^^^^^^^^^^^^^^^^^^^^^^
  File "/var/www/kalakar/venv/lib/python3.12/site-packages/django/template/loaders/cached.py", line 57, in get_template
    template = super().get_template(template_name, skip)
               ^^^^^^^^^^^^^^^^^^^^^^^^^^^^^^^^^^^^^^^^^
  File "/var/www/kalakar/venv/lib/python3.12/site-packages/django/template/loaders/base.py", line 28, in get_template
    return Template(
           ^^^^^^^^^
  File "/var/www/kalakar/venv/lib/python3.12/site-packages/django/template/base.py", line 154, in __init__
    self.nodelist = self.compile_nodelist()
                    ^^^^^^^^^^^^^^^^^^^^^^^
  File "/var/www/kalakar/venv/lib/python3.12/site-packages/django/template/base.py", line 196, in compile_nodelist
    nodelist = parser.parse()
               ^^^^^^^^^^^^^^
  File "/var/www/kalakar/venv/lib/python3.12/site-packages/django/template/base.py", line 518, in parse
    raise self.error(token, e)
  File "/var/www/kalakar/venv/lib/python3.12/site-packages/django/template/base.py", line 516, in parse
    compiled_result = compile_func(self, token)
                      ^^^^^^^^^^^^^^^^^^^^^^^^^
  File "/var/www/kalakar/venv/lib/python3.12/site-packages/django/template/loader_tags.py", line 295, in do_extends
    nodelist = parser.parse()
               ^^^^^^^^^^^^^^
  File "/var/www/kalakar/venv/lib/python3.12/site-packages/django/template/base.py", line 518, in parse
    raise self.error(token, e)
  File "/var/www/kalakar/venv/lib/python3.12/site-packages/django/template/base.py", line 516, in parse
    compiled_result = compile_func(self, token)
                      ^^^^^^^^^^^^^^^^^^^^^^^^^
  File "/var/www/kalakar/venv/lib/python3.12/site-packages/django/template/loader_tags.py", line 234, in do_block
    nodelist = parser.parse(("endblock",))
               ^^^^^^^^^^^^^^^^^^^^^^^^^^^
  File "/var/www/kalakar/venv/lib/python3.12/site-packages/django/template/base.py", line 523, in parse
    self.unclosed_block_tag(parse_until)
  File "/var/www/kalakar/venv/lib/python3.12/site-packages/django/template/base.py", line 586, in unclosed_block_tag
    raise self.error(token, msg)
django.template.exceptions.TemplateSyntaxError: Unclosed tag on line 1: 'block'. Looking for one of: endblock.
[21/Mar/2025 13:32:19] "GET /lessons/1/ HTTP/1.0" 500 179761
[21/Mar/2025 13:32:20] "GET /favicon.ico/ HTTP/1.0" 200 48921
[21/Mar/2025 13:32:44] "GET /lessons/1/ HTTP/1.0" 200 39557
[21/Mar/2025 13:33:56] "POST /payment/callback/ HTTP/1.0" 200 54
[21/Mar/2025 13:34:46] "GET /lessons/1/ HTTP/1.0" 200 39605
[21/Mar/2025 13:36:47] "GET /accounts/dashboard/ HTTP/1.0" 200 40317
[21/Mar/2025 13:36:51] "GET / HTTP/1.0" 200 49530
[21/Mar/2025 13:37:09] "GET / HTTP/1.0" 200 49535
[21/Mar/2025 13:37:14] "GET /coupon/coupon/ HTTP/1.0" 200 40780
[21/Mar/2025 13:37:14] "GET /coupon/check-coupon/?coupon_code= HTTP/1.0" 200 94
[21/Mar/2025 13:37:34] "POST /payment/callback/ HTTP/1.0" 200 54
[21/Mar/2025 13:37:59] "GET /coupon/coupon/ HTTP/1.0" 200 40782
[21/Mar/2025 13:37:59] "GET /coupon/check-coupon/?coupon_code= HTTP/1.0" 200 94
[21/Mar/2025 13:38:39] "POST /accounts/accounts/logout/ HTTP/1.0" 302 0
[21/Mar/2025 13:38:39] "GET /accounts/login/ HTTP/1.0" 200 50139
[21/Mar/2025 13:38:46] "POST /accounts/accounts/logout/ HTTP/1.0" 302 0
[21/Mar/2025 13:38:47] "GET /accounts/login/ HTTP/1.0" 200 50139
[21/Mar/2025 13:38:50] "GET / HTTP/1.0" 200 49059
[21/Mar/2025 13:39:25] "GET /.env HTTP/1.0" 301 0
[21/Mar/2025 13:40:01] "GET / HTTP/1.0" 200 49060
[21/Mar/2025 13:40:42] "GET /coupon/coupon/ HTTP/1.0" 200 40307
[21/Mar/2025 13:40:42] "GET /coupon/check-coupon/?coupon_code= HTTP/1.0" 200 94
[21/Mar/2025 13:41:10] "GET / HTTP/1.0" 200 49060
[21/Mar/2025 13:41:48] "GET /accounts/login/ HTTP/1.0" 200 50139
[21/Mar/2025 13:42:09] "POST /accounts/login/ HTTP/1.0" 302 0
[21/Mar/2025 13:42:10] "GET /accounts/dashboard/ HTTP/1.0" 200 40317
[21/Mar/2025 13:43:26] "GET /admin/accounts/user/ HTTP/1.0" 200 28864
[21/Mar/2025 13:43:26] "GET /admin/jsi18n/ HTTP/1.0" 200 3342
[21/Mar/2025 13:43:26] "GET /favicon.ico/ HTTP/1.0" 200 48921
[21/Mar/2025 13:43:28] "GET /admin/accounts/user/8/change/ HTTP/1.0" 200 32832
[21/Mar/2025 13:43:28] "GET /admin/jsi18n/ HTTP/1.0" 200 3342
[21/Mar/2025 13:43:28] "GET /favicon.ico/ HTTP/1.0" 200 48921
[21/Mar/2025 13:43:35] "POST /admin/accounts/user/8/change/ HTTP/1.0" 302 0
[21/Mar/2025 13:43:35] "GET /admin/accounts/user/ HTTP/1.0" 200 29135
[21/Mar/2025 13:43:35] "GET /admin/jsi18n/ HTTP/1.0" 200 3342
[21/Mar/2025 13:43:35] "GET /favicon.ico/ HTTP/1.0" 200 48921
[21/Mar/2025 13:43:59] "GET / HTTP/1.0" 200 49536
[21/Mar/2025 13:44:07] "GET /admin/ HTTP/1.0" 200 16489
[21/Mar/2025 13:44:09] "GET /favicon.ico/ HTTP/1.0" 200 48921
[21/Mar/2025 13:44:27] "GET / HTTP/1.0" 200 49536
[21/Mar/2025 13:44:45] "GET /admin/lessons/lesson/add/ HTTP/1.0" 200 25693
[21/Mar/2025 13:44:45] "GET /admin/jsi18n/ HTTP/1.0" 200 3342
[21/Mar/2025 13:44:46] "GET /favicon.ico/ HTTP/1.0" 200 48921
Not Found: /lessons/lesson
[21/Mar/2025 13:44:51] "GET /lessons/lesson HTTP/1.0" 404 4732
[21/Mar/2025 13:44:52] "GET /favicon.ico/ HTTP/1.0" 200 48921
[21/Mar/2025 13:44:54] "GET /lessons/ HTTP/1.0" 200 48921
[21/Mar/2025 13:44:57] "GET /lesson HTTP/1.0" 301 0
[21/Mar/2025 13:44:57] "GET /lesson/ HTTP/1.0" 200 48921
[21/Mar/2025 13:44:58] "POST /accounts/accounts/logout/ HTTP/1.0" 302 0
[21/Mar/2025 13:44:58] "GET /accounts/login/ HTTP/1.0" 200 50139
[21/Mar/2025 13:45:00] "GET / HTTP/1.0" 200 49536
[21/Mar/2025 13:45:57] "GET /accounts/password-reset/ HTTP/1.0" 200 37986
[21/Mar/2025 13:46:10] "GET /accounts/login/ HTTP/1.0" 200 50139
[21/Mar/2025 13:48:01] "GET /accounts/password-reset/ HTTP/1.0" 200 37951
[21/Mar/2025 13:48:04] "GET /accounts/login/ HTTP/1.0" 200 50139
[21/Mar/2025 13:48:10] "GET /courses HTTP/1.0" 301 0
[21/Mar/2025 13:48:10] "GET /courses/ HTTP/1.0" 200 47133
[21/Mar/2025 13:48:12] "GET /accounts/password-reset/ HTTP/1.0" 200 37951
[21/Mar/2025 13:48:18] "GET /courses/course HTTP/1.0" 301 0
Not Found: /courses/course/
[21/Mar/2025 13:48:18] "GET /courses/course/ HTTP/1.0" 404 6737
[21/Mar/2025 13:48:19] "GET /favicon.ico/ HTTP/1.0" 200 48921
[21/Mar/2025 13:48:20] "GET /courses/add HTTP/1.0" 301 0
Not Found: /courses/add/
[21/Mar/2025 13:48:20] "GET /courses/add/ HTTP/1.0" 404 6728
[21/Mar/2025 13:48:21] "GET /favicon.ico/ HTTP/1.0" 200 48921
[21/Mar/2025 13:48:24] "POST /accounts/password-reset/ HTTP/1.0" 302 0
[21/Mar/2025 13:48:24] "GET /accounts/password-reset/done/ HTTP/1.0" 200 37402
[21/Mar/2025 13:48:27] "GET /courses/ HTTP/1.0" 200 47133
[21/Mar/2025 13:48:31] "POST /accounts/accounts/logout/ HTTP/1.0" 302 0
[21/Mar/2025 13:48:31] "GET /accounts/login/ HTTP/1.0" 200 50139
[21/Mar/2025 13:48:37] "GET /courses/ HTTP/1.0" 200 46657
[21/Mar/2025 13:48:43] "GET /courses/basic_rangoli/ HTTP/1.0" 200 53152
[21/Mar/2025 13:48:50] "GET /lessons/1/ HTTP/1.0" 200 39605
[21/Mar/2025 13:49:11] "GET /courses/basic_rangoli/ HTTP/1.0" 200 53152
/var/www/kalakar/src/courses/views.py changed, reloading.
Performing system checks...

System check identified no issues (0 silenced).
March 21, 2025 - 13:14:59
Django version 5.1.4, using settings 'root.settings'
Starting development server at http://0.0.0.0:8000/
Quit the server with CONTROL-C.

Watching for file changes with StatReloader
Exception in thread django-main-thread:
Traceback (most recent call last):
  File "/usr/lib/python3.12/threading.py", line 1073, in _bootstrap_inner
    self.run()
  File "/usr/lib/python3.12/threading.py", line 1010, in run
    self._target(*self._args, **self._kwargs)
  File "/var/www/kalakar/venv/lib/python3.12/site-packages/django/utils/autoreload.py", line 64, in wrapper
    fn(*args, **kwargs)
  File "/var/www/kalakar/venv/lib/python3.12/site-packages/django/core/management/commands/runserver.py", line 134, in inner_run
    self.check(display_num_errors=True)
  File "/var/www/kalakar/venv/lib/python3.12/site-packages/django/core/management/base.py", line 486, in check
    all_issues = checks.run_checks(
                 ^^^^^^^^^^^^^^^^^^
  File "/var/www/kalakar/venv/lib/python3.12/site-packages/django/core/checks/registry.py", line 88, in run_checks
    new_errors = check(app_configs=app_configs, databases=databases)
                 ^^^^^^^^^^^^^^^^^^^^^^^^^^^^^^^^^^^^^^^^^^^^^^^^^^^
  File "/var/www/kalakar/venv/lib/python3.12/site-packages/django/core/checks/urls.py", line 136, in check_custom_error_handlers
    handler = resolver.resolve_error_handler(status_code)
              ^^^^^^^^^^^^^^^^^^^^^^^^^^^^^^^^^^^^^^^^^^^
  File "/var/www/kalakar/venv/lib/python3.12/site-packages/django/urls/resolvers.py", line 732, in resolve_error_handler
    callback = getattr(self.urlconf_module, "handler%s" % view_type, None)
                       ^^^^^^^^^^^^^^^^^^^
  File "/var/www/kalakar/venv/lib/python3.12/site-packages/django/utils/functional.py", line 47, in __get__
    res = instance.__dict__[self.name] = self.func(instance)
                                         ^^^^^^^^^^^^^^^^^^^
  File "/var/www/kalakar/venv/lib/python3.12/site-packages/django/urls/resolvers.py", line 711, in urlconf_module
    return import_module(self.urlconf_name)
           ^^^^^^^^^^^^^^^^^^^^^^^^^^^^^^^^
  File "/usr/lib/python3.12/importlib/__init__.py", line 90, in import_module
    return _bootstrap._gcd_import(name[level:], package, level)
           ^^^^^^^^^^^^^^^^^^^^^^^^^^^^^^^^^^^^^^^^^^^^^^^^^^^^
  File "<frozen importlib._bootstrap>", line 1387, in _gcd_import
  File "<frozen importlib._bootstrap>", line 1360, in _find_and_load
  File "<frozen importlib._bootstrap>", line 1331, in _find_and_load_unlocked
  File "<frozen importlib._bootstrap>", line 935, in _load_unlocked
  File "<frozen importlib._bootstrap_external>", line 995, in exec_module
  File "<frozen importlib._bootstrap>", line 488, in _call_with_frames_removed
  File "/var/www/kalakar/src/root/urls.py", line 25, in <module>
    path("courses/", include("courses.urls")),
                     ^^^^^^^^^^^^^^^^^^^^^^^
  File "/var/www/kalakar/venv/lib/python3.12/site-packages/django/urls/conf.py", line 39, in include
    urlconf_module = import_module(urlconf_module)
                     ^^^^^^^^^^^^^^^^^^^^^^^^^^^^^
  File "/usr/lib/python3.12/importlib/__init__.py", line 90, in import_module
    return _bootstrap._gcd_import(name[level:], package, level)
           ^^^^^^^^^^^^^^^^^^^^^^^^^^^^^^^^^^^^^^^^^^^^^^^^^^^^
  File "<frozen importlib._bootstrap>", line 1387, in _gcd_import
  File "<frozen importlib._bootstrap>", line 1360, in _find_and_load
  File "<frozen importlib._bootstrap>", line 1331, in _find_and_load_unlocked
  File "<frozen importlib._bootstrap>", line 935, in _load_unlocked
  File "<frozen importlib._bootstrap_external>", line 995, in exec_module
  File "<frozen importlib._bootstrap>", line 488, in _call_with_frames_removed
  File "/var/www/kalakar/src/courses/urls.py", line 14, in <module>
    path("", views.CourseListView.as_view(), name="courses"),
             ^^^^^^^^^^^^^^^^^^^^^^^^^^^^
AttributeError: 'function' object has no attribute 'as_view'
/var/www/kalakar/src/courses/views.py changed, reloading.
Performing system checks...

Watching for file changes with StatReloader
Exception in thread django-main-thread:
Traceback (most recent call last):
  File "/usr/lib/python3.12/threading.py", line 1073, in _bootstrap_inner
    self.run()
  File "/usr/lib/python3.12/threading.py", line 1010, in run
    self._target(*self._args, **self._kwargs)
  File "/var/www/kalakar/venv/lib/python3.12/site-packages/django/utils/autoreload.py", line 64, in wrapper
    fn(*args, **kwargs)
  File "/var/www/kalakar/venv/lib/python3.12/site-packages/django/core/management/commands/runserver.py", line 134, in inner_run
    self.check(display_num_errors=True)
  File "/var/www/kalakar/venv/lib/python3.12/site-packages/django/core/management/base.py", line 486, in check
    all_issues = checks.run_checks(
                 ^^^^^^^^^^^^^^^^^^
  File "/var/www/kalakar/venv/lib/python3.12/site-packages/django/core/checks/registry.py", line 88, in run_checks
    new_errors = check(app_configs=app_configs, databases=databases)
                 ^^^^^^^^^^^^^^^^^^^^^^^^^^^^^^^^^^^^^^^^^^^^^^^^^^^
  File "/var/www/kalakar/venv/lib/python3.12/site-packages/django/core/checks/urls.py", line 136, in check_custom_error_handlers
    handler = resolver.resolve_error_handler(status_code)
              ^^^^^^^^^^^^^^^^^^^^^^^^^^^^^^^^^^^^^^^^^^^
  File "/var/www/kalakar/venv/lib/python3.12/site-packages/django/urls/resolvers.py", line 732, in resolve_error_handler
    callback = getattr(self.urlconf_module, "handler%s" % view_type, None)
                       ^^^^^^^^^^^^^^^^^^^
  File "/var/www/kalakar/venv/lib/python3.12/site-packages/django/utils/functional.py", line 47, in __get__
    res = instance.__dict__[self.name] = self.func(instance)
                                         ^^^^^^^^^^^^^^^^^^^
  File "/var/www/kalakar/venv/lib/python3.12/site-packages/django/urls/resolvers.py", line 711, in urlconf_module
    return import_module(self.urlconf_name)
           ^^^^^^^^^^^^^^^^^^^^^^^^^^^^^^^^
  File "/usr/lib/python3.12/importlib/__init__.py", line 90, in import_module
    return _bootstrap._gcd_import(name[level:], package, level)
           ^^^^^^^^^^^^^^^^^^^^^^^^^^^^^^^^^^^^^^^^^^^^^^^^^^^^
  File "<frozen importlib._bootstrap>", line 1387, in _gcd_import
  File "<frozen importlib._bootstrap>", line 1360, in _find_and_load
  File "<frozen importlib._bootstrap>", line 1331, in _find_and_load_unlocked
  File "<frozen importlib._bootstrap>", line 935, in _load_unlocked
  File "<frozen importlib._bootstrap_external>", line 995, in exec_module
  File "<frozen importlib._bootstrap>", line 488, in _call_with_frames_removed
  File "/var/www/kalakar/src/root/urls.py", line 25, in <module>
    path("courses/", include("courses.urls")),
                     ^^^^^^^^^^^^^^^^^^^^^^^
  File "/var/www/kalakar/venv/lib/python3.12/site-packages/django/urls/conf.py", line 39, in include
    urlconf_module = import_module(urlconf_module)
                     ^^^^^^^^^^^^^^^^^^^^^^^^^^^^^
  File "/usr/lib/python3.12/importlib/__init__.py", line 90, in import_module
    return _bootstrap._gcd_import(name[level:], package, level)
           ^^^^^^^^^^^^^^^^^^^^^^^^^^^^^^^^^^^^^^^^^^^^^^^^^^^^
  File "<frozen importlib._bootstrap>", line 1387, in _gcd_import
  File "<frozen importlib._bootstrap>", line 1360, in _find_and_load
  File "<frozen importlib._bootstrap>", line 1331, in _find_and_load_unlocked
  File "<frozen importlib._bootstrap>", line 935, in _load_unlocked
  File "<frozen importlib._bootstrap_external>", line 995, in exec_module
  File "<frozen importlib._bootstrap>", line 488, in _call_with_frames_removed
  File "/var/www/kalakar/src/courses/urls.py", line 58, in <module>
    path("<slug:slug>/", views.CourseDetailView.as_view(), name="courses"),
                         ^^^^^^^^^^^^^^^^^^^^^^^^^^^^^^
AttributeError: 'function' object has no attribute 'as_view'
/var/www/kalakar/src/courses/views.py changed, reloading.
Performing system checks...

Watching for file changes with StatReloader
[21/Mar/2025 13:54:45] "GET /accounts/dashboard/ HTTP/1.0" 302 0
[21/Mar/2025 13:54:45] "GET /accounts/login/?next=/accounts/dashboard/ HTTP/1.0" 200 50159
[21/Mar/2025 13:57:12] "POST /payment/callback/ HTTP/1.0" 200 54
/var/www/kalakar/src/lessons/views.py changed, reloading.
Performing system checks...

System check identified no issues (0 silenced).
March 21, 2025 - 13:54:42
Django version 5.1.4, using settings 'root.settings'
Starting development server at http://0.0.0.0:8000/
Quit the server with CONTROL-C.

Watching for file changes with StatReloader
[21/Mar/2025 13:57:22] "GET /accounts/login/?next=/accounts/dashboard/ HTTP/1.0" 200 50159
[21/Mar/2025 13:57:46] "POST /accounts/login/ HTTP/1.0" 302 0
[21/Mar/2025 13:57:46] "GET /accounts/dashboard/ HTTP/1.0" 200 40317
[21/Mar/2025 13:57:50] "GET /courses/ HTTP/1.0" 200 47133
[21/Mar/2025 13:57:55] "GET /courses/basic_rangoli/ HTTP/1.0" 200 53628
[21/Mar/2025 13:57:58] "GET /lessons/1/ HTTP/1.0" 200 39605
/var/www/kalakar/src/lessons/views.py changed, reloading.
Performing system checks...

System check identified no issues (0 silenced).
March 21, 2025 - 13:57:17
Django version 5.1.4, using settings 'root.settings'
Starting development server at http://0.0.0.0:8000/
Quit the server with CONTROL-C.

Watching for file changes with StatReloader
[21/Mar/2025 13:59:16] "GET /lessons/1/ HTTP/1.0" 200 39605
/var/www/kalakar/src/courses/views.py changed, reloading.
Performing system checks...

System check identified no issues (0 silenced).
March 21, 2025 - 13:59:00
Django version 5.1.4, using settings 'root.settings'
Starting development server at http://0.0.0.0:8000/
Quit the server with CONTROL-C.

Watching for file changes with StatReloader
[21/Mar/2025 14:01:21] "POST /payment/callback/ HTTP/1.0" 200 54
/var/www/kalakar/src/courses/urls.py changed, reloading.
Performing system checks...

System check identified no issues (0 silenced).
March 21, 2025 - 14:01:09
Django version 5.1.4, using settings 'root.settings'
Starting development server at http://0.0.0.0:8000/
Quit the server with CONTROL-C.

Watching for file changes with StatReloader
/var/www/kalakar/src/courses/views.py changed, reloading.
Performing system checks...

System check identified no issues (0 silenced).
March 21, 2025 - 14:01:45
Django version 5.1.4, using settings 'root.settings'
Starting development server at http://0.0.0.0:8000/
Quit the server with CONTROL-C.

Watching for file changes with StatReloader
Exception in thread django-main-thread:
Traceback (most recent call last):
  File "/usr/lib/python3.12/threading.py", line 1073, in _bootstrap_inner
    self.run()
  File "/usr/lib/python3.12/threading.py", line 1010, in run
    self._target(*self._args, **self._kwargs)
  File "/var/www/kalakar/venv/lib/python3.12/site-packages/django/utils/autoreload.py", line 64, in wrapper
    fn(*args, **kwargs)
  File "/var/www/kalakar/venv/lib/python3.12/site-packages/django/core/management/commands/runserver.py", line 134, in inner_run
    self.check(display_num_errors=True)
  File "/var/www/kalakar/venv/lib/python3.12/site-packages/django/core/management/base.py", line 486, in check
    all_issues = checks.run_checks(
                 ^^^^^^^^^^^^^^^^^^
  File "/var/www/kalakar/venv/lib/python3.12/site-packages/django/core/checks/registry.py", line 88, in run_checks
    new_errors = check(app_configs=app_configs, databases=databases)
                 ^^^^^^^^^^^^^^^^^^^^^^^^^^^^^^^^^^^^^^^^^^^^^^^^^^^
  File "/var/www/kalakar/venv/lib/python3.12/site-packages/django/core/checks/urls.py", line 44, in check_url_namespaces_unique
    all_namespaces = _load_all_namespaces(resolver)
                     ^^^^^^^^^^^^^^^^^^^^^^^^^^^^^^
  File "/var/www/kalakar/venv/lib/python3.12/site-packages/django/core/checks/urls.py", line 63, in _load_all_namespaces
    url_patterns = getattr(resolver, "url_patterns", [])
                   ^^^^^^^^^^^^^^^^^^^^^^^^^^^^^^^^^^^^^
  File "/var/www/kalakar/venv/lib/python3.12/site-packages/django/utils/functional.py", line 47, in __get__
    res = instance.__dict__[self.name] = self.func(instance)
                                         ^^^^^^^^^^^^^^^^^^^
  File "/var/www/kalakar/venv/lib/python3.12/site-packages/django/urls/resolvers.py", line 718, in url_patterns
    patterns = getattr(self.urlconf_module, "urlpatterns", self.urlconf_module)
                       ^^^^^^^^^^^^^^^^^^^
  File "/var/www/kalakar/venv/lib/python3.12/site-packages/django/utils/functional.py", line 47, in __get__
    res = instance.__dict__[self.name] = self.func(instance)
                                         ^^^^^^^^^^^^^^^^^^^
  File "/var/www/kalakar/venv/lib/python3.12/site-packages/django/urls/resolvers.py", line 711, in urlconf_module
    return import_module(self.urlconf_name)
           ^^^^^^^^^^^^^^^^^^^^^^^^^^^^^^^^
  File "/usr/lib/python3.12/importlib/__init__.py", line 90, in import_module
    return _bootstrap._gcd_import(name[level:], package, level)
           ^^^^^^^^^^^^^^^^^^^^^^^^^^^^^^^^^^^^^^^^^^^^^^^^^^^^
  File "<frozen importlib._bootstrap>", line 1387, in _gcd_import
  File "<frozen importlib._bootstrap>", line 1360, in _find_and_load
  File "<frozen importlib._bootstrap>", line 1331, in _find_and_load_unlocked
  File "<frozen importlib._bootstrap>", line 935, in _load_unlocked
  File "<frozen importlib._bootstrap_external>", line 995, in exec_module
  File "<frozen importlib._bootstrap>", line 488, in _call_with_frames_removed
  File "/var/www/kalakar/src/root/urls.py", line 25, in <module>
    path("courses/", include("courses.urls")),
                     ^^^^^^^^^^^^^^^^^^^^^^^
  File "/var/www/kalakar/venv/lib/python3.12/site-packages/django/urls/conf.py", line 39, in include
    urlconf_module = import_module(urlconf_module)
                     ^^^^^^^^^^^^^^^^^^^^^^^^^^^^^
  File "/usr/lib/python3.12/importlib/__init__.py", line 90, in import_module
    return _bootstrap._gcd_import(name[level:], package, level)
           ^^^^^^^^^^^^^^^^^^^^^^^^^^^^^^^^^^^^^^^^^^^^^^^^^^^^
  File "<frozen importlib._bootstrap>", line 1387, in _gcd_import
  File "<frozen importlib._bootstrap>", line 1360, in _find_and_load
  File "<frozen importlib._bootstrap>", line 1331, in _find_and_load_unlocked
  File "<frozen importlib._bootstrap>", line 935, in _load_unlocked
  File "<frozen importlib._bootstrap_external>", line 995, in exec_module
  File "<frozen importlib._bootstrap>", line 488, in _call_with_frames_removed
  File "/var/www/kalakar/src/courses/urls.py", line 11, in <module>
    from courses.views import course_purchase
ImportError: cannot import name 'course_purchase' from 'courses.views' (/var/www/kalakar/src/courses/views.py)
/var/www/kalakar/src/courses/views.py changed, reloading.
Performing system checks...

Watching for file changes with StatReloader
Exception in thread django-main-thread:
Traceback (most recent call last):
  File "/usr/lib/python3.12/threading.py", line 1073, in _bootstrap_inner
    self.run()
  File "/usr/lib/python3.12/threading.py", line 1010, in run
    self._target(*self._args, **self._kwargs)
  File "/var/www/kalakar/venv/lib/python3.12/site-packages/django/utils/autoreload.py", line 64, in wrapper
    fn(*args, **kwargs)
  File "/var/www/kalakar/venv/lib/python3.12/site-packages/django/core/management/commands/runserver.py", line 134, in inner_run
    self.check(display_num_errors=True)
  File "/var/www/kalakar/venv/lib/python3.12/site-packages/django/core/management/base.py", line 486, in check
    all_issues = checks.run_checks(
                 ^^^^^^^^^^^^^^^^^^
  File "/var/www/kalakar/venv/lib/python3.12/site-packages/django/core/checks/registry.py", line 88, in run_checks
    new_errors = check(app_configs=app_configs, databases=databases)
                 ^^^^^^^^^^^^^^^^^^^^^^^^^^^^^^^^^^^^^^^^^^^^^^^^^^^
  File "/var/www/kalakar/venv/lib/python3.12/site-packages/django/core/checks/urls.py", line 44, in check_url_namespaces_unique
    all_namespaces = _load_all_namespaces(resolver)
                     ^^^^^^^^^^^^^^^^^^^^^^^^^^^^^^
  File "/var/www/kalakar/venv/lib/python3.12/site-packages/django/core/checks/urls.py", line 63, in _load_all_namespaces
    url_patterns = getattr(resolver, "url_patterns", [])
                   ^^^^^^^^^^^^^^^^^^^^^^^^^^^^^^^^^^^^^
  File "/var/www/kalakar/venv/lib/python3.12/site-packages/django/utils/functional.py", line 47, in __get__
    res = instance.__dict__[self.name] = self.func(instance)
                                         ^^^^^^^^^^^^^^^^^^^
  File "/var/www/kalakar/venv/lib/python3.12/site-packages/django/urls/resolvers.py", line 718, in url_patterns
    patterns = getattr(self.urlconf_module, "urlpatterns", self.urlconf_module)
                       ^^^^^^^^^^^^^^^^^^^
  File "/var/www/kalakar/venv/lib/python3.12/site-packages/django/utils/functional.py", line 47, in __get__
    res = instance.__dict__[self.name] = self.func(instance)
                                         ^^^^^^^^^^^^^^^^^^^
  File "/var/www/kalakar/venv/lib/python3.12/site-packages/django/urls/resolvers.py", line 711, in urlconf_module
    return import_module(self.urlconf_name)
           ^^^^^^^^^^^^^^^^^^^^^^^^^^^^^^^^
  File "/usr/lib/python3.12/importlib/__init__.py", line 90, in import_module
    return _bootstrap._gcd_import(name[level:], package, level)
           ^^^^^^^^^^^^^^^^^^^^^^^^^^^^^^^^^^^^^^^^^^^^^^^^^^^^
  File "<frozen importlib._bootstrap>", line 1387, in _gcd_import
  File "<frozen importlib._bootstrap>", line 1360, in _find_and_load
  File "<frozen importlib._bootstrap>", line 1331, in _find_and_load_unlocked
  File "<frozen importlib._bootstrap>", line 935, in _load_unlocked
  File "<frozen importlib._bootstrap_external>", line 995, in exec_module
  File "<frozen importlib._bootstrap>", line 488, in _call_with_frames_removed
  File "/var/www/kalakar/src/root/urls.py", line 25, in <module>
    path("courses/", include("courses.urls")),
                     ^^^^^^^^^^^^^^^^^^^^^^^
  File "/var/www/kalakar/venv/lib/python3.12/site-packages/django/urls/conf.py", line 39, in include
    urlconf_module = import_module(urlconf_module)
                     ^^^^^^^^^^^^^^^^^^^^^^^^^^^^^
  File "/usr/lib/python3.12/importlib/__init__.py", line 90, in import_module
    return _bootstrap._gcd_import(name[level:], package, level)
           ^^^^^^^^^^^^^^^^^^^^^^^^^^^^^^^^^^^^^^^^^^^^^^^^^^^^
  File "<frozen importlib._bootstrap>", line 1387, in _gcd_import
  File "<frozen importlib._bootstrap>", line 1360, in _find_and_load
  File "<frozen importlib._bootstrap>", line 1331, in _find_and_load_unlocked
  File "<frozen importlib._bootstrap>", line 935, in _load_unlocked
  File "<frozen importlib._bootstrap_external>", line 995, in exec_module
  File "<frozen importlib._bootstrap>", line 488, in _call_with_frames_removed
  File "/var/www/kalakar/src/courses/urls.py", line 11, in <module>
    from courses.views import course_purchase
ImportError: cannot import name 'course_purchase' from 'courses.views' (/var/www/kalakar/src/courses/views.py)
/var/www/kalakar/src/courses/urls.py changed, reloading.
Performing system checks...

Watching for file changes with StatReloader
[21/Mar/2025 14:02:55] "GET /courses/basic_rangoli/ HTTP/1.0" 200 53628
[21/Mar/2025 14:02:58] "POST /accounts/accounts/logout/ HTTP/1.0" 302 0
[21/Mar/2025 14:02:58] "GET /accounts/login/ HTTP/1.0" 200 50139
[21/Mar/2025 14:03:42] "GET /courses/ HTTP/1.0" 200 47133
[21/Mar/2025 14:03:46] "POST /accounts/accounts/logout/ HTTP/1.0" 302 0
[21/Mar/2025 14:03:46] "GET /accounts/login/ HTTP/1.0" 200 50139
[21/Mar/2025 14:03:50] "GET /courses/ HTTP/1.0" 302 0
Not Found: /courses/accounts/login/
[21/Mar/2025 14:03:50] "GET /courses/accounts/login/?login=/courses/ HTTP/1.0" 404 8544
[21/Mar/2025 14:03:56] "GET /courses HTTP/1.0" 301 0
[21/Mar/2025 14:03:56] "GET /courses/ HTTP/1.0" 302 0
Not Found: /courses/accounts/login/
[21/Mar/2025 14:03:56] "GET /courses/accounts/login/?login=/courses/ HTTP/1.0" 404 8544
[21/Mar/2025 14:04:08] "GET /accounts/dashboard/ HTTP/1.0" 302 0
[21/Mar/2025 14:04:08] "GET /accounts/login/?next=/accounts/dashboard/ HTTP/1.0" 200 50159
[21/Mar/2025 14:05:36] "GET /login HTTP/1.0" 301 0
[21/Mar/2025 14:05:36] "GET /login/ HTTP/1.0" 200 48921
[21/Mar/2025 14:05:56] "GET /asdasd/ HTTP/1.0" 200 48921
[21/Mar/2025 14:06:08] "GET /course/ HTTP/1.0" 200 48921
[21/Mar/2025 14:06:13] "GET /courses/ HTTP/1.0" 302 0
Not Found: /courses/accounts/login/
[21/Mar/2025 14:06:13] "GET /courses/accounts/login/?login=/courses/ HTTP/1.0" 404 8544
[21/Mar/2025 14:06:13] "GET /favicon.ico/ HTTP/1.0" 200 48921
Not Found: /lesson/1
[21/Mar/2025 14:08:11] "GET /lesson/1 HTTP/1.0" 404 4593
[21/Mar/2025 14:08:11] "GET /favicon.ico/ HTTP/1.0" 200 48921
[21/Mar/2025 14:09:00] "GET / HTTP/1.0" 200 49060
[21/Mar/2025 14:09:04] "GET /asfsaf HTTP/1.0" 301 0
[21/Mar/2025 14:09:04] "GET /asfsaf/ HTTP/1.0" 200 48921
[21/Mar/2025 14:09:09] "GET /courses/ HTTP/1.0" 302 0
Not Found: /courses/accounts/login/
[21/Mar/2025 14:09:09] "GET /courses/accounts/login/?login=/courses/ HTTP/1.0" 404 8544
[21/Mar/2025 14:09:09] "GET /favicon.ico/ HTTP/1.0" 200 48921
Not Found: /courses/accounts/login/
[21/Mar/2025 14:09:43] "GET /courses/accounts/login/?login=/courses/ HTTP/1.0" 404 8544
[21/Mar/2025 14:09:43] "GET /favicon.ico/ HTTP/1.0" 200 48921
Not Found: /courses/accounts/login/
[21/Mar/2025 14:09:45] "GET /courses/accounts/login/?login=/courses/ HTTP/1.0" 404 8544
[21/Mar/2025 14:09:45] "GET /favicon.ico/ HTTP/1.0" 200 48921
[21/Mar/2025 14:09:55] "GET /courses/ HTTP/1.0" 302 0
Not Found: /courses/accounts/login/
[21/Mar/2025 14:09:55] "GET /courses/accounts/login/?login=/courses/ HTTP/1.0" 404 8544
[21/Mar/2025 14:09:55] "GET /favicon.ico/ HTTP/1.0" 200 48921
[21/Mar/2025 14:11:06] "GET /accounts/dashboard/ HTTP/1.0" 302 0
[21/Mar/2025 14:11:06] "GET /accounts/login/?next=/accounts/dashboard/ HTTP/1.0" 200 50159
[21/Mar/2025 14:11:36] "GET /accounts/password-reset/ HTTP/1.0" 200 37951
[21/Mar/2025 14:11:43] "POST /accounts/password-reset/ HTTP/1.0" 302 0
[21/Mar/2025 14:11:43] "GET /accounts/password-reset/done/ HTTP/1.0" 200 37402
[21/Mar/2025 14:12:44] "GET /accounts/password-reset/done/ HTTP/1.0" 200 37410
[21/Mar/2025 14:12:48] "GET /accounts/login/?next=/accounts/dashboard/ HTTP/1.0" 200 50159
[21/Mar/2025 14:12:57] "GET /accounts/password-reset/ HTTP/1.0" 200 37951
[21/Mar/2025 14:13:04] "POST /accounts/password-reset/ HTTP/1.0" 302 0
[21/Mar/2025 14:13:04] "GET /accounts/password-reset/done/ HTTP/1.0" 200 37410
[21/Mar/2025 14:13:14] "GET /accounts/password-reset/OA/cn0q3h-d0359ebaf2d83f19ac1ec4ebb3b8d12a/ HTTP/1.0" 302 0
[21/Mar/2025 14:13:14] "GET /accounts/password-reset/OA/set-password/ HTTP/1.0" 200 38655
[21/Mar/2025 14:13:36] "POST /accounts/password-reset/OA/set-password/ HTTP/1.0" 302 0
[21/Mar/2025 14:13:36] "GET /accounts/reset_complete/done/ HTTP/1.0" 200 37478
[21/Mar/2025 14:13:39] "GET /accounts/login/ HTTP/1.0" 200 50139
[21/Mar/2025 14:13:50] "POST /accounts/login/ HTTP/1.0" 302 0
[21/Mar/2025 14:13:50] "GET /accounts/dashboard/ HTTP/1.0" 200 40317
[21/Mar/2025 14:14:47] "POST /payment/callback/ HTTP/1.0" 200 54
[21/Mar/2025 14:15:00] "GET /courses/ HTTP/1.0" 200 47133
Invalid HTTP_HOST header: 'www.kalagurubyirarangoliarts.com'. You may need to add 'www.kalagurubyirarangoliarts.com' to ALLOWED_HOSTS.
Traceback (most recent call last):
  File "/var/www/kalakar/venv/lib/python3.12/site-packages/django/core/handlers/exception.py", line 55, in inner
    response = get_response(request)
               ^^^^^^^^^^^^^^^^^^^^^
  File "/var/www/kalakar/venv/lib/python3.12/site-packages/django/utils/deprecation.py", line 128, in __call__
    response = self.process_request(request)
               ^^^^^^^^^^^^^^^^^^^^^^^^^^^^^
  File "/var/www/kalakar/venv/lib/python3.12/site-packages/django/middleware/common.py", line 48, in process_request
    host = request.get_host()
           ^^^^^^^^^^^^^^^^^^
  File "/var/www/kalakar/venv/lib/python3.12/site-packages/django/http/request.py", line 151, in get_host
    raise DisallowedHost(msg)
django.core.exceptions.DisallowedHost: Invalid HTTP_HOST header: 'www.kalagurubyirarangoliarts.com'. You may need to add 'www.kalagurubyirarangoliarts.com' to ALLOWED_HOSTS.
Bad Request: /
[21/Mar/2025 14:15:58] "GET / HTTP/1.0" 400 65874
[21/Mar/2025 14:16:45] "GET /courses/ HTTP/1.0" 200 47139
[21/Mar/2025 14:17:05] "GET /courses/basic_rangoli/ HTTP/1.0" 200 53628
[21/Mar/2025 14:17:15] "GET /courses/ HTTP/1.0" 200 47139
[21/Mar/2025 14:17:18] "GET /courses/basic_rangoli/ HTTP/1.0" 200 53628
[21/Mar/2025 14:17:26] "GET /lessons/1/ HTTP/1.0" 200 39605
[21/Mar/2025 14:17:39] "POST /payment/callback/ HTTP/1.0" 200 54
[21/Mar/2025 14:20:01] "GET /lessons/1/ HTTP/1.0" 200 35936
[21/Mar/2025 14:20:22] "GET /lessons/1/ HTTP/1.0" 200 35941
[21/Mar/2025 14:20:28] "POST /payment/callback/ HTTP/1.0" 200 54
[21/Mar/2025 14:21:35] "GET /lessons/1/ HTTP/1.0" 200 35934
[21/Mar/2025 14:23:26] "POST /payment/callback/ HTTP/1.0" 200 54
[21/Mar/2025 14:43:18] "POST /payment/callback/ HTTP/1.0" 200 54
[21/Mar/2025 14:46:33] "POST /payment/callback/ HTTP/1.0" 200 54
[21/Mar/2025 14:49:08] "POST /payment/callback/ HTTP/1.0" 200 54
[21/Mar/2025 14:52:13] "POST /payment/callback/ HTTP/1.0" 200 54
[21/Mar/2025 14:55:15] "POST /payment/callback/ HTTP/1.0" 200 54
[21/Mar/2025 14:58:02] "POST /payment/callback/ HTTP/1.0" 200 54
[21/Mar/2025 15:00:45] "POST /payment/callback/ HTTP/1.0" 200 54
[21/Mar/2025 15:03:55] "POST /payment/callback/ HTTP/1.0" 200 54
[21/Mar/2025 15:14:07] "POST /payment/callback/ HTTP/1.0" 200 54
Invalid HTTP_HOST header: 'www.kalagurubyirarangoliarts.com'. You may need to add 'www.kalagurubyirarangoliarts.com' to ALLOWED_HOSTS.
Traceback (most recent call last):
  File "/var/www/kalakar/venv/lib/python3.12/site-packages/django/core/handlers/exception.py", line 55, in inner
    response = get_response(request)
               ^^^^^^^^^^^^^^^^^^^^^
  File "/var/www/kalakar/venv/lib/python3.12/site-packages/django/utils/deprecation.py", line 128, in __call__
    response = self.process_request(request)
               ^^^^^^^^^^^^^^^^^^^^^^^^^^^^^
  File "/var/www/kalakar/venv/lib/python3.12/site-packages/django/middleware/common.py", line 48, in process_request
    host = request.get_host()
           ^^^^^^^^^^^^^^^^^^
  File "/var/www/kalakar/venv/lib/python3.12/site-packages/django/http/request.py", line 151, in get_host
    raise DisallowedHost(msg)
django.core.exceptions.DisallowedHost: Invalid HTTP_HOST header: 'www.kalagurubyirarangoliarts.com'. You may need to add 'www.kalagurubyirarangoliarts.com' to ALLOWED_HOSTS.
Bad Request: /
[21/Mar/2025 15:14:18] "GET / HTTP/1.0" 400 65996
[21/Mar/2025 15:18:22] "POST /payment/callback/ HTTP/1.0" 200 54
[21/Mar/2025 15:21:23] "POST /payment/callback/ HTTP/1.0" 200 54
Invalid HTTP_HOST header: 'mellstroybet.at'. You may need to add 'mellstroybet.at' to ALLOWED_HOSTS.
Traceback (most recent call last):
  File "/var/www/kalakar/venv/lib/python3.12/site-packages/django/core/handlers/exception.py", line 55, in inner
    response = get_response(request)
               ^^^^^^^^^^^^^^^^^^^^^
  File "/var/www/kalakar/venv/lib/python3.12/site-packages/django/utils/deprecation.py", line 128, in __call__
    response = self.process_request(request)
               ^^^^^^^^^^^^^^^^^^^^^^^^^^^^^
  File "/var/www/kalakar/venv/lib/python3.12/site-packages/django/middleware/common.py", line 48, in process_request
    host = request.get_host()
           ^^^^^^^^^^^^^^^^^^
  File "/var/www/kalakar/venv/lib/python3.12/site-packages/django/http/request.py", line 151, in get_host
    raise DisallowedHost(msg)
django.core.exceptions.DisallowedHost: Invalid HTTP_HOST header: 'mellstroybet.at'. You may need to add 'mellstroybet.at' to ALLOWED_HOSTS.
Bad Request: /support
[21/Mar/2025 15:22:11] "GET /support HTTP/1.0" 400 65967
[21/Mar/2025 15:30:59] "POST /payment/callback/ HTTP/1.0" 200 54
[21/Mar/2025 15:34:08] "POST /payment/callback/ HTTP/1.0" 200 54
[21/Mar/2025 15:36:27] "GET / HTTP/1.0" 200 49060
[21/Mar/2025 15:36:37] "GET / HTTP/1.0" 200 49060
[21/Mar/2025 15:37:18] "POST /payment/callback/ HTTP/1.0" 200 54
[21/Mar/2025 15:40:29] "POST /payment/callback/ HTTP/1.0" 200 54
[21/Mar/2025 15:43:38] "POST /payment/callback/ HTTP/1.0" 200 54
[21/Mar/2025 15:46:37] "POST /payment/callback/ HTTP/1.0" 200 54
[21/Mar/2025 15:49:43] "POST /payment/callback/ HTTP/1.0" 200 54
Not Found: /.well-known/traffic-advice
[21/Mar/2025 15:49:53] "GET /.well-known/traffic-advice HTTP/1.0" 404 4647
[21/Mar/2025 15:49:53] "GET / HTTP/1.0" 200 49060
[21/Mar/2025 15:51:48] "GET / HTTP/1.0" 200 49060
[21/Mar/2025 15:57:01] "POST /payment/callback/ HTTP/1.0" 200 54
Not Found: /.git/config
[21/Mar/2025 16:00:08] "GET /.git/config HTTP/1.0" 404 4602
[21/Mar/2025 16:00:41] "POST /payment/callback/ HTTP/1.0" 200 54
Not Found: /wordpress/wp-admin/setup-config.php
[21/Mar/2025 16:03:06] "GET /wordpress/wp-admin/setup-config.php HTTP/1.0" 404 4674
Not Found: /wp-admin/setup-config.php
[21/Mar/2025 16:05:06] "GET /wp-admin/setup-config.php HTTP/1.0" 404 4644
Not Found: /wp-admin/setup-config.php
[21/Mar/2025 16:06:25] "GET /wp-admin/setup-config.php HTTP/1.0" 404 4644
[21/Mar/2025 16:10:25] "POST /payment/callback/ HTTP/1.0" 200 54
[21/Mar/2025 16:14:38] "POST /payment/callback/ HTTP/1.0" 200 54
[21/Mar/2025 16:17:10] "POST /payment/callback/ HTTP/1.0" 200 54
[21/Mar/2025 16:19:40] "POST /payment/callback/ HTTP/1.0" 200 54
[21/Mar/2025 16:21:53] "GET / HTTP/1.0" 200 49060
[21/Mar/2025 16:22:07] "POST /payment/callback/ HTTP/1.0" 200 54
[21/Mar/2025 16:22:11] "GET /accounts/login/ HTTP/1.0" 200 50139
[21/Mar/2025 16:22:28] "GET /index/ HTTP/1.0" 200 49060
[21/Mar/2025 16:23:55] "GET /coupon/coupon/ HTTP/1.0" 200 40307
[21/Mar/2025 16:23:57] "GET /coupon/check-coupon/?coupon_code= HTTP/1.0" 200 94
[21/Mar/2025 16:24:57] "POST /payment/callback/ HTTP/1.0" 200 54
[21/Mar/2025 16:27:58] "POST /payment/callback/ HTTP/1.0" 200 54
[21/Mar/2025 16:33:05] "POST /payment/callback/ HTTP/1.0" 200 54
[21/Mar/2025 16:36:07] "POST /payment/callback/ HTTP/1.0" 200 54
[21/Mar/2025 16:39:06] "POST /payment/callback/ HTTP/1.0" 200 54
[21/Mar/2025 16:41:58] "POST /payment/callback/ HTTP/1.0" 200 54
[21/Mar/2025 16:53:19] "POST /payment/callback/ HTTP/1.0" 200 54
[21/Mar/2025 16:56:44] "POST /payment/callback/ HTTP/1.0" 200 54
Not Found: /.git/config
[21/Mar/2025 16:56:56] "GET /.git/config HTTP/1.0" 404 4587
[21/Mar/2025 16:59:29] "POST /payment/callback/ HTTP/1.0" 200 54
[21/Mar/2025 17:02:26] "POST /payment/callback/ HTTP/1.0" 200 54
[21/Mar/2025 17:05:38] "POST /payment/callback/ HTTP/1.0" 200 54
Invalid HTTP_HOST header: 'www.kalagurubyirarangoliarts.com'. You may need to add 'www.kalagurubyirarangoliarts.com' to ALLOWED_HOSTS.
Traceback (most recent call last):
  File "/var/www/kalakar/venv/lib/python3.12/site-packages/django/core/handlers/exception.py", line 55, in inner
    response = get_response(request)
               ^^^^^^^^^^^^^^^^^^^^^
  File "/var/www/kalakar/venv/lib/python3.12/site-packages/django/utils/deprecation.py", line 128, in __call__
    response = self.process_request(request)
               ^^^^^^^^^^^^^^^^^^^^^^^^^^^^^
  File "/var/www/kalakar/venv/lib/python3.12/site-packages/django/middleware/common.py", line 48, in process_request
    host = request.get_host()
           ^^^^^^^^^^^^^^^^^^
  File "/var/www/kalakar/venv/lib/python3.12/site-packages/django/http/request.py", line 151, in get_host
    raise DisallowedHost(msg)
django.core.exceptions.DisallowedHost: Invalid HTTP_HOST header: 'www.kalagurubyirarangoliarts.com'. You may need to add 'www.kalagurubyirarangoliarts.com' to ALLOWED_HOSTS.
Bad Request: /
[21/Mar/2025 17:07:23] "GET / HTTP/1.0" 400 67099
Invalid HTTP_HOST header: 'www.kalagurubyirarangoliarts.com'. You may need to add 'www.kalagurubyirarangoliarts.com' to ALLOWED_HOSTS.
Traceback (most recent call last):
  File "/var/www/kalakar/venv/lib/python3.12/site-packages/django/core/handlers/exception.py", line 55, in inner
    response = get_response(request)
               ^^^^^^^^^^^^^^^^^^^^^
  File "/var/www/kalakar/venv/lib/python3.12/site-packages/django/utils/deprecation.py", line 128, in __call__
    response = self.process_request(request)
               ^^^^^^^^^^^^^^^^^^^^^^^^^^^^^
  File "/var/www/kalakar/venv/lib/python3.12/site-packages/django/middleware/common.py", line 48, in process_request
    host = request.get_host()
           ^^^^^^^^^^^^^^^^^^
  File "/var/www/kalakar/venv/lib/python3.12/site-packages/django/http/request.py", line 151, in get_host
    raise DisallowedHost(msg)
django.core.exceptions.DisallowedHost: Invalid HTTP_HOST header: 'www.kalagurubyirarangoliarts.com'. You may need to add 'www.kalagurubyirarangoliarts.com' to ALLOWED_HOSTS.
Invalid HTTP_HOST header: 'www.kalagurubyirarangoliarts.com'. You may need to add 'www.kalagurubyirarangoliarts.com' to ALLOWED_HOSTS.
Traceback (most recent call last):
  File "/var/www/kalakar/venv/lib/python3.12/site-packages/django/core/handlers/exception.py", line 55, in inner
    response = get_response(request)
               ^^^^^^^^^^^^^^^^^^^^^
  File "/var/www/kalakar/venv/lib/python3.12/site-packages/django/utils/deprecation.py", line 128, in __call__
    response = self.process_request(request)
               ^^^^^^^^^^^^^^^^^^^^^^^^^^^^^
  File "/var/www/kalakar/venv/lib/python3.12/site-packages/django/middleware/common.py", line 48, in process_request
    host = request.get_host()
           ^^^^^^^^^^^^^^^^^^
  File "/var/www/kalakar/venv/lib/python3.12/site-packages/django/http/request.py", line 151, in get_host
    raise DisallowedHost(msg)
django.core.exceptions.DisallowedHost: Invalid HTTP_HOST header: 'www.kalagurubyirarangoliarts.com'. You may need to add 'www.kalagurubyirarangoliarts.com' to ALLOWED_HOSTS.
Bad Request: /
[21/Mar/2025 17:07:25] "GET / HTTP/1.0" 400 66913
Bad Request: /
[21/Mar/2025 17:07:25] "GET / HTTP/1.0" 400 66913
Invalid HTTP_HOST header: 'www.kalagurubyirarangoliarts.com'. You may need to add 'www.kalagurubyirarangoliarts.com' to ALLOWED_HOSTS.
Traceback (most recent call last):
  File "/var/www/kalakar/venv/lib/python3.12/site-packages/django/core/handlers/exception.py", line 55, in inner
    response = get_response(request)
               ^^^^^^^^^^^^^^^^^^^^^
  File "/var/www/kalakar/venv/lib/python3.12/site-packages/django/utils/deprecation.py", line 128, in __call__
    response = self.process_request(request)
               ^^^^^^^^^^^^^^^^^^^^^^^^^^^^^
  File "/var/www/kalakar/venv/lib/python3.12/site-packages/django/middleware/common.py", line 48, in process_request
    host = request.get_host()
           ^^^^^^^^^^^^^^^^^^
  File "/var/www/kalakar/venv/lib/python3.12/site-packages/django/http/request.py", line 151, in get_host
    raise DisallowedHost(msg)
django.core.exceptions.DisallowedHost: Invalid HTTP_HOST header: 'www.kalagurubyirarangoliarts.com'. You may need to add 'www.kalagurubyirarangoliarts.com' to ALLOWED_HOSTS.
Bad Request: /
[21/Mar/2025 17:07:25] "GET / HTTP/1.0" 400 66913
Invalid HTTP_HOST header: 'www.kalagurubyirarangoliarts.com'. You may need to add 'www.kalagurubyirarangoliarts.com' to ALLOWED_HOSTS.
Traceback (most recent call last):
  File "/var/www/kalakar/venv/lib/python3.12/site-packages/django/core/handlers/exception.py", line 55, in inner
    response = get_response(request)
               ^^^^^^^^^^^^^^^^^^^^^
  File "/var/www/kalakar/venv/lib/python3.12/site-packages/django/utils/deprecation.py", line 128, in __call__
    response = self.process_request(request)
               ^^^^^^^^^^^^^^^^^^^^^^^^^^^^^
  File "/var/www/kalakar/venv/lib/python3.12/site-packages/django/middleware/common.py", line 48, in process_request
    host = request.get_host()
           ^^^^^^^^^^^^^^^^^^
  File "/var/www/kalakar/venv/lib/python3.12/site-packages/django/http/request.py", line 151, in get_host
    raise DisallowedHost(msg)
django.core.exceptions.DisallowedHost: Invalid HTTP_HOST header: 'www.kalagurubyirarangoliarts.com'. You may need to add 'www.kalagurubyirarangoliarts.com' to ALLOWED_HOSTS.
Bad Request: /
[21/Mar/2025 17:07:26] "GET / HTTP/1.0" 400 66913
Performing system checks...

System check identified no issues (0 silenced).
March 21, 2025 - 14:02:51
Django version 5.1.4, using settings 'root.settings'
Starting development server at http://0.0.0.0:8000/
Quit the server with CONTROL-C.

